iso3,country,year,gdp_per_capita_usd,electricity_per_capita_kwh
ABW,Aruba,2000,20681.0,8786.6
ABW,Aruba,2001,20740.1,8968.1
ABW,Aruba,2002,21307.2,8972.2
ABW,Aruba,2003,21949.5,9098.4
ABW,Aruba,2004,23700.6,9332.5
ABW,Aruba,2005,24171.8,9656.3
ABW,Aruba,2006,24845.7,9538.5
ABW,Aruba,2007,26736.3,9730.4
ABW,Aruba,2008,28171.9,9303.3
ABW,Aruba,2009,25134.8,9592.1
ABW,Aruba,2010,24093.1,9388.1
ABW,Aruba,2011,25712.4,9208.4
ABW,Aruba,2012,25119.7,9039.6
ABW,Aruba,2013,25813.6,9164.5
ABW,Aruba,2014,26129.8,9092.6
ABW,Aruba,2015,27458.2,9309.0
ABW,Aruba,2016,27441.6,8953.3
ABW,Aruba,2017,28440.0,9173.7
ABW,Aruba,2018,30082.2,9112.5
ABW,Aruba,2019,30654.5,9244.6
ABW,Aruba,2020,22664.4,9216.9
ABW,Aruba,2021,26827.3,9296.7
ABW,Aruba,2022,31000.6,9277.1
ABW,Aruba,2023,34897.6,9263.9
AFG,Afghanistan,2000,174.9,28.3
AFG,Afghanistan,2001,138.7,38.5
AFG,Afghanistan,2002,179.0,37.9
AFG,Afghanistan,2003,198.9,44.4
AFG,Afghanistan,2004,221.8,37.8
AFG,Afghanistan,2005,254.2,37.7
AFG,Afghanistan,2006,274.2,52.3
AFG,Afghanistan,2007,376.2,62.5
AFG,Afghanistan,2008,381.7,57.8
AFG,Afghanistan,2009,452.1,74.3
AFG,Afghanistan,2010,560.6,97.2
AFG,Afghanistan,2011,606.7,119.3
AFG,Afghanistan,2012,651.4,129.3
AFG,Afghanistan,2013,637.1,149.6
AFG,Afghanistan,2014,625.1,148.5
AFG,Afghanistan,2015,565.6,146.6
AFG,Afghanistan,2016,522.1,159.7
AFG,Afghanistan,2017,525.5,164.5
AFG,Afghanistan,2018,491.3,167.7
AFG,Afghanistan,2019,496.6,168.3
AFG,Afghanistan,2020,510.8,162.0
AFG,Afghanistan,2021,356.5,169.0
AFG,Afghanistan,2022,357.3,168.6
AFG,Afghanistan,2023,413.8,173.4
AGO,Angola,2000,563.7,88.9
AGO,Angola,2001,533.6,97.9
AGO,Angola,2002,999.1,101.6
AGO,Angola,2003,1133.7,110.9
AGO,Angola,2004,1451.5,120.4
AGO,Angola,2005,2145.9,136.3
AGO,Angola,2006,2930.4,148.9
AGO,Angola,2007,3515.1,155.9
AGO,Angola,2008,4578.2,187.7
AGO,Angola,2009,3645.1,219.1
AGO,Angola,2010,4101.6,234.4
AGO,Angola,2011,5184.2,233.7
AGO,Angola,2012,5702.5,306.6
AGO,Angola,2013,5688.6,311.5
AGO,Angola,2014,5649.7,352.0
AGO,Angola,2015,3641.7,347.3
AGO,Angola,2016,2082.4,376.2
AGO,Angola,2017,2832.1,357.5
AGO,Angola,2018,2891.8,419.8
AGO,Angola,2019,2507.9,488.6
AGO,Angola,2020,1749.2,502.5
AGO,Angola,2021,2267.0,487.9
AGO,Angola,2022,3598.5,485.8
AGO,Angola,2023,2885.5,428.6
ALB,Albania,2000,1160.4,1809.8
ALB,Albania,2001,1326.4,1728.1
ALB,Albania,2002,1479.8,1857.0
ALB,Albania,2003,1908.7,1972.4
ALB,Albania,2004,2446.9,1946.0
ALB,Albania,2005,2741.7,1872.5
ALB,Albania,2006,3057.8,1852.0
ALB,Albania,2007,3743.1,1872.4
ALB,Albania,2008,4498.5,2068.2
ALB,Albania,2009,4213.7,2228.6
ALB,Albania,2010,4149.1,2260.4
ALB,Albania,2011,4465.7,2558.8
ALB,Albania,2012,4280.9,2494.8
ALB,Albania,2013,4542.9,3191.7
ALB,Albania,2014,4793.6,2682.7
ALB,Albania,2015,4199.5,2515.0
ALB,Albania,2016,4457.6,2670.9
ALB,Albania,2017,5006.4,2567.1
ALB,Albania,2018,5897.7,2639.7
ALB,Albania,2019,6069.4,2637.8
ALB,Albania,2020,6027.9,2642.8
ALB,Albania,2021,7242.5,2944.2
ALB,Albania,2022,7757.0,2790.3
ALB,Albania,2023,9740.7,2877.3
ARE,United Arab Emirates,2000,29865.5,11432.4
ARE,United Arab Emirates,2001,27745.2,11593.6
ARE,United Arab Emirates,2002,27753.6,11840.3
ARE,United Arab Emirates,2003,29659.6,11795.0
ARE,United Arab Emirates,2004,33376.7,11833.5
ARE,United Arab Emirates,2005,38719.3,13012.4
ARE,United Arab Emirates,2006,44342.6,12465.3
ARE,United Arab Emirates,2007,45854.7,14002.7
ARE,United Arab Emirates,2008,50054.2,12766.0
ARE,United Arab Emirates,2009,37803.1,12777.6
ARE,United Arab Emirates,2010,44795.3,13540.6
ARE,United Arab Emirates,2011,51921.9,13766.4
ARE,United Arab Emirates,2012,53141.6,14162.8
ARE,United Arab Emirates,2013,53247.2,14041.4
ARE,United Arab Emirates,2014,52725.2,14144.9
ARE,United Arab Emirates,2015,44910.3,14683.0
ARE,United Arab Emirates,2016,42721.1,14421.6
ARE,United Arab Emirates,2017,43733.6,14562.0
ARE,United Arab Emirates,2018,47135.3,14548.2
ARE,United Arab Emirates,2019,45938.6,14762.4
ARE,United Arab Emirates,2020,37991.7,14529.2
ARE,United Arab Emirates,2021,44118.5,15247.6
ARE,United Arab Emirates,2022,50759.8,15163.9
ARE,United Arab Emirates,2023,49850.7,15732.8
ARG,Argentina,2000,7637.0,2423.8
ARG,Argentina,2001,7141.5,2442.3
ARG,Argentina,2002,2569.7,2380.0
ARG,Argentina,2003,3320.5,2527.0
ARG,Argentina,2004,4242.0,2672.4
ARG,Argentina,2005,5067.7,2795.5
ARG,Argentina,2006,5869.4,2922.4
ARG,Argentina,2007,7185.3,3026.7
ARG,Argentina,2008,8944.1,3151.3
ARG,Argentina,2009,8150.2,3144.8
ARG,Argentina,2010,10260.1,3260.0
ARG,Argentina,2011,12704.3,3334.7
ARG,Argentina,2012,12949.7,3406.6
ARG,Argentina,2013,12963.7,3464.1
ARG,Argentina,2014,12233.1,3449.2
ARG,Argentina,2015,13679.6,3550.8
ARG,Argentina,2016,12700.0,3569.5
ARG,Argentina,2017,14532.5,3523.9
ARG,Argentina,2018,11752.8,3501.1
ARG,Argentina,2019,9956.0,3340.2
ARG,Argentina,2020,8535.6,3304.8
ARG,Argentina,2021,10738.0,3435.1
ARG,Argentina,2022,13962.2,3490.4
ARG,Argentina,2023,14261.8,3599.2
ARM,Armenia,2000,593.5,1702.1
ARM,Armenia,2001,659.6,1741.0
ARM,Armenia,2002,742.7,1623.2
ARM,Armenia,2003,882.0,1651.9
ARM,Armenia,2004,1130.1,1667.5
ARM,Armenia,2005,1557.5,1762.9
ARM,Armenia,2006,2041.7,1805.8
ARM,Armenia,2007,2962.7,1939.6
ARM,Armenia,2008,3777.7,1986.5
ARM,Armenia,2009,2820.6,1833.3
ARM,Armenia,2010,3041.3,1873.0
ARM,Armenia,2011,3349.6,2011.4
ARM,Armenia,2012,3511.6,2128.3
ARM,Armenia,2013,3680.2,2165.9
ARM,Armenia,2014,3852.1,2196.8
ARM,Armenia,2015,3512.4,2156.7
ARM,Armenia,2016,3524.4,2107.0
ARM,Armenia,2017,3869.1,2199.0
ARM,Armenia,2018,4196.0,2120.3
ARM,Armenia,2019,4597.2,2248.6
ARM,Armenia,2020,4268.7,2293.4
ARM,Armenia,2021,4685.2,2470.1
ARM,Armenia,2022,6572.0,2926.2
ARM,Armenia,2023,8159.1,2551.5
ASM,American Samoa,2002,8972.7,3153.4
ASM,American Samoa,2003,9197.7,3334.0
ASM,American Samoa,2004,8958.4,3342.7
ASM,American Samoa,2005,8831.3,3354.6
ASM,American Samoa,2006,8745.2,3369.3
ASM,American Samoa,2007,9231.4,3384.8
ASM,American Samoa,2008,10030.8,3402.1
ASM,American Samoa,2009,12156.0,3240.8
ASM,American Samoa,2010,10375.2,2896.1
ASM,American Samoa,2011,10383.5,2913.5
ASM,American Samoa,2012,11745.5,2935.5
ASM,American Samoa,2013,11813.5,2776.4
ASM,American Samoa,2014,12026.3,2804.3
ASM,American Samoa,2015,12727.4,3024.8
ASM,American Samoa,2016,12843.3,3253.0
ASM,American Samoa,2017,11863.7,3100.5
ASM,American Samoa,2018,12552.1,3141.8
ASM,American Samoa,2019,12886.1,3185.3
ASM,American Samoa,2020,14489.3,3415.1
ASM,American Samoa,2021,15236.2,3451.8
ASM,American Samoa,2022,18017.5,3721.7
ATG,Antigua and Barbuda,2000,12027.5,2001.9
ATG,Antigua and Barbuda,2001,11539.2,2234.4
ATG,Antigua and Barbuda,2002,11658.7,2466.0
ATG,Antigua and Barbuda,2003,12173.2,2695.9
ATG,Antigua and Barbuda,2004,13037.9,2794.2
ATG,Antigua and Barbuda,2005,14368.6,3014.0
ATG,Antigua and Barbuda,2006,16173.8,3225.0
ATG,Antigua and Barbuda,2007,18204.5,3548.9
ATG,Antigua and Barbuda,2008,18786.7,3617.7
ATG,Antigua and Barbuda,2009,16472.2,3919.6
ATG,Antigua and Barbuda,2010,15217.4,3867.0
ATG,Antigua and Barbuda,2011,14911.7,3821.7
ATG,Antigua and Barbuda,2012,15639.8,3781.2
ATG,Antigua and Barbuda,2013,15051.5,3746.8
ATG,Antigua and Barbuda,2014,15532.1,3829.5
ATG,Antigua and Barbuda,2015,16077.6,3914.1
ATG,Antigua and Barbuda,2016,16556.9,3778.6
ATG,Antigua and Barbuda,2017,16965.7,3868.1
ATG,Antigua and Barbuda,2018,18273.4,3958.6
ATG,Antigua and Barbuda,2019,18896.4,3939.7
ATG,Antigua and Barbuda,2020,15369.6,3810.0
ATG,Antigua and Barbuda,2021,17348.6,3789.6
ATG,Antigua and Barbuda,2022,20003.4,3877.2
ATG,Antigua and Barbuda,2023,22012.3,3857.2
AUS,Australia,2000,21909.0,11333.1
AUS,Australia,2001,19733.7,11580.4
AUS,Australia,2002,20335.1,11405.3
AUS,Australia,2003,23757.6,11400.4
AUS,Australia,2004,30886.1,11434.8
AUS,Australia,2005,34535.2,11369.6
AUS,Australia,2006,36658.8,11558.2
AUS,Australia,2007,41128.2,11605.6
AUS,Australia,2008,49811.2,11482.1
AUS,Australia,2009,42954.8,11472.2
AUS,Australia,2010,52313.9,11334.8
AUS,Australia,2011,62799.4,11400.5
AUS,Australia,2012,68301.4,10968.5
AUS,Australia,2013,68476.7,10740.1
AUS,Australia,2014,62817.2,10495.6
AUS,Australia,2015,56970.4,10605.9
AUS,Australia,2016,50084.4,10613.7
AUS,Australia,2017,54117.5,10471.5
AUS,Australia,2018,57410.2,10455.1
AUS,Australia,2019,55194.8,10434.5
AUS,Australia,2020,51983.5,10299.6
AUS,Australia,2021,60758.9,10303.8
AUS,Australia,2022,65169.5,10416.4
AUS,Australia,2023,65058.4,10325.1
AUT,Austria,2000,24487.3,7272.0
AUT,Austria,2001,24430.5,7609.8
AUT,Austria,2002,26334.9,7588.8
AUT,Austria,2003,32110.1,7827.5
AUT,Austria,2004,36614.3,7944.0
AUT,Austria,2005,38157.4,8140.5
AUT,Austria,2006,40382.2,8289.1
AUT,Austria,2007,46623.0,8298.2
AUT,Austria,2008,51581.4,8318.9
AUT,Austria,2009,47857.4,8027.5
AUT,Austria,2010,46611.1,8399.2
AUT,Austria,2011,51116.9,8387.7
AUT,Austria,2012,48250.4,8474.1
AUT,Austria,2013,50305.4,8467.9
AUT,Austria,2014,51315.0,8285.2
AUT,Austria,2015,43915.2,8310.9
AUT,Austria,2016,45061.5,8243.4
AUT,Austria,2017,47163.7,8369.3
AUT,Austria,2018,51194.1,8326.5
AUT,Austria,2019,49886.0,8312.2
AUT,Austria,2020,48716.4,7984.2
AUT,Austria,2021,53648.6,8275.9
AUT,Austria,2022,52336.8,8072.0
AUT,Austria,2023,56579.5,7766.3
AZE,Azerbaijan,2000,655.1,2345.0
AZE,Azerbaijan,2001,703.7,2380.1
AZE,Azerbaijan,2002,763.1,2417.7
AZE,Azerbaijan,2003,883.7,2717.7
AZE,Azerbaijan,2004,1045.0,2719.7
AZE,Azerbaijan,2005,1578.4,2796.2
AZE,Azerbaijan,2006,2473.0,2915.7
AZE,Azerbaijan,2007,3851.3,2444.4
AZE,Azerbaijan,2008,5574.5,2350.5
AZE,Azerbaijan,2009,4950.4,2053.9
AZE,Azerbaijan,2010,5843.5,2001.8
AZE,Azerbaijan,2011,7189.8,2116.4
AZE,Azerbaijan,2012,7495.9,2392.2
AZE,Azerbaijan,2013,7875.3,2407.3
AZE,Azerbaijan,2014,7890.8,2518.9
AZE,Azerbaijan,2015,5500.5,2502.9
AZE,Azerbaijan,2016,3880.7,2418.8
AZE,Azerbaijan,2017,4147.2,2312.3
AZE,Azerbaijan,2018,4739.8,2372.6
AZE,Azerbaijan,2019,4805.8,2433.1
AZE,Azerbaijan,2020,4229.9,2429.8
AZE,Azerbaijan,2021,5408.0,2566.8
AZE,Azerbaijan,2022,7770.6,2533.2
AZE,Azerbaijan,2023,7133.0,2525.6
BDI,Burundi,2000,134.5,20.1
BDI,Burundi,2001,132.2,22.6
BDI,Burundi,2002,121.0,24.9
BDI,Burundi,2003,111.4,21.3
BDI,Burundi,2004,125.2,20.5
BDI,Burundi,2005,147.2,21.1
BDI,Burundi,2006,161.9,21.6
BDI,Burundi,2007,166.2,24.5
BDI,Burundi,2008,189.5,22.3
BDI,Burundi,2009,198.4,23.5
BDI,Burundi,2010,216.7,27.7
BDI,Burundi,2011,230.1,25.7
BDI,Burundi,2012,231.1,24.8
BDI,Burundi,2013,234.8,25.9
BDI,Burundi,2014,250.5,25.0
BDI,Burundi,2015,254.4,25.3
BDI,Burundi,2016,232.9,27.6
BDI,Burundi,2017,246.1,32.2
BDI,Burundi,2018,245.7,37.9
BDI,Burundi,2019,234.3,40.0
BDI,Burundi,2020,252.7,36.5
BDI,Burundi,2021,264.2,37.8
BDI,Burundi,2022,301.8,36.8
BDI,Burundi,2023,249.8,43.8
BEL,Belgium,2000,23098.9,8498.1
BEL,Belgium,2001,23015.1,8529.2
BEL,Belgium,2002,25006.2,8567.7
BEL,Belgium,2003,30655.2,8671.7
BEL,Belgium,2004,35429.4,8702.4
BEL,Belgium,2005,36809.7,8653.6
BEL,Belgium,2006,38705.1,8863.9
BEL,Belgium,2007,44319.2,8808.1
BEL,Belgium,2008,48303.4,8745.3
BEL,Belgium,2009,44923.3,8131.0
BEL,Belgium,2010,44197.4,8557.5
BEL,Belgium,2011,47760.8,8318.1
BEL,Belgium,2012,44874.2,8233.2
BEL,Belgium,2013,46964.6,8206.8
BEL,Belgium,2014,47995.8,7921.4
BEL,Belgium,2015,40893.8,7931.5
BEL,Belgium,2016,41854.5,7984.9
BEL,Belgium,2017,44035.3,8030.5
BEL,Belgium,2018,47487.2,7980.0
BEL,Belgium,2019,46716.6,7905.6
BEL,Belgium,2020,45906.3,7622.1
BEL,Belgium,2021,51658.2,7909.5
BEL,Belgium,2022,50639.0,7455.9
BEL,Belgium,2023,55244.7,7151.9
BEN,Benin,2000,487.4,62.3
BEN,Benin,2001,492.4,69.8
BEN,Benin,2002,546.5,76.9
BEN,Benin,2003,676.0,74.6
BEN,Benin,2004,758.7,80.9
BEN,Benin,2005,779.4,84.3
BEN,Benin,2006,809.1,85.1
BEN,Benin,2007,912.3,89.3
BEN,Benin,2008,1060.6,96.4
BEN,Benin,2009,1024.1,105.2
BEN,Benin,2010,973.2,107.2
BEN,Benin,2011,1059.4,109.0
BEN,Benin,2012,1071.5,107.7
BEN,Benin,2013,1168.9,113.9
BEN,Benin,2014,1204.4,127.8
BEN,Benin,2015,1002.4,120.6
BEN,Benin,2016,1010.5,116.3
BEN,Benin,2017,1055.0,118.8
BEN,Benin,2018,1151.7,119.5
BEN,Benin,2019,1130.8,128.1
BEN,Benin,2020,1200.2,124.7
BEN,Benin,2021,1318.7,135.7
BEN,Benin,2022,1266.4,132.3
BEN,Benin,2023,1394.2,162.3
BFA,Burkina Faso,2000,248.9,32.7
BFA,Burkina Faso,2001,259.5,35.0
BFA,Burkina Faso,2002,285.7,37.1
BFA,Burkina Faso,2003,362.4,39.7
BFA,Burkina Faso,2004,403.8,42.2
BFA,Burkina Faso,2005,441.2,46.7
BFA,Burkina Faso,2006,455.5,48.0
BFA,Burkina Faso,2007,514.7,49.3
BFA,Burkina Faso,2008,619.4,49.2
BFA,Burkina Faso,2009,601.6,53.5
BFA,Burkina Faso,2010,625.0,66.8
BFA,Burkina Faso,2011,725.0,63.0
BFA,Burkina Faso,2012,731.5,68.1
BFA,Burkina Faso,2013,759.8,72.3
BFA,Burkina Faso,2014,764.9,75.2
BFA,Burkina Faso,2015,630.1,77.2
BFA,Burkina Faso,2016,663.7,83.8
BFA,Burkina Faso,2017,709.1,89.0
BFA,Burkina Faso,2018,777.5,132.6
BFA,Burkina Faso,2019,764.9,127.9
BFA,Burkina Faso,2020,825.2,140.6
BFA,Burkina Faso,2021,895.5,146.8
BFA,Burkina Faso,2022,827.3,141.3
BFA,Burkina Faso,2023,873.2,142.0
BGD,Bangladesh,2000,396.7,118.5
BGD,Bangladesh,2001,394.7,127.0
BGD,Bangladesh,2002,393.9,136.4
BGD,Bangladesh,2003,426.7,142.4
BGD,Bangladesh,2004,455.6,175.9
BGD,Bangladesh,2005,480.1,186.3
BGD,Bangladesh,2006,490.4,206.0
BGD,Bangladesh,2007,538.0,209.4
BGD,Bangladesh,2008,613.1,229.0
BGD,Bangladesh,2009,679.2,246.8
BGD,Bangladesh,2010,757.4,268.5
BGD,Bangladesh,2011,837.3,287.9
BGD,Bangladesh,2012,859.7,313.5
BGD,Bangladesh,2013,958.3,340.8
BGD,Bangladesh,2014,1094.5,369.2
BGD,Bangladesh,2015,1224.4,393.2
BGD,Bangladesh,2016,1649.3,453.4
BGD,Bangladesh,2017,1811.1,481.6
BGD,Bangladesh,2018,1965.2,513.3
BGD,Bangladesh,2019,2129.8,557.3
BGD,Bangladesh,2020,2248.9,554.0
BGD,Bangladesh,2021,2482.8,618.8
BGD,Bangladesh,2022,2716.5,649.2
BGD,Bangladesh,2023,2551.0,648.3
BGR,Bulgaria,2000,1621.3,4496.0
BGR,Bulgaria,2001,1771.0,4604.9
BGR,Bulgaria,2002,2093.1,4551.0
BGR,Bulgaria,2003,2719.6,4714.0
BGR,Bulgaria,2004,3389.9,4578.4
BGR,Bulgaria,2005,3900.0,4718.6
BGR,Bulgaria,2006,4523.4,4934.4
BGR,Bulgaria,2007,5888.9,5054.8
BGR,Bulgaria,2008,7271.7,5195.3
BGR,Bulgaria,2009,6988.6,4973.3
BGR,Bulgaria,2010,6854.3,5039.3
BGR,Bulgaria,2011,7850.0,5325.2
BGR,Bulgaria,2012,7432.3,5213.9
BGR,Bulgaria,2013,7796.4,5071.2
BGR,Bulgaria,2014,8070.0,5185.9
BGR,Bulgaria,2015,7269.0,5312.4
BGR,Bulgaria,2016,7822.9,5354.0
BGR,Bulgaria,2017,8697.1,5562.7
BGR,Bulgaria,2018,9849.9,5509.1
BGR,Bulgaria,2019,10354.3,5434.8
BGR,Bulgaria,2020,10760.8,5297.3
BGR,Bulgaria,2021,12966.8,5589.5
BGR,Bulgaria,2022,13999.9,5580.2
BGR,Bulgaria,2023,15854.0,5407.7
BHR,Bahrain,2000,14214.5,20699.3
BHR,Bahrain,2001,13573.2,20886.8
BHR,Bahrain,2002,13501.5,20287.0
BHR,Bahrain,2003,14486.0,19352.2
BHR,Bahrain,2004,15963.9,18532.4
BHR,Bahrain,2005,17966.2,20769.5
BHR,Bahrain,2006,19267.3,21153.7
BHR,Bahrain,2007,20908.4,20550.0
BHR,Bahrain,2008,23299.5,20192.4
BHR,Bahrain,2009,19465.3,19203.9
BHR,Bahrain,2010,21819.3,19773.4
BHR,Bahrain,2011,25032.8,20269.6
BHR,Bahrain,2012,26438.7,20233.4
BHR,Bahrain,2013,26989.8,20625.1
BHR,Bahrain,2014,26451.8,20763.9
BHR,Bahrain,2015,23734.1,20793.5
BHR,Bahrain,2016,23800.0,19935.5
BHR,Bahrain,2017,24784.8,19750.3
BHR,Bahrain,2018,26324.4,19864.7
BHR,Bahrain,2019,27259.7,22340.0
BHR,Bahrain,2020,24342.8,22358.9
BHR,Bahrain,2021,27147.8,22593.5
BHR,Bahrain,2022,30470.5,23287.2
BHR,Bahrain,2023,29290.1,24177.0
BHS,"Bahamas, The",2000,24940.1,5249.4
BHS,"Bahamas, The",2001,25371.9,5398.9
BHS,"Bahamas, The",2002,26781.6,5699.2
BHS,"Bahamas, The",2003,26429.1,5959.0
BHS,"Bahamas, The",2004,26650.3,5827.1
BHS,"Bahamas, The",2005,28602.4,6077.3
BHS,"Bahamas, The",2006,29184.8,6085.2
BHS,"Bahamas, The",2007,30051.8,6367.8
BHS,"Bahamas, The",2008,29392.4,6282.6
BHS,"Bahamas, The",2009,27512.9,5898.5
BHS,"Bahamas, The",2010,27473.1,5469.7
BHS,"Bahamas, The",2011,27090.8,5514.6
BHS,"Bahamas, The",2012,28552.0,5060.3
BHS,"Bahamas, The",2013,27642.7,4961.0
BHS,"Bahamas, The",2014,29137.2,5022.1
BHS,"Bahamas, The",2015,30719.4,5190.0
BHS,"Bahamas, The",2016,30616.5,5076.5
BHS,"Bahamas, The",2017,31875.5,5096.1
BHS,"Bahamas, The",2018,32642.3,5092.7
BHS,"Bahamas, The",2019,33640.3,5092.7
BHS,"Bahamas, The",2020,26178.8,5127.9
BHS,"Bahamas, The",2021,30367.9,5146.6
BHS,"Bahamas, The",2022,34957.2,5156.7
BHS,"Bahamas, The",2023,38231.8,5532.6
BIH,Bosnia and Herzegovina,2000,1338.5,2507.3
BIH,Bosnia and Herzegovina,2001,1387.9,2543.4
BIH,Bosnia and Herzegovina,2002,1606.5,2576.4
BIH,Bosnia and Herzegovina,2003,2033.9,2697.1
BIH,Bosnia and Herzegovina,2004,2452.7,3074.1
BIH,Bosnia and Herzegovina,2005,2739.6,3075.8
BIH,Bosnia and Herzegovina,2006,3166.1,3270.8
BIH,Bosnia and Herzegovina,2007,3931.5,2935.2
BIH,Bosnia and Herzegovina,2008,4841.7,3716.2
BIH,Bosnia and Herzegovina,2009,4539.9,3989.9
BIH,Bosnia and Herzegovina,2010,4506.5,4441.8
BIH,Bosnia and Herzegovina,2011,4982.7,4027.5
BIH,Bosnia and Herzegovina,2012,4693.8,3762.8
BIH,Bosnia and Herzegovina,2013,5034.6,4777.3
BIH,Bosnia and Herzegovina,2014,5206.1,4777.2
BIH,Bosnia and Herzegovina,2015,4662.3,4669.5
BIH,Bosnia and Herzegovina,2016,4928.6,5099.3
BIH,Bosnia and Herzegovina,2017,5345.0,4736.5
BIH,Bosnia and Herzegovina,2018,6047.8,5630.4
BIH,Bosnia and Herzegovina,2019,6122.4,5206.9
BIH,Bosnia and Herzegovina,2020,6130.3,5088.9
BIH,Bosnia and Herzegovina,2021,7295.3,5673.5
BIH,Bosnia and Herzegovina,2022,7655.6,5101.7
BIH,Bosnia and Herzegovina,2023,8663.0,5393.9
BLR,Belarus,2000,1276.3,3333.9
BLR,Belarus,2001,1244.4,3354.8
BLR,Belarus,2002,1479.4,3343.3
BLR,Belarus,2003,1819.5,3413.2
BLR,Belarus,2004,2378.3,3538.7
BLR,Belarus,2005,3126.1,3620.3
BLR,Belarus,2006,3848.2,3764.6
BLR,Belarus,2007,4735.5,3782.2
BLR,Belarus,2008,6376.2,3871.2
BLR,Belarus,2009,5352.5,3664.5
BLR,Belarus,2010,6034.7,3961.8
BLR,Belarus,2011,6527.7,3988.3
BLR,Belarus,2012,6953.2,4058.9
BLR,Belarus,2013,7998.1,4002.3
BLR,Belarus,2014,8341.3,4017.9
BLR,Belarus,2015,5967.1,3869.4
BLR,Belarus,2016,5039.8,3852.0
BLR,Belarus,2017,5785.5,3907.0
BLR,Belarus,2018,6360.0,4008.4
BLR,Belarus,2019,6837.8,4040.1
BLR,Belarus,2020,6542.9,4068.0
BLR,Belarus,2021,7489.7,4426.4
BLR,Belarus,2022,7994.6,3976.8
BLR,Belarus,2023,7896.8,4544.9
BLZ,Belize,2000,4726.5,539.8
BLZ,Belize,2001,4718.8,1167.5
BLZ,Belize,2002,4858.9,1249.9
BLZ,Belize,2003,4959.7,1326.8
BLZ,Belize,2004,5153.7,1398.6
BLZ,Belize,2005,5270.4,1465.6
BLZ,Belize,2006,5524.8,1458.9
BLZ,Belize,2007,5762.2,1485.9
BLZ,Belize,2008,5711.8,1511.3
BLZ,Belize,2009,5399.7,1471.4
BLZ,Belize,2010,5461.4,1811.1
BLZ,Belize,2011,5596.1,1527.6
BLZ,Belize,2012,5732.7,1854.0
BLZ,Belize,2013,5957.3,1756.3
BLZ,Belize,2014,6128.1,1690.9
BLZ,Belize,2015,6154.6,1711.8
BLZ,Belize,2016,6140.9,1699.9
BLZ,Belize,2017,6071.9,1688.0
BLZ,Belize,2018,6012.0,1683.2
BLZ,Belize,2019,6171.6,2332.6
BLZ,Belize,2020,5238.5,1816.7
BLZ,Belize,2021,6143.0,1618.8
BLZ,Belize,2022,7068.2,1862.2
BLZ,Belize,2023,7424.8,1775.7
BMU,Bermuda,2000,56543.0,9745.2
BMU,Bermuda,2001,59490.2,9856.7
BMU,Bermuda,2002,63358.6,10295.5
BMU,Bermuda,2003,67106.8,10576.1
BMU,Bermuda,2004,71692.2,10547.2
BMU,Bermuda,2005,77628.1,10999.5
BMU,Bermuda,2006,97781.5,11295.8
BMU,Bermuda,2007,107395.7,11581.8
BMU,Bermuda,2008,110268.6,11371.0
BMU,Bermuda,2009,104711.7,11637.6
BMU,Bermuda,2010,104111.8,11608.2
BMU,Bermuda,2011,99049.0,11450.4
BMU,Bermuda,2012,100213.5,10995.1
BMU,Bermuda,2013,101704.4,10693.0
BMU,Bermuda,2014,100961.6,10385.4
BMU,Bermuda,2015,104855.4,10554.2
BMU,Bermuda,2016,108747.4,10399.3
BMU,Bermuda,2017,112339.4,10534.1
BMU,Bermuda,2018,113204.8,10023.2
BMU,Bermuda,2019,115798.0,9511.9
BMU,Bermuda,2020,106976.5,9160.9
BMU,Bermuda,2021,112765.1,9123.0
BMU,Bermuda,2022,119969.2,9726.4
BMU,Bermuda,2023,132961.8,9888.6
BOL,Bolivia,2000,975.8,453.2
BOL,Bolivia,2001,930.2,453.6
BOL,Bolivia,2002,888.2,468.5
BOL,Bolivia,2003,893.0,479.5
BOL,Bolivia,2004,953.2,492.2
BOL,Bolivia,2005,1020.1,522.4
BOL,Bolivia,2006,1202.7,525.1
BOL,Bolivia,2007,1354.5,561.6
BOL,Bolivia,2008,1692.7,601.0
BOL,Bolivia,2009,1731.2,620.0
BOL,Bolivia,2010,1929.8,653.1
BOL,Bolivia,2011,2315.5,685.1
BOL,Bolivia,2012,2575.6,704.7
BOL,Bolivia,2013,2870.0,731.1
BOL,Bolivia,2014,3041.4,765.1
BOL,Bolivia,2015,2996.0,817.1
BOL,Bolivia,2016,3035.9,831.8
BOL,Bolivia,2017,4048.4,845.3
BOL,Bolivia,2018,4206.9,872.4
BOL,Bolivia,2019,4203.2,888.5
BOL,Bolivia,2020,3581.0,869.1
BOL,Bolivia,2021,4010.8,910.6
BOL,Bolivia,2022,4219.5,966.3
BOL,Bolivia,2023,4274.7,1025.0
BRA,Brazil,2000,3766.5,2252.2
BRA,Brazil,2001,3176.3,2078.3
BRA,Brazil,2002,2855.9,2141.6
BRA,Brazil,2003,3090.6,2228.8
BRA,Brazil,2004,3663.8,2325.8
BRA,Brazil,2005,4827.8,2393.8
BRA,Brazil,2006,5934.1,2467.7
BRA,Brazil,2007,7409.7,2566.8
BRA,Brazil,2008,8908.3,2654.8
BRA,Brazil,2009,8678.7,2635.1
BRA,Brazil,2010,11403.3,2841.7
BRA,Brazil,2011,13396.6,2906.8
BRA,Brazil,2012,12521.7,3010.8
BRA,Brazil,2013,12458.9,3079.2
BRA,Brazil,2014,12275.0,3120.3
BRA,Brazil,2015,8936.2,3052.6
BRA,Brazil,2016,8836.3,3049.3
BRA,Brazil,2017,10080.5,3056.5
BRA,Brazil,2018,9300.7,3087.6
BRA,Brazil,2019,9029.8,3173.2
BRA,Brazil,2020,7074.2,3131.8
BRA,Brazil,2021,7972.5,3242.7
BRA,Brazil,2022,9281.3,3281.3
BRA,Brazil,2023,10377.6,3425.3
BRB,Barbados,2000,11674.7,3014.5
BRB,Barbados,2001,11639.5,3162.8
BRB,Barbados,2002,11760.5,3255.7
BRB,Barbados,2003,12076.0,3273.3
BRB,Barbados,2004,12886.4,3329.6
BRB,Barbados,2005,14214.4,3684.2
BRB,Barbados,2006,15619.6,3777.6
BRB,Barbados,2007,17235.4,3870.3
BRB,Barbados,2008,17565.7,3850.1
BRB,Barbados,2009,16294.9,3903.2
BRB,Barbados,2010,19723.2,3742.0
BRB,Barbados,2011,20146.2,3766.1
BRB,Barbados,2012,19811.3,4080.2
BRB,Barbados,2013,20384.5,3637.4
BRB,Barbados,2014,20423.7,3700.3
BRB,Barbados,2015,20429.5,3727.6
BRB,Barbados,2016,20311.4,3755.3
BRB,Barbados,2017,20870.8,3711.9
BRB,Barbados,2018,21378.2,3704.8
BRB,Barbados,2019,21929.4,3769.3
BRB,Barbados,2020,19181.0,3762.8
BRB,Barbados,2021,21084.4,3756.8
BRB,Barbados,2022,24393.2,3860.8
BRB,Barbados,2023,25583.9,3895.9
BRN,Brunei Darussalam,2000,20130.3,7781.2
BRN,Brunei Darussalam,2001,18287.8,7739.5
BRN,Brunei Darussalam,2002,18621.3,7968.1
BRN,Brunei Darussalam,2003,20677.9,9231.2
BRN,Brunei Darussalam,2004,24423.1,9237.2
BRN,Brunei Darussalam,2005,29386.3,9082.6
BRN,Brunei Darussalam,2006,34674.8,9049.3
BRN,Brunei Darussalam,2007,36217.3,9140.4
BRN,Brunei Darussalam,2008,42156.6,9052.4
BRN,Brunei Darussalam,2009,30946.5,9403.5
BRN,Brunei Darussalam,2010,34937.6,9660.0
BRN,Brunei Darussalam,2011,46382.8,9339.1
BRN,Brunei Darussalam,2012,46968.6,9690.2
BRN,Brunei Darussalam,2013,44003.1,10700.3
BRN,Brunei Darussalam,2014,41026.5,10797.7
BRN,Brunei Darussalam,2015,30625.1,9947.4
BRN,Brunei Darussalam,2016,26663.3,9986.6
BRN,Brunei Darussalam,2017,28024.4,9612.1
BRN,Brunei Darussalam,2018,30988.1,9821.6
BRN,Brunei Darussalam,2019,30426.6,11136.5
BRN,Brunei Darussalam,2020,26834.4,12829.4
BRN,Brunei Darussalam,2021,31007.0,12618.4
BRN,Brunei Darussalam,2022,36632.9,12297.6
BRN,Brunei Darussalam,2023,32890.5,12201.5
BTN,Bhutan,2000,771.9,686.9
BTN,Bhutan,2001,812.2,884.1
BTN,Bhutan,2002,895.8,1025.0
BTN,Bhutan,2003,1022.4,1050.7
BTN,Bhutan,2004,1130.4,1122.1
BTN,Bhutan,2005,1299.9,1390.0
BTN,Bhutan,2006,1405.6,2951.7
BTN,Bhutan,2007,1850.4,1679.8
BTN,Bhutan,2008,1919.6,1427.8
BTN,Bhutan,2009,1918.4,2291.1
BTN,Bhutan,2010,2435.6,2579.7
BTN,Bhutan,2011,2788.0,2452.8
BTN,Bhutan,2012,2751.2,2648.9
BTN,Bhutan,2013,2680.0,2867.8
BTN,Bhutan,2014,2849.5,2946.2
BTN,Bhutan,2015,2954.0,2876.0
BTN,Bhutan,2016,3152.3,2941.7
BTN,Bhutan,2017,3435.3,2704.3
BTN,Bhutan,2018,3400.2,3211.5
BTN,Bhutan,2019,3576.9,3399.4
BTN,Bhutan,2020,3191.7,8038.8
BTN,Bhutan,2021,3570.6,15023.5
BTN,Bhutan,2022,3711.3,14854.3
BTN,Bhutan,2023,3831.3,15247.0
BWA,Botswana,2000,3450.8,1257.9
BWA,Botswana,2001,3206.1,1314.0
BWA,Botswana,2002,3117.3,1369.8
BWA,Botswana,2003,4230.1,1492.3
BWA,Botswana,2004,4956.7,1593.7
BWA,Botswana,2005,5391.1,1608.8
BWA,Botswana,2006,5291.6,1621.7
BWA,Botswana,2007,5529.1,1684.8
BWA,Botswana,2008,5503.1,1687.2
BWA,Botswana,2009,5082.9,1692.9
BWA,Botswana,2010,6215.7,1726.4
BWA,Botswana,2011,7287.4,1745.8
BWA,Botswana,2012,6595.5,1716.8
BWA,Botswana,2013,6666.9,1747.1
BWA,Botswana,2014,7122.4,1837.0
BWA,Botswana,2015,6141.2,2015.2
BWA,Botswana,2016,6749.1,1951.0
BWA,Botswana,2017,7105.0,1870.5
BWA,Botswana,2018,7408.0,1661.5
BWA,Botswana,2019,7172.1,1509.4
BWA,Botswana,2020,6323.3,1787.9
BWA,Botswana,2021,7807.9,1728.1
BWA,Botswana,2022,8328.7,1787.0
BWA,Botswana,2023,7827.3,1911.1
CAF,Central African Republic,2000,239.2,26.1
CAF,Central African Republic,2001,238.0,28.1
CAF,Central African Republic,2002,248.6,27.5
CAF,Central African Republic,2003,278.4,26.8
CAF,Central African Republic,2004,303.5,35.8
CAF,Central African Republic,2005,312.0,37.3
CAF,Central African Republic,2006,333.9,38.8
CAF,Central African Republic,2007,380.9,35.9
CAF,Central African Republic,2008,437.2,35.1
CAF,Central African Republic,2009,456.5,35.3
CAF,Central African Republic,2010,476.9,35.6
CAF,Central African Republic,2011,534.1,39.4
CAF,Central African Republic,2012,544.4,39.0
CAF,Central African Republic,2013,364.4,30.2
CAF,Central African Republic,2014,409.9,36.8
CAF,Central African Republic,2015,366.3,36.7
CAF,Central African Republic,2016,387.2,36.1
CAF,Central African Republic,2017,432.3,31.3
CAF,Central African Republic,2018,455.2,30.7
CAF,Central African Republic,2019,449.2,30.3
CAF,Central African Republic,2020,462.9,29.8
CAF,Central African Republic,2021,492.3,29.3
CAF,Central African Republic,2022,467.4,27.5
CAF,Central African Republic,2023,496.0,27.2
CAN,Canada,2000,24271.0,18386.4
CAN,Canada,2001,23822.1,18115.8
CAN,Canada,2002,24256.1,18343.7
CAN,Canada,2003,28301.9,18297.6
CAN,Canada,2004,32145.6,18298.2
CAN,Canada,2005,36384.0,18392.3
CAN,Canada,2006,40504.8,17989.5
CAN,Canada,2007,44660.1,18229.1
CAN,Canada,2008,46710.4,18025.9
CAN,Canada,2009,40875.0,17153.8
CAN,Canada,2010,47560.8,17019.4
CAN,Canada,2011,52224.1,17409.4
CAN,Canada,2012,52670.1,16888.5
CAN,Canada,2013,52637.7,17108.3
CAN,Canada,2014,50960.9,17044.3
CAN,Canada,2015,43594.2,16727.3
CAN,Canada,2016,42314.1,16596.3
CAN,Canada,2017,45129.7,16493.7
CAN,Canada,2018,46539.2,16436.5
CAN,Canada,2019,46353.0,16108.3
CAN,Canada,2020,43537.9,15672.5
CAN,Canada,2021,52886.6,15735.9
CAN,Canada,2022,56496.9,15789.5
CAN,Canada,2023,54847.5,15614.4
CHE,Switzerland,2000,39298.1,8219.7
CHE,Switzerland,2001,40133.6,8387.3
CHE,Switzerland,2002,43094.2,8366.8
CHE,Switzerland,2003,49947.4,8485.8
CHE,Switzerland,2004,55349.6,8554.8
CHE,Switzerland,2005,57080.1,8631.8
CHE,Switzerland,2006,59910.3,8668.8
CHE,Switzerland,2007,66082.1,8531.0
CHE,Switzerland,2008,75147.5,8625.0
CHE,Switzerland,2009,72788.2,8337.2
CHE,Switzerland,2010,77956.1,8506.5
CHE,Switzerland,2011,91910.4,8272.3
CHE,Switzerland,2012,87269.6,8242.4
CHE,Switzerland,2013,88851.2,8192.9
CHE,Switzerland,2014,90511.6,7886.2
CHE,Switzerland,2015,85265.1,7851.3
CHE,Switzerland,2016,83432.4,7763.7
CHE,Switzerland,2017,83610.2,7771.8
CHE,Switzerland,2018,87002.3,7597.2
CHE,Switzerland,2019,85873.0,7497.5
CHE,Switzerland,2020,87529.7,7284.2
CHE,Switzerland,2021,96582.9,7522.7
CHE,Switzerland,2022,97809.1,7377.0
CHE,Switzerland,2023,104449.8,7178.8
CHL,Chile,2000,5053.0,2729.0
CHL,Chile,2001,4563.6,2786.9
CHL,Chile,2002,4430.8,2853.5
CHL,Chile,2003,4773.4,3031.6
CHL,Chile,2004,6120.6,3268.0
CHL,Chile,2005,7480.3,3325.6
CHL,Chile,2006,9318.7,3472.6
CHL,Chile,2007,10346.4,3593.5
CHL,Chile,2008,10683.2,3599.4
CHL,Chile,2009,10098.8,3628.5
CHL,Chile,2010,12632.9,3562.6
CHL,Chile,2011,14487.4,3825.5
CHL,Chile,2012,15241.9,3971.1
CHL,Chile,2013,15683.5,4118.3
CHL,Chile,2014,14529.7,3928.0
CHL,Chile,2015,13433.9,4150.7
CHL,Chile,2016,13649.9,4315.4
CHL,Chile,2017,14879.9,4250.8
CHL,Chile,2018,15659.5,4327.5
CHL,Chile,2019,14496.9,4374.5
CHL,Chile,2020,13118.0,4314.8
CHL,Chile,2021,16216.2,4528.1
CHL,Chile,2022,15399.1,4656.1
CHL,Chile,2023,17081.5,4538.9
CHN,China,2000,969.2,1060.9
CHN,China,2001,1065.4,1151.3
CHN,China,2002,1163.6,1278.8
CHN,China,2003,1307.0,1470.2
CHN,China,2004,1530.9,1687.5
CHN,China,2005,1777.6,1903.8
CHN,China,2006,2129.3,2169.0
CHN,China,2007,2734.7,2467.3
CHN,China,2008,3523.4,2611.3
CHN,China,2009,3898.2,2758.4
CHN,China,2010,4629.2,3102.8
CHN,China,2011,5703.8,3455.5
CHN,China,2012,6405.1,3633.9
CHN,China,2013,7147.0,3930.7
CHN,China,2014,7781.1,4166.6
CHN,China,2015,8175.3,4155.9
CHN,China,2016,8254.9,4359.1
CHN,China,2017,8979.7,4667.0
CHN,China,2018,10085.7,5039.4
CHN,China,2019,10342.9,5259.2
CHN,China,2020,10627.5,5442.8
CHN,China,2021,12887.4,5972.9
CHN,China,2022,12970.6,6199.8
CHN,China,2023,12951.2,6635.4
CIV,Cote d'Ivoire,2000,936.6,201.1
CIV,Cote d'Ivoire,2001,924.7,204.6
CIV,Cote d'Ivoire,2002,967.8,199.4
CIV,Cote d'Ivoire,2003,1111.2,196.1
CIV,Cote d'Ivoire,2004,1199.8,208.7
CIV,Cote d'Ivoire,2005,1197.7,212.8
CIV,Cote d'Ivoire,2006,1230.4,222.4
CIV,Cote d'Ivoire,2007,1367.5,230.6
CIV,Cote d'Ivoire,2008,1584.0,241.2
CIV,Cote d'Ivoire,2009,1540.5,244.1
CIV,Cote d'Ivoire,2010,1553.5,249.0
CIV,Cote d'Ivoire,2011,1596.6,238.9
CIV,Cote d'Ivoire,2012,1546.9,273.1
CIV,Cote d'Ivoire,2013,1786.2,284.5
CIV,Cote d'Ivoire,2014,1991.4,301.3
CIV,Cote d'Ivoire,2015,1814.7,310.9
CIV,Cote d'Ivoire,2016,1862.6,347.1
CIV,Cote d'Ivoire,2017,1964.3,309.0
CIV,Cote d'Ivoire,2018,2130.9,327.3
CIV,Cote d'Ivoire,2019,2141.8,339.4
CIV,Cote d'Ivoire,2020,2179.7,350.7
CIV,Cote d'Ivoire,2021,2456.0,364.4
CIV,Cote d'Ivoire,2022,2333.4,389.9
CIV,Cote d'Ivoire,2023,2592.0,329.5
CMR,Cameroon,2000,708.6,231.3
CMR,Cameroon,2001,715.5,229.3
CMR,Cameroon,2002,789.6,207.9
CMR,Cameroon,2003,988.2,225.9
CMR,Cameroon,2004,1133.4,245.0
CMR,Cameroon,2005,1142.6,231.9
CMR,Cameroon,2006,1191.5,288.3
CMR,Cameroon,2007,1325.7,288.6
CMR,Cameroon,2008,1492.1,303.6
CMR,Cameroon,2009,1461.4,300.3
CMR,Cameroon,2010,1398.6,297.9
CMR,Cameroon,2011,1514.0,290.6
CMR,Cameroon,2012,1449.1,314.8
CMR,Cameroon,2013,1575.9,330.8
CMR,Cameroon,2014,1649.4,344.5
CMR,Cameroon,2015,1415.0,350.6
CMR,Cameroon,2016,1441.7,305.3
CMR,Cameroon,2017,1496.1,336.1
CMR,Cameroon,2018,1610.7,346.3
CMR,Cameroon,2019,1555.2,326.6
CMR,Cameroon,2020,1555.6,338.0
CMR,Cameroon,2021,1672.3,312.5
CMR,Cameroon,2022,1604.9,294.9
CMR,Cameroon,2023,1720.5,256.6
COD,"Congo, Dem. Rep.",2000,377.9,92.5
COD,"Congo, Dem. Rep.",2001,142.7,90.7
COD,"Congo, Dem. Rep.",2002,162.4,88.4
COD,"Congo, Dem. Rep.",2003,161.5,86.4
COD,"Congo, Dem. Rep.",2004,180.7,98.8
COD,"Congo, Dem. Rep.",2005,214.5,96.5
COD,"Congo, Dem. Rep.",2006,255.4,102.1
COD,"Congo, Dem. Rep.",2007,294.1,104.0
COD,"Congo, Dem. Rep.",2008,352.9,107.5
COD,"Congo, Dem. Rep.",2009,280.2,105.9
COD,"Congo, Dem. Rep.",2010,352.4,103.3
COD,"Congo, Dem. Rep.",2011,372.5,108.5
COD,"Congo, Dem. Rep.",2012,409.9,110.6
COD,"Congo, Dem. Rep.",2013,460.4,115.3
COD,"Congo, Dem. Rep.",2014,489.2,125.1
COD,"Congo, Dem. Rep.",2015,495.8,122.2
COD,"Congo, Dem. Rep.",2016,459.8,115.9
COD,"Congo, Dem. Rep.",2017,431.1,116.6
COD,"Congo, Dem. Rep.",2018,518.2,124.3
COD,"Congo, Dem. Rep.",2019,504.0,136.7
COD,"Congo, Dem. Rep.",2020,486.4,142.0
COD,"Congo, Dem. Rep.",2021,595.7,157.3
COD,"Congo, Dem. Rep.",2022,687.7,162.5
COD,"Congo, Dem. Rep.",2023,660.2,161.4
COG,"Congo, Rep.",2000,1024.3,174.5
COG,"Congo, Rep.",2001,854.6,192.5
COG,"Congo, Rep.",2002,905.5,223.8
COG,"Congo, Rep.",2003,1016.8,220.6
COG,"Congo, Rep.",2004,1306.1,224.4
COG,"Congo, Rep.",2005,1799.1,230.0
COG,"Congo, Rep.",2006,2103.6,224.1
COG,"Congo, Rep.",2007,2206.5,213.5
COG,"Congo, Rep.",2008,2832.1,218.8
COG,"Congo, Rep.",2009,2271.2,228.9
COG,"Congo, Rep.",2010,2946.6,244.3
COG,"Congo, Rep.",2011,3396.2,290.7
COG,"Congo, Rep.",2012,3732.3,369.2
COG,"Congo, Rep.",2013,3697.4,364.4
COG,"Congo, Rep.",2014,3601.2,353.7
COG,"Congo, Rep.",2015,2439.4,543.4
COG,"Congo, Rep.",2016,2093.1,568.7
COG,"Congo, Rep.",2017,2211.6,556.9
COG,"Congo, Rep.",2018,2694.4,561.7
COG,"Congo, Rep.",2019,2488.4,689.0
COG,"Congo, Rep.",2020,1993.6,697.1
COG,"Congo, Rep.",2021,2516.2,697.5
COG,"Congo, Rep.",2022,2620.8,820.2
COG,"Congo, Rep.",2023,2478.0,858.8
COL,Colombia,2000,2555.0,1096.2
COL,Colombia,2001,2473.0,1082.1
COL,Colombia,2002,2428.9,1093.6
COL,Colombia,2003,2311.9,1101.4
COL,Colombia,2004,2818.6,1148.2
COL,Colombia,2005,3456.1,1144.1
COL,Colombia,2006,3789.9,1207.5
COL,Colombia,2007,4769.9,1247.8
COL,Colombia,2008,5541.8,1235.9
COL,Colombia,2009,5251.0,1257.9
COL,Colombia,2010,6398.3,1327.5
COL,Colombia,2011,7401.0,1329.4
COL,Colombia,2012,8108.6,1363.9
COL,Colombia,2013,8279.1,1563.5
COL,Colombia,2014,8187.2,1496.0
COL,Colombia,2015,6248.5,1651.3
COL,Colombia,2016,5959.8,1612.6
COL,Colombia,2017,6479.5,1631.8
COL,Colombia,2018,6817.0,1597.6
COL,Colombia,2019,6472.5,1584.7
COL,Colombia,2020,5339.7,1556.4
COL,Colombia,2021,6222.6,1650.4
COL,Colombia,2022,6680.4,1609.8
COL,Colombia,2023,7012.5,1654.8
COM,Comoros,2000,633.3,56.0
COM,Comoros,2001,681.2,54.8
COM,Comoros,2002,764.6,53.7
COM,Comoros,2003,959.7,70.2
COM,Comoros,2004,1072.3,68.9
COM,Comoros,2005,1105.8,84.4
COM,Comoros,2006,1138.5,82.7
COM,Comoros,2007,1289.7,81.0
COM,Comoros,2008,1455.0,63.6
COM,Comoros,2009,1410.3,77.9
COM,Comoros,2010,1386.6,91.6
COM,Comoros,2011,1531.4,89.8
COM,Comoros,2012,1490.3,88.0
COM,Comoros,2013,1603.3,86.2
COM,Comoros,2014,1615.7,70.3
COM,Comoros,2015,1329.4,68.8
COM,Comoros,2016,1365.5,80.9
COM,Comoros,2017,1423.9,118.9
COM,Comoros,2018,1540.7,129.6
COM,Comoros,2019,1519.3,139.8
COM,Comoros,2020,1527.2,162.1
COM,Comoros,2021,1587.7,158.9
COM,Comoros,2022,1533.9,167.8
COM,Comoros,2023,1723.9,164.6
CPV,Cabo Verde,2000,1189.5,330.9
CPV,Cabo Verde,2001,1223.3,369.3
CPV,Cabo Verde,2002,1328.6,406.8
CPV,Cabo Verde,2003,1718.0,401.4
CPV,Cabo Verde,2004,1929.5,458.9
CPV,Cabo Verde,2005,2004.1,494.7
CPV,Cabo Verde,2006,2257.0,509.4
CPV,Cabo Verde,2007,3324.6,544.1
CPV,Cabo Verde,2008,3908.6,578.4
CPV,Cabo Verde,2009,3659.7,612.5
CPV,Cabo Verde,2010,3579.5,666.9
CPV,Cabo Verde,2011,4002.0,723.4
CPV,Cabo Verde,2012,3736.8,742.2
CPV,Cabo Verde,2013,3961.0,800.4
CPV,Cabo Verde,2014,3985.6,839.3
CPV,Cabo Verde,2015,3415.1,839.2
CPV,Cabo Verde,2016,3609.0,878.0
CPV,Cabo Verde,2017,3893.1,838.4
CPV,Cabo Verde,2018,4295.0,837.5
CPV,Cabo Verde,2019,4380.8,855.8
CPV,Cabo Verde,2020,3539.2,816.0
CPV,Cabo Verde,2021,3971.4,832.3
CPV,Cabo Verde,2022,4323.3,962.0
CPV,Cabo Verde,2023,4794.9,957.2
CRI,Costa Rica,2000,3812.8,1622.8
CRI,Costa Rica,2001,3985.1,1658.8
CRI,Costa Rica,2002,4067.7,1717.5
CRI,Costa Rica,2003,4173.1,1744.5
CRI,Costa Rica,2004,4431.0,1842.8
CRI,Costa Rica,2005,4703.0,1924.3
CRI,Costa Rica,2006,5256.6,2015.6
CRI,Costa Rica,2007,6137.7,2086.6
CRI,Costa Rica,2008,6937.2,2101.3
CRI,Costa Rica,2009,6832.7,2057.9
CRI,Costa Rica,2010,8265.8,2094.0
CRI,Costa Rica,2011,9276.4,2106.4
CRI,Costa Rica,2012,10127.0,2172.0
CRI,Costa Rica,2013,10803.2,2171.3
CRI,Costa Rica,2014,10911.5,2175.3
CRI,Costa Rica,2015,11714.7,2212.5
CRI,Costa Rica,2016,12091.0,2268.3
CRI,Costa Rica,2017,12317.1,2255.2
CRI,Costa Rica,2018,12620.0,2259.1
CRI,Costa Rica,2019,12951.9,2288.2
CRI,Costa Rica,2020,12475.7,2226.7
CRI,Costa Rica,2021,12962.3,2318.2
CRI,Costa Rica,2022,13971.8,2306.3
CRI,Costa Rica,2023,17140.8,2364.1
CUB,Cuba,2000,2751.4,1352.9
CUB,Cuba,2001,2843.0,1372.9
CUB,Cuba,2002,3005.2,1403.7
CUB,Cuba,2003,3202.8,1410.4
CUB,Cuba,2004,3399.2,1391.6
CUB,Cuba,2005,3786.3,1362.9
CUB,Cuba,2006,4330.0,1460.3
CUB,Cuba,2007,4807.4,1560.2
CUB,Cuba,2008,4986.1,1565.7
CUB,Cuba,2009,5089.2,1569.8
CUB,Cuba,2010,5272.3,1540.2
CUB,Cuba,2011,6104.5,1570.6
CUB,Cuba,2012,6470.8,1630.5
CUB,Cuba,2013,6828.4,1703.8
CUB,Cuba,2014,7146.7,1721.6
CUB,Cuba,2015,7727.9,1808.4
CUB,Cuba,2016,8110.6,1824.1
CUB,Cuba,2017,8610.6,1828.8
CUB,Cuba,2018,8911.5,1852.7
CUB,Cuba,2019,9232.3,1847.7
CUB,Cuba,2020,9605.3,1702.7
CYM,Cayman Islands,2006,87085.1,11605.7
CYM,Cayman Islands,2007,89888.3,12070.2
CYM,Cayman Islands,2008,89655.1,12115.3
CYM,Cayman Islands,2009,81373.6,11968.3
CYM,Cayman Islands,2010,76837.7,11456.0
CYM,Cayman Islands,2011,75281.0,11324.8
CYM,Cayman Islands,2012,75101.6,10672.7
CYM,Cayman Islands,2013,75113.7,10566.1
CYM,Cayman Islands,2014,75845.3,10302.6
CYM,Cayman Islands,2015,76379.2,10378.7
CYM,Cayman Islands,2016,77802.3,10614.5
CYM,Cayman Islands,2017,80053.9,10532.7
CYM,Cayman Islands,2018,83865.6,10157.4
CYM,Cayman Islands,2019,88254.3,10691.1
CYM,Cayman Islands,2020,82338.8,10043.2
CYM,Cayman Islands,2021,86449.7,9982.0
CYM,Cayman Islands,2022,92937.9,9775.2
CYM,Cayman Islands,2023,100065.2,9581.8
CYP,Cyprus,2000,14388.4,3556.1
CYP,Cyprus,2001,14821.4,3682.1
CYP,Cyprus,2002,16093.2,3861.7
CYP,Cyprus,2003,20252.2,4051.6
CYP,Cyprus,2004,23792.6,4126.2
CYP,Cyprus,2005,24959.3,4227.2
CYP,Cyprus,2006,26729.3,4410.0
CYP,Cyprus,2007,31244.9,4539.8
CYP,Cyprus,2008,35541.9,4647.0
CYP,Cyprus,2009,32236.5,4696.3
CYP,Cyprus,2010,31105.0,4725.9
CYP,Cyprus,2011,32485.8,4291.3
CYP,Cyprus,2012,28991.9,4050.1
CYP,Cyprus,2013,27764.7,3623.6
CYP,Cyprus,2014,26993.1,3611.2
CYP,Cyprus,2015,23088.4,3722.8
CYP,Cyprus,2016,24280.0,3952.7
CYP,Cyprus,2017,26247.5,3986.4
CYP,Cyprus,2018,29120.4,3981.9
CYP,Cyprus,2019,29227.2,4002.6
CYP,Cyprus,2020,28130.3,3724.3
CYP,Cyprus,2021,32937.8,3886.7
CYP,Cyprus,2022,33231.1,3950.8
CYP,Cyprus,2023,36623.7,3962.9
CZE,Czechia,2000,6062.9,6142.5
CZE,Czechia,2001,6669.1,6321.4
CZE,Czechia,2002,8101.3,6309.9
CZE,Czechia,2003,9852.5,6496.3
CZE,Czechia,2004,11782.6,6633.6
CZE,Czechia,2005,13442.5,6741.1
CZE,Czechia,2006,15259.1,6893.0
CZE,Czechia,2007,18452.7,6928.1
CZE,Czechia,2008,22774.7,6919.2
CZE,Czechia,2009,19817.4,6525.3
CZE,Czechia,2010,20160.4,6715.4
CZE,Czechia,2011,22049.1,6631.4
CZE,Czechia,2012,20014.0,6610.6
CZE,Czechia,2013,20260.5,6566.4
CZE,Czechia,2014,20038.4,6530.2
CZE,Czechia,2015,17931.6,6649.3
CZE,Czechia,2016,18754.0,6744.2
CZE,Czechia,2017,20913.2,6898.6
CZE,Czechia,2018,23705.9,6913.5
CZE,Czechia,2019,24062.7,6880.2
CZE,Czechia,2020,23472.9,6630.3
CZE,Czechia,2021,27696.5,6892.2
CZE,Czechia,2022,28282.2,6577.2
CZE,Czechia,2023,31761.6,6163.0
DEU,Germany,2000,23925.9,6993.0
DEU,Germany,2001,23878.4,7110.6
DEU,Germany,2002,25486.6,7234.9
DEU,Germany,2003,30711.1,7292.0
DEU,Germany,2004,34566.7,7393.8
DEU,Germany,2005,35084.4,7419.8
DEU,Germany,2006,36980.3,7505.6
DEU,Germany,2007,42350.9,7559.1
DEU,Germany,2008,46379.2,7547.6
DEU,Germany,2009,42471.9,7113.0
DEU,Germany,2010,42397.0,7537.5
DEU,Germany,2011,47631.0,7435.6
DEU,Germany,2012,44718.0,7406.0
DEU,Germany,2013,47206.8,7372.8
DEU,Germany,2014,48959.6,7187.2
DEU,Germany,2015,41929.8,7199.2
DEU,Germany,2016,42948.9,7141.1
DEU,Germany,2017,45553.9,7123.6
DEU,Germany,2018,48916.2,6999.5
DEU,Germany,2019,47656.2,6790.6
DEU,Germany,2020,47394.9,6549.4
DEU,Germany,2021,52349.2,6693.8
DEU,Germany,2022,50506.5,6417.5
DEU,Germany,2023,54776.8,6102.3
DJI,Djibouti,2000,737.6,240.9
DJI,Djibouti,2001,742.1,246.3
DJI,Djibouti,2002,743.0,251.4
DJI,Djibouti,2003,764.6,245.8
DJI,Djibouti,2004,806.3,266.3
DJI,Djibouti,2005,844.4,357.5
DJI,Djibouti,2006,898.5,362.2
DJI,Djibouti,2007,969.6,365.9
DJI,Djibouti,2008,1119.2,380.9
DJI,Djibouti,2009,1150.9,384.0
DJI,Djibouti,2010,1213.2,408.5
DJI,Djibouti,2011,1306.3,411.1
DJI,Djibouti,2012,1400.2,403.4
DJI,Djibouti,2013,2075.9,436.6
DJI,Djibouti,2014,2214.6,438.8
DJI,Djibouti,2015,2376.1,480.2
DJI,Djibouti,2016,2510.4,520.4
DJI,Djibouti,2017,2619.0,540.4
DJI,Djibouti,2018,2718.1,541.1
DJI,Djibouti,2019,2837.2,551.1
DJI,Djibouti,2020,2844.9,570.0
DJI,Djibouti,2021,3025.9,633.2
DJI,Djibouti,2022,3133.3,624.4
DJI,Djibouti,2023,3381.3,615.8
DMA,Dominica,2000,4867.4,1167.4
DMA,Dominica,2001,5527.5,1171.3
DMA,Dominica,2002,5488.0,1023.6
DMA,Dominica,2003,5447.4,1167.0
DMA,Dominica,2004,5778.8,1602.0
DMA,Dominica,2005,5695.2,1745.5
DMA,Dominica,2006,6055.8,1743.6
DMA,Dominica,2007,6459.0,1742.6
DMA,Dominica,2008,6971.3,1887.7
DMA,Dominica,2009,7487.5,1887.4
DMA,Dominica,2010,7549.6,2032.8
DMA,Dominica,2011,7705.4,2171.6
DMA,Dominica,2012,7528.5,2169.6
DMA,Dominica,2013,7822.2,2151.1
DMA,Dominica,2014,8131.7,2131.1
DMA,Dominica,2015,8282.6,2129.8
DMA,Dominica,2016,8802.6,2298.0
DMA,Dominica,2017,8224.6,1897.4
DMA,Dominica,2018,9215.3,1613.0
DMA,Dominica,2019,9491.1,2061.8
DMA,Dominica,2020,7827.7,2071.4
DMA,Dominica,2021,8376.4,2082.7
DMA,Dominica,2022,9323.7,2243.9
DMA,Dominica,2023,9913.0,2254.6
DNK,Denmark,2000,30722.0,6837.5
DNK,Denmark,2001,30768.5,6898.9
DNK,Denmark,2002,33257.2,6888.1
DNK,Denmark,2003,40519.1,6941.7
DNK,Denmark,2004,46625.1,6914.5
DNK,Denmark,2005,48925.8,6910.2
DNK,Denmark,2006,52119.2,7082.4
DNK,Denmark,2007,58631.7,6992.5
DNK,Denmark,2008,64616.7,6904.2
DNK,Denmark,2009,58412.7,6623.0
DNK,Denmark,2010,58104.5,6779.2
DNK,Denmark,2011,61809.7,6539.4
DNK,Denmark,2012,58443.8,6398.5
DNK,Denmark,2013,61377.6,6355.8
DNK,Denmark,2014,62520.5,6182.0
DNK,Denmark,2015,53094.0,6103.4
DNK,Denmark,2016,54500.9,6190.4
DNK,Denmark,2017,57521.6,6150.7
DNK,Denmark,2018,61324.8,6115.1
DNK,Denmark,2019,59404.3,6050.3
DNK,Denmark,2020,60985.5,6080.7
DNK,Denmark,2021,69340.7,6452.4
DNK,Denmark,2022,67781.1,6186.8
DNK,Denmark,2023,68043.5,6223.8
DOM,Dominican Republic,2000,2831.5,1515.6
DOM,Dominican Republic,2001,2935.9,1472.4
DOM,Dominican Republic,2002,3065.6,1570.2
DOM,Dominican Republic,2003,2383.3,1579.0
DOM,Dominican Republic,2004,2451.7,1320.2
DOM,Dominican Republic,2005,3878.3,1446.1
DOM,Dominican Republic,2006,4055.1,1510.5
DOM,Dominican Republic,2007,4649.6,1540.9
DOM,Dominican Republic,2008,5023.6,1526.1
DOM,Dominican Republic,2009,4974.0,1418.2
DOM,Dominican Republic,2010,5478.6,1505.1
DOM,Dominican Republic,2011,5826.5,1584.6
DOM,Dominican Republic,2012,6013.8,1678.2
DOM,Dominican Republic,2013,6136.6,1738.3
DOM,Dominican Republic,2014,6496.5,1675.1
DOM,Dominican Republic,2015,6801.0,1725.0
DOM,Dominican Republic,2016,7160.4,1779.9
DOM,Dominican Republic,2017,7412.7,1800.0
DOM,Dominican Republic,2018,7883.0,1817.8
DOM,Dominican Republic,2019,8183.0,1953.4
DOM,Dominican Republic,2020,7135.2,1770.5
DOM,Dominican Republic,2021,8527.1,1926.6
DOM,Dominican Republic,2022,10104.2,1974.0
DOM,Dominican Republic,2023,10630.4,2167.5
DZA,Algeria,2000,1772.9,819.6
DZA,Algeria,2001,1896.3,848.0
DZA,Algeria,2002,1937.5,870.2
DZA,Algeria,2003,2283.8,919.3
DZA,Algeria,2004,2817.0,958.1
DZA,Algeria,2005,3233.1,1026.6
DZA,Algeria,2006,3660.7,1050.2
DZA,Algeria,2007,4167.5,1088.1
DZA,Algeria,2008,5180.9,1154.0
DZA,Algeria,2009,4235.4,1084.0
DZA,Algeria,2010,4912.8,1261.7
DZA,Algeria,2011,5916.3,1384.2
DZA,Algeria,2012,6033.6,1523.4
DZA,Algeria,2013,5979.6,1556.7
DZA,Algeria,2014,6094.7,1634.5
DZA,Algeria,2015,4685.1,1719.4
DZA,Algeria,2016,4425.0,1732.9
DZA,Algeria,2017,4554.7,1816.5
DZA,Algeria,2018,4577.2,1803.6
DZA,Algeria,2019,4468.5,1881.8
DZA,Algeria,2020,3743.5,1800.8
DZA,Algeria,2021,4160.6,1886.7
DZA,Algeria,2022,4960.3,1954.8
DZA,Algeria,2023,5370.5,2024.1
ECU,Ecuador,2000,1382.2,831.4
ECU,Ecuador,2001,1791.3,852.0
ECU,Ecuador,2002,2059.2,903.5
ECU,Ecuador,2003,2315.6,937.0
ECU,Ecuador,2004,2586.2,1058.9
ECU,Ecuador,2005,2909.0,1036.4
ECU,Ecuador,2006,3243.7,1111.0
ECU,Ecuador,2007,3478.9,1261.1
ECU,Ecuador,2008,4194.8,1300.2
ECU,Ecuador,2009,4053.4,1299.1
ECU,Ecuador,2010,4520.3,1345.1
ECU,Ecuador,2011,5153.7,1416.5
ECU,Ecuador,2012,5634.1,1474.4
ECU,Ecuador,2013,6109.3,1505.0
ECU,Ecuador,2014,6405.8,1557.8
ECU,Ecuador,2015,5976.2,1616.8
ECU,Ecuador,2016,5917.6,1626.2
ECU,Ecuador,2017,6233.3,1649.2
ECU,Ecuador,2018,6303.9,1705.6
ECU,Ecuador,2019,6205.1,1766.4
ECU,Ecuador,2020,5463.6,1721.2
ECU,Ecuador,2021,6061.3,1807.4
ECU,Ecuador,2022,6515.6,1870.0
ECU,Ecuador,2023,6718.1,2035.6
EGY,"Egypt, Arab Rep.",2000,1366.1,1001.2
EGY,"Egypt, Arab Rep.",2001,1295.1,1078.3
EGY,"Egypt, Arab Rep.",2002,1116.8,1120.8
EGY,"Egypt, Arab Rep.",2003,1031.3,1172.3
EGY,"Egypt, Arab Rep.",2004,991.3,1227.4
EGY,"Egypt, Arab Rep.",2005,1105.5,1284.3
EGY,"Egypt, Arab Rep.",2006,1299.0,1345.9
EGY,"Egypt, Arab Rep.",2007,1547.7,1415.6
EGY,"Egypt, Arab Rep.",2008,1896.2,1489.6
EGY,"Egypt, Arab Rep.",2009,2161.6,1523.7
EGY,"Egypt, Arab Rep.",2010,2455.1,1603.1
EGY,"Egypt, Arab Rep.",2011,2590.6,1624.5
EGY,"Egypt, Arab Rep.",2012,2996.1,1743.6
EGY,"Egypt, Arab Rep.",2013,3025.5,1727.4
EGY,"Egypt, Arab Rep.",2014,3133.4,1748.8
EGY,"Egypt, Arab Rep.",2015,3307.0,1818.7
EGY,"Egypt, Arab Rep.",2016,3270.6,1848.8
EGY,"Egypt, Arab Rep.",2017,2395.1,1860.0
EGY,"Egypt, Arab Rep.",2018,2484.7,1881.3
EGY,"Egypt, Arab Rep.",2019,2963.0,1857.5
EGY,"Egypt, Arab Rep.",2020,3511.1,1803.8
EGY,"Egypt, Arab Rep.",2021,3827.4,1876.3
EGY,"Egypt, Arab Rep.",2022,4233.3,1910.4
EGY,"Egypt, Arab Rep.",2023,3456.8,1925.4
ERI,Eritrea,2000,314.4,93.5
ERI,Eritrea,2001,325.4,99.5
ERI,Eritrea,2002,304.8,108.7
ERI,Eritrea,2003,349.0,112.3
ERI,Eritrea,2004,426.8,107.8
ERI,Eritrea,2005,412.8,109.0
ERI,Eritrea,2006,448.0,99.9
ERI,Eritrea,2007,480.4,105.7
ERI,Eritrea,2008,490.1,99.4
ERI,Eritrea,2009,642.9,100.4
ERI,Eritrea,2010,539.7,105.3
ERI,Eritrea,2011,688.7,106.7
ESP,Spain,2000,14743.3,5493.9
ESP,Spain,2001,15368.2,5734.4
ESP,Spain,2002,17111.1,5873.2
ESP,Spain,2003,21522.0,6082.8
ESP,Spain,2004,24925.0,6327.8
ESP,Spain,2005,26451.0,6554.3
ESP,Spain,2006,28421.7,6540.0
ESP,Spain,2007,32652.0,6505.6
ESP,Spain,2008,35603.2,6461.5
ESP,Spain,2009,32279.8,6060.2
ESP,Spain,2010,30658.7,6179.9
ESP,Spain,2011,31824.6,6073.7
ESP,Spain,2012,28456.4,6013.6
ESP,Spain,2013,29228.8,5862.3
ESP,Spain,2014,29707.8,5801.1
ESP,Spain,2015,25982.4,5934.4
ESP,Spain,2016,26755.6,5956.6
ESP,Spain,2017,28381.3,6007.2
ESP,Spain,2018,30602.4,5998.8
ESP,Spain,2019,29786.5,5847.6
ESP,Spain,2020,27233.9,5510.8
ESP,Spain,2021,30799.5,5689.7
ESP,Spain,2022,30319.5,5589.8
ESP,Spain,2023,33493.2,5534.2
EST,Estonia,2000,4070.6,5425.9
EST,Estonia,2001,4502.7,5669.3
EST,Estonia,2002,5343.2,5683.5
EST,Estonia,2003,7205.4,6025.5
EST,Estonia,2004,8916.1,6252.4
EST,Estonia,2005,10414.6,6340.2
EST,Estonia,2006,12641.5,6667.2
EST,Estonia,2007,16745.4,7279.7
EST,Estonia,2008,18205.9,7209.8
EST,Estonia,2009,14712.4,6639.1
EST,Estonia,2010,14663.7,7300.3
EST,Estonia,2011,17555.5,7029.0
EST,Estonia,2012,17568.2,7349.1
EST,Estonia,2013,19310.4,7352.5
EST,Estonia,2014,20581.8,7379.5
EST,Estonia,2015,17722.2,7021.3
EST,Estonia,2016,18666.4,7698.4
EST,Estonia,2017,20851.5,7916.9
EST,Estonia,2018,23618.1,7920.0
EST,Estonia,2019,24021.3,7363.5
EST,Estonia,2020,23934.0,7310.1
EST,Estonia,2021,27951.2,7373.8
EST,Estonia,2022,28340.4,7369.9
EST,Estonia,2023,30264.0,6612.1
ETH,Ethiopia,2000,122.3,25.1
ETH,Ethiopia,2001,118.5,29.4
ETH,Ethiopia,2002,109.6,28.8
ETH,Ethiopia,2003,116.8,31.6
ETH,Ethiopia,2004,133.2,33.8
ETH,Ethiopia,2005,158.2,36.7
ETH,Ethiopia,2006,189.3,41.0
ETH,Ethiopia,2007,237.1,41.3
ETH,Ethiopia,2008,316.4,38.9
ETH,Ethiopia,2009,368.6,41.1
ETH,Ethiopia,2010,330.6,55.3
ETH,Ethiopia,2011,343.0,64.5
ETH,Ethiopia,2012,452.1,73.2
ETH,Ethiopia,2013,484.0,81.6
ETH,Ethiopia,2014,550.0,86.1
ETH,Ethiopia,2015,597.9,93.3
ETH,Ethiopia,2016,641.7,104.7
ETH,Ethiopia,2017,696.3,106.6
ETH,Ethiopia,2018,739.7,117.4
ETH,Ethiopia,2019,793.5,122.4
ETH,Ethiopia,2020,829.8,117.6
ETH,Ethiopia,2021,893.0,115.6
ETH,Ethiopia,2022,982.1,124.9
ETH,Ethiopia,2023,1055.8,124.3
FIN,Finland,2000,24335.9,15812.8
FIN,Finland,2001,24965.2,16270.3
FIN,Finland,2002,26989.4,16698.2
FIN,Finland,2003,32920.1,17097.8
FIN,Finland,2004,37768.1,17350.3
FIN,Finland,2005,39049.9,16692.5
FIN,Finland,2006,41214.0,17790.7
FIN,Finland,2007,48473.0,17722.6
FIN,Finland,2008,53769.5,16961.0
FIN,Finland,2009,47478.3,15761.8
FIN,Finland,2010,46506.3,16993.1
FIN,Finland,2011,51060.3,16211.2
FIN,Finland,2012,47551.7,16226.5
FIN,Finland,2013,49691.0,15989.9
FIN,Finland,2014,50073.8,15758.9
FIN,Finland,2015,42560.3,15502.6
FIN,Finland,2016,43451.3,15958.6
FIN,Finland,2017,46085.0,15966.5
FIN,Finland,2018,49654.2,16347.8
FIN,Finland,2019,48358.2,16054.7
FIN,Finland,2020,48828.7,15252.4
FIN,Finland,2021,53099.1,16220.7
FIN,Finland,2022,50440.6,15206.6
FIN,Finland,2023,52864.7,14861.1
FJI,Fiji,2000,1995.7,891.9
FJI,Fiji,2001,1945.0,929.8
FJI,Fiji,2002,2136.6,967.3
FJI,Fiji,2003,2655.6,1004.3
FJI,Fiji,2004,3097.2,1006.4
FJI,Fiji,2005,3377.7,1008.6
FJI,Fiji,2006,3455.1,1010.8
FJI,Fiji,2007,3762.7,991.3
FJI,Fiji,2008,3899.9,929.8
FJI,Fiji,2009,3164.1,914.9
FJI,Fiji,2010,3449.1,966.6
FJI,Fiji,2011,4139.6,931.0
FJI,Fiji,2012,4341.4,940.0
FJI,Fiji,2013,4572.4,960.3
FJI,Fiji,2014,5293.4,991.7
FJI,Fiji,2015,5097.5,1012.4
FJI,Fiji,2016,5363.8,1033.5
FJI,Fiji,2017,5826.8,1110.2
FJI,Fiji,2018,6085.4,1199.3
FJI,Fiji,2019,5842.1,1246.0
FJI,Fiji,2020,4620.6,1180.4
FJI,Fiji,2021,4536.7,1156.3
FJI,Fiji,2022,5414.1,1163.8
FJI,Fiji,2023,5926.2,1244.4
FRA,France,2000,22340.6,7785.0
FRA,France,2001,22331.8,7916.0
FRA,France,2002,24144.6,7860.6
FRA,France,2003,29479.5,8111.8
FRA,France,2004,33644.9,8245.0
FRA,France,2005,34696.4,8256.5
FRA,France,2006,36431.6,8121.9
FRA,France,2007,41486.2,8089.2
FRA,France,2008,45464.8,8266.8
FRA,France,2009,41728.1,7969.7
FRA,France,2010,40694.8,8383.4
FRA,France,2011,43929.8,8021.5
FRA,France,2012,40863.6,8165.4
FRA,France,2013,42669.2,8204.8
FRA,France,2014,43148.0,7715.3
FRA,France,2015,36702.4,7857.5
FRA,France,2016,37024.2,7948.5
FRA,France,2017,38687.2,7897.9
FRA,France,2018,41418.2,7833.8
FRA,France,2019,40408.3,7726.4
FRA,France,2020,39169.9,7316.7
FRA,France,2021,43725.1,7648.2
FRA,France,2022,40988.6,7293.4
FRA,France,2023,44700.1,7048.3
FRO,Faroe Islands,2000,23322.8,4815.4
FRO,Faroe Islands,2001,24879.8,5187.8
FRO,Faroe Islands,2002,26937.7,5122.5
FRO,Faroe Islands,2003,31269.6,5058.2
FRO,Faroe Islands,2004,35647.5,5203.9
FRO,Faroe Islands,2005,36389.1,5166.8
FRO,Faroe Islands,2006,41743.7,5159.3
FRO,Faroe Islands,2007,48348.7,5567.2
FRO,Faroe Islands,2008,51287.9,5563.8
FRO,Faroe Islands,2009,47060.2,5565.6
FRO,Faroe Islands,2010,47924.1,5810.2
FRO,Faroe Islands,2011,51620.1,5630.0
FRO,Faroe Islands,2012,50263.0,6027.5
FRO,Faroe Islands,2013,55759.4,6004.5
FRO,Faroe Islands,2014,60173.3,6389.8
FRO,Faroe Islands,2015,52638.3,6541.8
FRO,Faroe Islands,2016,56876.4,6255.8
FRO,Faroe Islands,2017,59388.5,6564.8
FRO,Faroe Islands,2018,62525.3,6854.4
FRO,Faroe Islands,2019,63070.7,7326.3
FRO,Faroe Islands,2020,62247.9,7792.5
FRO,Faroe Islands,2021,69421.7,8063.9
FRO,Faroe Islands,2022,67069.4,8882.5
FRO,Faroe Islands,2023,72486.7,8951.7
GAB,Gabon,2000,3982.9,1027.0
GAB,Gabon,2001,3835.8,1069.0
GAB,Gabon,2002,3966.5,1092.8
GAB,Gabon,2003,4710.7,1106.8
GAB,Gabon,2004,5465.8,1076.2
GAB,Gabon,2005,6547.9,1072.8
GAB,Gabon,2006,6847.0,1100.5
GAB,Gabon,2007,8003.5,1111.7
GAB,Gabon,2008,9688.6,1126.2
GAB,Gabon,2009,7290.6,1101.4
GAB,Gabon,2010,8356.7,1122.2
GAB,Gabon,2011,10219.1,1139.2
GAB,Gabon,2012,9297.0,1169.5
GAB,Gabon,2013,9197.7,1186.6
GAB,Gabon,2014,9201.4,1203.0
GAB,Gabon,2015,7047.1,1205.3
GAB,Gabon,2016,6677.1,1209.3
GAB,Gabon,2017,6921.7,1251.8
GAB,Gabon,2018,7624.3,1487.1
GAB,Gabon,2019,7441.2,1486.1
GAB,Gabon,2020,6605.8,1494.1
GAB,Gabon,2021,8181.4,1468.4
GAB,Gabon,2022,8409.2,1534.5
GAB,Gabon,2023,7802.8,1275.8
GBR,United Kingdom,2000,28383.9,6624.6
GBR,United Kingdom,2001,28013.9,6665.3
GBR,United Kingdom,2002,30158.7,6645.0
GBR,United Kingdom,2003,34556.8,6692.9
GBR,United Kingdom,2004,40504.4,6671.3
GBR,United Kingdom,2005,42240.2,6711.2
GBR,United Kingdom,2006,44695.2,6630.3
GBR,United Kingdom,2007,50629.1,6533.1
GBR,United Kingdom,2008,47652.4,6448.5
GBR,United Kingdom,2009,39009.4,6073.3
GBR,United Kingdom,2010,39778.3,6106.0
GBR,United Kingdom,2011,42295.9,5891.9
GBR,United Kingdom,2012,42688.3,5874.4
GBR,United Kingdom,2013,43607.7,5788.4
GBR,United Kingdom,2014,47747.0,5528.3
GBR,United Kingdom,2015,45256.0,5505.8
GBR,United Kingdom,2016,41258.5,5416.8
GBR,United Kingdom,2017,40918.1,5319.6
GBR,United Kingdom,2018,43704.3,5286.2
GBR,United Kingdom,2019,43160.7,5190.8
GBR,United Kingdom,2020,40815.1,4878.1
GBR,United Kingdom,2021,47695.6,4915.7
GBR,United Kingdom,2022,47034.8,4697.6
GBR,United Kingdom,2023,49919.7,4598.4
GEO,Georgia,2000,749.9,1758.2
GEO,Georgia,2001,802.0,1698.5
GEO,Georgia,2002,853.5,1850.8
GEO,Georgia,2003,1010.0,1960.6
GEO,Georgia,2004,1305.0,2006.9
GEO,Georgia,2005,1642.8,2123.6
GEO,Georgia,2006,1996.0,2024.2
GEO,Georgia,2007,2635.4,2091.9
GEO,Georgia,2008,3324.8,2095.8
GEO,Georgia,2009,2822.7,2000.5
GEO,Georgia,2010,3281.7,2230.5
GEO,Georgia,2011,4119.7,2473.7
GEO,Georgia,2012,4530.7,2529.2
GEO,Georgia,2013,4712.0,2627.9
GEO,Georgia,2014,4830.3,2778.9
GEO,Georgia,2015,4086.6,2845.8
GEO,Georgia,2016,4143.4,3008.9
GEO,Georgia,2017,4418.8,3229.8
GEO,Georgia,2018,4804.1,3415.1
GEO,Georgia,2019,4741.3,3487.2
GEO,Georgia,2020,4300.9,3324.8
GEO,Georgia,2021,5083.6,3764.1
GEO,Georgia,2022,6729.8,3902.7
GEO,Georgia,2023,8283.7,3611.3
GHA,Ghana,2000,253.7,375.8
GHA,Ghana,2001,263.5,394.7
GHA,Ghana,2002,297.5,371.5
GHA,Ghana,2003,358.4,292.1
GHA,Ghana,2004,406.1,284.0
GHA,Ghana,2005,478.6,308.2
GHA,Ghana,2006,906.4,358.5
GHA,Ghana,2007,1050.1,302.4
GHA,Ghana,2008,1182.7,332.4
GHA,Ghana,2009,1047.7,337.5
GHA,Ghana,2010,1263.9,360.7
GHA,Ghana,2011,1507.4,410.0
GHA,Ghana,2012,1543.8,434.3
GHA,Ghana,2013,2294.8,456.1
GHA,Ghana,2014,1949.9,449.7
GHA,Ghana,2015,1722.8,393.1
GHA,Ghana,2016,1912.5,467.7
GHA,Ghana,2017,2012.3,444.9
GHA,Ghana,2018,2195.3,467.1
GHA,Ghana,2019,2186.7,511.9
GHA,Ghana,2020,2195.5,564.2
GHA,Ghana,2021,2445.2,627.0
GHA,Ghana,2022,2229.9,635.0
GHA,Ghana,2023,2383.9,646.7
GIN,Guinea,2000,518.2,96.1
GIN,Guinea,2001,483.1,112.4
GIN,Guinea,2002,495.9,116.4
GIN,Guinea,2003,566.5,96.9
GIN,Guinea,2004,584.9,99.3
GIN,Guinea,2005,463.2,85.4
GIN,Guinea,2006,447.0,77.3
GIN,Guinea,2007,650.1,80.7
GIN,Guinea,2008,703.5,81.8
GIN,Guinea,2009,662.2,78.9
GIN,Guinea,2010,659.2,60.6
GIN,Guinea,2011,636.7,51.6
GIN,Guinea,2012,699.4,66.8
GIN,Guinea,2013,748.5,58.1
GIN,Guinea,2014,765.1,61.9
GIN,Guinea,2015,747.4,96.9
GIN,Guinea,2016,712.0,133.4
GIN,Guinea,2017,833.6,142.9
GIN,Guinea,2018,933.3,152.7
GIN,Guinea,2019,1031.3,157.3
GIN,Guinea,2020,1053.7,185.5
GIN,Guinea,2021,1245.0,265.5
GIN,Guinea,2022,1416.6,284.6
GIN,Guinea,2023,1555.5,277.7
GMB,"Gambia, The",2000,538.1,89.3
GMB,"Gambia, The",2001,459.8,100.3
GMB,"Gambia, The",2002,376.5,97.7
GMB,"Gambia, The",2003,308.7,107.8
GMB,"Gambia, The",2004,593.3,117.2
GMB,"Gambia, The",2005,616.5,120.0
GMB,"Gambia, The",2006,614.5,128.3
GMB,"Gambia, The",2007,724.7,130.3
GMB,"Gambia, The",2008,859.1,132.0
GMB,"Gambia, The",2009,774.9,128.2
GMB,"Gambia, The",2010,801.0,129.8
GMB,"Gambia, The",2011,710.6,126.0
GMB,"Gambia, The",2012,692.6,122.4
GMB,"Gambia, The",2013,653.9,118.8
GMB,"Gambia, The",2014,568.0,115.5
GMB,"Gambia, The",2015,619.5,125.9
GMB,"Gambia, The",2016,650.1,131.4
GMB,"Gambia, The",2017,642.5,132.4
GMB,"Gambia, The",2018,696.2,162.5
GMB,"Gambia, The",2019,738.2,187.2
GMB,"Gambia, The",2020,720.3,190.8
GMB,"Gambia, The",2021,781.9,194.1
GMB,"Gambia, The",2022,836.2,193.4
GMB,"Gambia, The",2023,883.0,189.0
GNB,Guinea-Bissau,2000,316.9,24.3
GNB,Guinea-Bissau,2001,327.1,15.9
GNB,Guinea-Bissau,2002,362.0,15.5
GNB,Guinea-Bissau,2003,419.8,15.2
GNB,Guinea-Bissau,2004,431.4,22.2
GNB,Guinea-Bissau,2005,463.1,21.7
GNB,Guinea-Bissau,2006,448.5,21.2
GNB,Guinea-Bissau,2007,519.1,20.7
GNB,Guinea-Bissau,2008,640.2,20.2
GNB,Guinea-Bissau,2009,583.2,19.7
GNB,Guinea-Bissau,2010,600.2,19.2
GNB,Guinea-Bissau,2011,719.5,18.7
GNB,Guinea-Bissau,2012,635.5,18.2
GNB,Guinea-Bissau,2013,654.3,11.8
GNB,Guinea-Bissau,2014,652.0,17.2
GNB,Guinea-Bissau,2015,645.1,33.6
GNB,Guinea-Bissau,2016,679.7,43.7
GNB,Guinea-Bissau,2017,783.1,42.6
GNB,Guinea-Bissau,2018,808.5,41.6
GNB,Guinea-Bissau,2019,811.2,40.7
GNB,Guinea-Bissau,2020,846.9,39.7
GNB,Guinea-Bissau,2021,926.5,38.9
GNB,Guinea-Bissau,2022,881.6,38.0
GNB,Guinea-Bissau,2023,964.4,37.2
GNQ,Equatorial Guinea,2000,1487.3,71.1
GNQ,Equatorial Guinea,2001,1948.6,80.0
GNQ,Equatorial Guinea,2002,2264.2,87.7
GNQ,Equatorial Guinea,2003,2930.6,82.6
GNQ,Equatorial Guinea,2004,4901.3,100.0
GNQ,Equatorial Guinea,2005,8673.9,105.6
GNQ,Equatorial Guinea,2006,10184.9,111.1
GNQ,Equatorial Guinea,2007,12617.0,125.5
GNQ,Equatorial Guinea,2008,18210.6,184.4
GNQ,Equatorial Guinea,2009,13232.5,193.7
GNQ,Equatorial Guinea,2010,13720.2,185.0
GNQ,Equatorial Guinea,2011,17198.2,241.6
GNQ,Equatorial Guinea,2012,17308.6,417.5
GNQ,Equatorial Guinea,2013,16304.1,631.4
GNQ,Equatorial Guinea,2014,15548.7,778.7
GNQ,Equatorial Guinea,2015,9068.9,894.1
GNQ,Equatorial Guinea,2016,7453.2,928.3
GNQ,Equatorial Guinea,2017,7809.1,857.7
GNQ,Equatorial Guinea,2018,8102.5,835.2
GNQ,Equatorial Guinea,2019,6804.1,838.2
GNQ,Equatorial Guinea,2020,5764.1,821.4
GNQ,Equatorial Guinea,2021,6945.6,813.1
GNQ,Equatorial Guinea,2022,7589.3,837.2
GNQ,Equatorial Guinea,2023,6788.4,774.0
GRC,Greece,2000,11638.2,4908.8
GRC,Greece,2001,12157.0,5076.0
GRC,Greece,2002,13782.2,5166.1
GRC,Greece,2003,18020.6,5437.6
GRC,Greece,2004,21449.3,5575.8
GRC,Greece,2005,22054.1,5692.4
GRC,Greece,2006,24416.0,5774.3
GRC,Greece,2007,28440.8,6044.0
GRC,Greece,2008,31695.8,6120.0
GRC,Greece,2009,29425.5,5825.5
GRC,Greece,2010,26653.0,5602.0
GRC,Greece,2011,25504.8,5552.3
GRC,Greece,2012,21624.3,5583.7
GRC,Greece,2013,21573.3,5312.0
GRC,Greece,2014,21474.7,5364.8
GRC,Greece,2015,17980.7,5605.8
GRC,Greece,2016,17919.2,5813.2
GRC,Greece,2017,18632.0,5676.3
GRC,Greece,2018,19873.4,5487.9
GRC,Greece,2019,19335.4,5400.9
GRC,Greece,2020,17886.7,5268.5
GRC,Greece,2021,20652.9,5474.7
GRC,Greece,2022,20884.7,5293.6
GRC,Greece,2023,23343.7,5256.3
GRD,Grenada,2000,4839.8,1209.7
GRD,Grenada,2001,4819.5,1296.3
GRD,Grenada,2002,4984.5,1383.6
GRD,Grenada,2003,5428.0,1469.3
GRD,Grenada,2004,5480.3,1280.4
GRD,Grenada,2005,6338.6,1366.8
GRD,Grenada,2006,6344.0,1543.4
GRD,Grenada,2007,6864.5,1628.5
GRD,Grenada,2008,7448.2,1713.1
GRD,Grenada,2009,6932.6,1797.5
GRD,Grenada,2010,6909.6,1881.7
GRD,Grenada,2011,6947.4,1784.2
GRD,Grenada,2012,7092.7,1773.2
GRD,Grenada,2013,7424.8,1762.1
GRD,Grenada,2014,7986.3,1752.1
GRD,Grenada,2015,8694.1,1831.0
GRD,Grenada,2016,9221.2,1910.6
GRD,Grenada,2017,9751.4,1992.2
GRD,Grenada,2018,10083.0,1987.8
GRD,Grenada,2019,10462.8,2069.1
GRD,Grenada,2020,8968.6,1890.8
GRD,Grenada,2021,9617.3,1970.9
GRD,Grenada,2022,10469.4,2052.5
GRD,Grenada,2023,11414.5,2049.6
GRL,Greenland,2000,19009.1,5157.6
GRL,Greenland,2001,19265.5,4961.6
GRL,Greenland,2002,20658.0,5475.4
GRL,Greenland,2003,27466.6,5459.6
GRL,Greenland,2004,32031.0,5797.0
GRL,Greenland,2005,32489.7,5968.2
GRL,Greenland,2006,35457.6,6151.0
GRL,Greenland,2007,39780.9,6337.2
GRL,Greenland,2008,44366.8,6527.5
GRL,Greenland,2009,44918.8,7250.6
GRL,Greenland,2010,44277.2,7239.5
GRL,Greenland,2011,47186.9,7915.1
GRL,Greenland,2012,45937.0,7923.0
GRL,Greenland,2013,47535.5,8137.0
GRL,Greenland,2014,50485.2,8541.7
GRL,Greenland,2015,44536.4,9099.3
GRL,Greenland,2016,48181.7,8558.9
GRL,Greenland,2017,50765.7,8913.6
GRL,Greenland,2018,54545.1,9269.2
GRL,Greenland,2019,53309.2,8733.0
GRL,Greenland,2020,54812.7,9268.3
GRL,Greenland,2021,58136.0,9096.6
GRL,Greenland,2022,55635.0,9640.4
GRL,Greenland,2023,58499.0,10902.4
GTM,Guatemala,2000,1649.0,492.4
GTM,Guatemala,2001,1537.7,536.4
GTM,Guatemala,2002,1669.3,512.8
GTM,Guatemala,2003,1722.5,519.7
GTM,Guatemala,2004,1840.9,468.5
GTM,Guatemala,2005,2046.5,507.3
GTM,Guatemala,2006,2225.1,582.8
GTM,Guatemala,2007,2458.8,629.9
GTM,Guatemala,2008,2763.1,617.9
GTM,Guatemala,2009,2611.6,622.6
GTM,Guatemala,2010,2805.3,624.8
GTM,Guatemala,2011,3169.0,614.5
GTM,Guatemala,2012,3286.6,622.3
GTM,Guatemala,2013,3444.2,636.9
GTM,Guatemala,2014,3689.1,646.6
GTM,Guatemala,2015,3893.5,668.1
GTM,Guatemala,2016,4060.1,692.7
GTM,Guatemala,2017,4325.0,686.3
GTM,Guatemala,2018,4352.9,687.4
GTM,Guatemala,2019,4512.0,681.1
GTM,Guatemala,2020,4477.6,711.5
GTM,Guatemala,2021,4912.6,880.7
GTM,Guatemala,2022,5356.9,776.6
GTM,Guatemala,2023,5754.4,871.2
GUM,Guam,2002,20910.0,10596.0
GUM,Guam,2003,21877.3,10910.5
GUM,Guam,2004,23618.8,11476.4
GUM,Guam,2005,25632.0,11559.1
GUM,Guam,2006,25709.9,11465.1
GUM,Guam,2007,26605.4,11374.8
GUM,Guam,2008,28112.2,11345.5
GUM,Guam,2009,29054.1,11252.2
GUM,Guam,2010,29719.8,11229.0
GUM,Guam,2011,29926.2,11047.5
GUM,Guam,2012,31653.8,10700.5
GUM,Guam,2013,32530.8,10483.3
GUM,Guam,2014,33900.1,10272.4
GUM,Guam,2015,35165.7,10369.0
GUM,Guam,2016,35930.7,10594.3
GUM,Guam,2017,36779.0,10825.6
GUM,Guam,2018,37196.0,10633.8
GUM,Guam,2019,39274.9,10814.6
GUM,Guam,2020,36482.9,10544.7
GUM,Guam,2021,38074.9,10626.5
GUM,Guam,2022,41833.2,10896.3
GUY,Guyana,2000,931.8,1176.7
GUY,Guyana,2001,931.6,1203.4
GUY,Guyana,2002,950.9,1204.7
GUY,Guyana,2003,973.7,1074.6
GUY,Guyana,2004,1033.3,1128.0
GUY,Guyana,2005,1084.1,854.2
GUY,Guyana,2006,3135.6,869.6
GUY,Guyana,2007,3608.3,924.9
GUY,Guyana,2008,4009.0,940.9
GUY,Guyana,2009,4209.1,1103.6
GUY,Guyana,2010,4581.8,1201.2
GUY,Guyana,2011,4947.2,1273.2
GUY,Guyana,2012,5444.4,1286.4
GUY,Guyana,2013,5556.9,1306.6
GUY,Guyana,2014,5472.7,1325.9
GUY,Guyana,2015,5640.4,1331.1
GUY,Guyana,2016,5870.9,1440.6
GUY,Guyana,2017,6178.7,1457.4
GUY,Guyana,2018,6048.4,1440.2
GUY,Guyana,2019,6405.8,1423.9
GUY,Guyana,2020,6775.7,1411.8
GUY,Guyana,2021,9860.9,1397.9
GUY,Guyana,2022,17913.5,1557.9
GUY,Guyana,2023,20473.7,1670.0
HKG,"Hong Kong SAR, China",2000,25756.8,6007.8
HKG,"Hong Kong SAR, China",2001,25230.4,6071.5
HKG,"Hong Kong SAR, China",2002,24665.8,6192.3
HKG,"Hong Kong SAR, China",2003,23977.2,6243.0
HKG,"Hong Kong SAR, China",2004,24928.1,6358.7
HKG,"Hong Kong SAR, China",2005,26649.6,6496.4
HKG,"Hong Kong SAR, China",2006,28224.1,6479.5
HKG,"Hong Kong SAR, China",2007,30594.0,6569.8
HKG,"Hong Kong SAR, China",2008,31515.5,6506.5
HKG,"Hong Kong SAR, China",2009,30697.5,6579.4
HKG,"Hong Kong SAR, China",2010,32550.1,6571.7
HKG,"Hong Kong SAR, China",2011,35142.5,6628.9
HKG,"Hong Kong SAR, China",2012,36730.8,6735.1
HKG,"Hong Kong SAR, China",2013,38403.8,6617.3
HKG,"Hong Kong SAR, China",2014,40315.4,6667.1
HKG,"Hong Kong SAR, China",2015,42432.2,6573.1
HKG,"Hong Kong SAR, China",2016,43734.2,6552.4
HKG,"Hong Kong SAR, China",2017,46160.4,6470.2
HKG,"Hong Kong SAR, China",2018,48537.6,6506.3
HKG,"Hong Kong SAR, China",2019,48359.0,6588.5
HKG,"Hong Kong SAR, China",2020,46109.2,6281.5
HKG,"Hong Kong SAR, China",2021,49770.6,6517.4
HKG,"Hong Kong SAR, China",2022,48825.0,6489.5
HKG,"Hong Kong SAR, China",2023,50525.1,6629.3
HND,Honduras,2000,1092.6,595.9
HND,Honduras,2001,1132.2,624.4
HND,Honduras,2002,1132.5,657.2
HND,Honduras,2003,1156.1,703.7
HND,Honduras,2004,1215.1,759.0
HND,Honduras,2005,1304.7,746.2
HND,Honduras,2006,1425.8,781.0
HND,Honduras,2007,1577.7,804.1
HND,Honduras,2008,1732.5,807.5
HND,Honduras,2009,1781.2,831.5
HND,Honduras,2010,1893.3,861.8
HND,Honduras,2011,2073.7,879.3
HND,Honduras,2012,2126.0,908.8
HND,Honduras,2013,2081.1,936.0
HND,Honduras,2014,2179.9,951.1
HND,Honduras,2015,2271.2,991.6
HND,Honduras,2016,2307.3,1019.9
HND,Honduras,2017,2413.0,1022.1
HND,Honduras,2018,2464.6,1031.2
HND,Honduras,2019,2502.3,1097.2
HND,Honduras,2020,2307.6,1029.7
HND,Honduras,2021,2735.1,1100.1
HND,Honduras,2022,3003.3,1100.9
HND,Honduras,2023,3227.5,1186.5
HRV,Croatia,2000,4953.6,3381.8
HRV,Croatia,2001,5364.9,3550.3
HRV,Croatia,2002,6219.6,3653.2
HRV,Croatia,2003,8190.0,3824.3
HRV,Croatia,2004,9718.9,3914.1
HRV,Croatia,2005,10443.4,4047.3
HRV,Croatia,2006,11501.2,4149.9
HRV,Croatia,2007,13755.8,4272.5
HRV,Croatia,2008,15888.1,4354.9
HRV,Croatia,2009,14474.5,4257.0
HRV,Croatia,2010,13729.7,4361.6
HRV,Croatia,2011,14691.6,4293.6
HRV,Croatia,2012,13507.6,4226.1
HRV,Croatia,2013,14135.1,4198.1
HRV,Croatia,2014,14186.8,4119.0
HRV,Croatia,2015,12283.9,4309.6
HRV,Croatia,2016,12820.2,4383.0
HRV,Croatia,2017,13901.6,4589.1
HRV,Croatia,2018,15460.5,4698.3
HRV,Croatia,2019,15563.7,4711.1
HRV,Croatia,2020,14807.6,4519.5
HRV,Croatia,2021,17788.8,4859.1
HRV,Croatia,2022,18465.5,4809.3
HRV,Croatia,2023,22183.5,4881.9
HTI,Haiti,2000,820.6,65.0
HTI,Haiti,2001,748.8,69.8
HTI,Haiti,2002,721.0,63.9
HTI,Haiti,2003,579.0,60.5
HTI,Haiti,2004,683.2,61.7
HTI,Haiti,2005,775.8,60.7
HTI,Haiti,2006,828.8,61.8
HTI,Haiti,2007,984.6,49.1
HTI,Haiti,2008,1094.7,51.4
HTI,Haiti,2009,1196.9,73.3
HTI,Haiti,2010,1209.7,69.4
HTI,Haiti,2011,1312.0,99.8
HTI,Haiti,2012,1361.4,109.2
HTI,Haiti,2013,1457.8,102.7
HTI,Haiti,2014,1460.2,99.3
HTI,Haiti,2015,1411.1,97.9
HTI,Haiti,2016,1318.4,101.2
HTI,Haiti,2017,1395.2,98.0
HTI,Haiti,2018,1496.4,94.9
HTI,Haiti,2019,1352.2,95.5
HTI,Haiti,2020,1290.3,90.7
HTI,Haiti,2021,1824.7,90.6
HTI,Haiti,2022,1748.4,87.8
HTI,Haiti,2023,1681.8,73.0
HUN,Hungary,2000,4629.9,3790.7
HUN,Hungary,2001,5280.9,3894.1
HUN,Hungary,2002,6658.0,3985.8
HUN,Hungary,2003,8410.1,4062.7
HUN,Hungary,2004,10291.3,4083.0
HUN,Hungary,2005,11212.2,4170.6
HUN,Hungary,2006,11478.5,4284.6
HUN,Hungary,2007,13934.6,4380.1
HUN,Hungary,2008,15762.6,4384.7
HUN,Hungary,2009,13051.2,4141.4
HUN,Hungary,2010,13189.8,4264.9
HUN,Hungary,2011,14211.5,4288.9
HUN,Hungary,2012,12950.2,4294.8
HUN,Hungary,2013,13739.5,4262.2
HUN,Hungary,2014,14352.5,4337.5
HUN,Hungary,2015,12782.9,4473.9
HUN,Hungary,2016,13215.9,4545.1
HUN,Hungary,2017,14736.2,4680.3
HUN,Hungary,2018,16605.1,4747.1
HUN,Hungary,2019,17012.9,4796.1
HUN,Hungary,2020,16386.9,4779.8
HUN,Hungary,2021,19030.6,5032.0
HUN,Hungary,2022,18428.0,4949.2
HUN,Hungary,2023,22208.7,4815.0
IDN,Indonesia,2000,763.7,453.7
IDN,Indonesia,2001,732.3,484.5
IDN,Indonesia,2002,881.0,509.0
IDN,Indonesia,2003,1043.2,521.6
IDN,Indonesia,2004,1126.8,547.5
IDN,Indonesia,2005,1238.2,575.6
IDN,Indonesia,2006,1558.3,589.9
IDN,Indonesia,2007,1823.2,626.0
IDN,Indonesia,2008,2124.6,649.2
IDN,Indonesia,2009,2218.5,669.6
IDN,Indonesia,2010,3065.7,720.9
IDN,Indonesia,2011,3579.5,769.2
IDN,Indonesia,2012,3632.3,826.9
IDN,Indonesia,2013,3566.6,880.1
IDN,Indonesia,2014,3441.1,917.6
IDN,Indonesia,2015,3288.2,929.3
IDN,Indonesia,2016,3521.5,975.9
IDN,Indonesia,2017,3798.9,998.5
IDN,Indonesia,2018,3861.0,1056.8
IDN,Indonesia,2019,4106.9,1090.4
IDN,Indonesia,2020,3853.7,1067.5
IDN,Indonesia,2021,4287.2,1121.3
IDN,Indonesia,2022,4730.8,1199.1
IDN,Indonesia,2023,4876.3,1250.0
IND,India,2000,442.8,541.3
IND,India,2001,450.4,544.9
IND,India,2002,469.1,556.7
IND,India,2003,544.1,572.9
IND,India,2004,624.3,616.2
IND,India,2005,710.5,611.5
IND,India,2006,801.7,637.0
IND,India,2007,1021.9,672.9
IND,India,2008,992.5,690.6
IND,India,2009,1094.9,721.3
IND,India,2010,1347.5,757.5
IND,India,2011,1445.5,822.6
IND,India,2012,1429.3,854.8
IND,India,2013,1432.8,883.7
IND,India,2014,1553.9,959.6
IND,India,2015,1584.0,986.9
IND,India,2016,1707.5,1037.1
IND,India,2017,1950.1,1074.4
IND,India,2018,1966.3,1140.5
IND,India,2019,2041.4,1150.3
IND,India,2020,1907.0,1114.6
IND,India,2021,2239.6,1187.0
IND,India,2022,2280.0,1264.8
IND,India,2023,2434.4,1332.5
IRL,Ireland,2000,26334.6,6240.5
IRL,Ireland,2001,28282.4,6300.8
IRL,Ireland,2002,32705.4,6440.2
IRL,Ireland,2003,41203.5,6511.5
IRL,Ireland,2004,47754.2,6583.8
IRL,Ireland,2005,50933.0,6651.8
IRL,Ireland,2006,54329.2,6765.4
IRL,Ireland,2007,61396.4,6757.7
IRL,Ireland,2008,61353.1,6772.2
IRL,Ireland,2009,52133.1,6339.1
IRL,Ireland,2010,48624.0,6279.8
IRL,Ireland,2011,52613.9,6046.4
IRL,Ireland,2012,49335.8,5993.3
IRL,Ireland,2013,52537.6,6024.2
IRL,Ireland,2014,57214.5,6013.0
IRL,Ireland,2015,64250.1,6130.8
IRL,Ireland,2016,64129.6,6224.9
IRL,Ireland,2017,72161.4,6259.5
IRL,Ireland,2018,80804.1,6364.2
IRL,Ireland,2019,81827.7,6387.0
IRL,Ireland,2020,86514.1,6424.4
IRL,Ireland,2021,103783.4,6628.3
IRL,Ireland,2022,105190.7,6661.4
IRL,Ireland,2023,106818.9,6700.5
IRN,"Iran, Islamic Rep.",2000,1650.0,1786.7
IRN,"Iran, Islamic Rep.",2001,1881.0,1887.1
IRN,"Iran, Islamic Rep.",2002,1891.3,2035.1
IRN,"Iran, Islamic Rep.",2003,2209.0,2213.5
IRN,"Iran, Islamic Rep.",2004,2672.4,2321.4
IRN,"Iran, Islamic Rep.",2005,3132.1,2455.7
IRN,"Iran, Islamic Rep.",2006,3618.9,2632.4
IRN,"Iran, Islamic Rep.",2007,4688.0,2713.6
IRN,"Iran, Islamic Rep.",2008,5377.4,2758.4
IRN,"Iran, Islamic Rep.",2009,5415.5,2847.7
IRN,"Iran, Islamic Rep.",2010,6291.2,2996.5
IRN,"Iran, Islamic Rep.",2011,8025.7,2941.7
IRN,"Iran, Islamic Rep.",2012,8114.1,3044.1
IRN,"Iran, Islamic Rep.",2013,6222.7,3121.1
IRN,"Iran, Islamic Rep.",2014,5672.1,3309.6
IRN,"Iran, Islamic Rep.",2015,4952.7,3359.6
IRN,"Iran, Islamic Rep.",2016,5710.6,3384.6
IRN,"Iran, Islamic Rep.",2017,6000.9,3538.3
IRN,"Iran, Islamic Rep.",2018,4783.0,3583.9
IRN,"Iran, Islamic Rep.",2019,3997.5,3584.3
IRN,"Iran, Islamic Rep.",2020,3202.5,3766.5
IRN,"Iran, Islamic Rep.",2021,4605.1,3952.4
IRN,"Iran, Islamic Rep.",2022,4721.2,4028.1
IRN,"Iran, Islamic Rep.",2023,5049.3,4141.9
IRQ,Iraq,2000,1980.2,1306.1
IRQ,Iraq,2001,1435.7,1279.9
IRQ,Iraq,2002,1266.2,1302.0
IRQ,Iraq,2003,817.9,1057.0
IRQ,Iraq,2004,1328.4,1218.7
IRQ,Iraq,2005,1762.4,1113.8
IRQ,Iraq,2006,2276.6,1276.2
IRQ,Iraq,2007,3129.0,1248.3
IRQ,Iraq,2008,4543.0,1375.5
IRQ,Iraq,2009,3714.7,1445.2
IRQ,Iraq,2010,4461.8,1791.9
IRQ,Iraq,2011,5775.5,1900.7
IRQ,Iraq,2012,6477.6,1669.6
IRQ,Iraq,2013,6650.4,1931.3
IRQ,Iraq,2014,6249.4,2131.1
IRQ,Iraq,2015,4440.1,2124.8
IRQ,Iraq,2016,4334.4,2341.3
IRQ,Iraq,2017,4759.3,2522.3
IRQ,Iraq,2018,5646.7,2560.2
IRQ,Iraq,2019,5671.9,2955.9
IRQ,Iraq,2020,4295.2,2957.7
IRQ,Iraq,2021,4868.5,2915.2
IRQ,Iraq,2022,6520.7,3117.5
IRQ,Iraq,2023,5965.3,3368.5
ISL,Iceland,2000,32503.6,27053.6
ISL,Iceland,2001,29208.2,27924.1
ISL,Iceland,2002,32749.4,29032.5
ISL,Iceland,2003,39944.2,29142.0
ISL,Iceland,2004,47809.6,29229.4
ISL,Iceland,2005,57783.8,29004.4
ISL,Iceland,2006,58172.1,32413.8
ISL,Iceland,2007,70483.0,38150.3
ISL,Iceland,2008,57489.3,51461.5
ISL,Iceland,2009,41483.8,52445.1
ISL,Iceland,2010,43776.5,52614.5
ISL,Iceland,2011,48255.0,52798.3
ISL,Iceland,2012,46595.0,53887.9
ISL,Iceland,2013,50173.3,55543.4
ISL,Iceland,2014,55140.4,54348.3
ISL,Iceland,2015,53505.7,56048.7
ISL,Iceland,2016,62854.1,54146.5
ISL,Iceland,2017,72976.4,55510.8
ISL,Iceland,2018,75633.9,55801.2
ISL,Iceland,2019,69296.3,53672.1
ISL,Iceland,2020,60127.9,51523.9
ISL,Iceland,2021,70425.4,52033.2
ISL,Iceland,2022,76377.0,52238.9
ISL,Iceland,2023,82201.3,51114.8
ISR,Israel,2000,21690.2,6741.7
ISR,Israel,2001,20948.8,6797.1
ISR,Israel,2002,19058.7,6905.4
ISR,Israel,2003,19624.0,7007.7
ISR,Israel,2004,20550.1,6926.6
ISR,Israel,2005,21261.7,6976.6
ISR,Israel,2006,22499.8,7118.6
ISR,Israel,2007,25688.9,7427.0
ISR,Israel,2008,30231.0,7500.0
ISR,Israel,2009,28469.7,7070.4
ISR,Israel,2010,31398.9,7439.3
ISR,Israel,2011,34476.7,7412.6
ISR,Israel,2012,33268.7,7700.0
ISR,Israel,2013,36980.6,7309.0
ISR,Israel,2014,38265.4,7093.7
ISR,Israel,2015,36138.1,7330.3
ISR,Israel,2016,37571.3,7486.0
ISR,Israel,2017,41013.3,7389.6
ISR,Israel,2018,42269.4,7421.8
ISR,Israel,2019,44091.9,7669.7
ISR,Israel,2020,44590.8,7556.5
ISR,Israel,2021,52258.5,7559.0
ISR,Israel,2022,54947.2,7684.2
ISR,Israel,2023,52126.4,7616.4
ITA,Italy,2000,20190.0,5487.7
ITA,Italy,2001,20570.4,5589.0
ITA,Italy,2002,22451.4,5714.5
ITA,Italy,2003,27577.6,5840.7
ITA,Italy,2004,31348.2,5832.9
ITA,Italy,2005,32062.7,5874.6
ITA,Italy,2006,33537.1,5967.2
ITA,Italy,2007,37826.2,5962.7
ITA,Italy,2008,40828.6,5903.1
ITA,Italy,2009,37099.6,5530.8
ITA,Italy,2010,35856.9,5664.3
ITA,Italy,2011,38432.4,5700.1
ITA,Italy,2012,34854.4,5589.6
ITA,Italy,2013,35701.7,5410.4
ITA,Italy,2014,36028.3,5279.1
ITA,Italy,2015,30639.9,5383.1
ITA,Italy,2016,31391.6,5340.4
ITA,Italy,2017,32844.1,5462.0
ITA,Italy,2018,35062.3,5474.0
ITA,Italy,2019,33812.8,5457.0
ITA,Italy,2020,32091.5,5157.7
ITA,Italy,2021,36852.5,5496.1
ITA,Italy,2022,35653.9,5420.4
ITA,Italy,2023,39279.7,5257.2
JAM,Jamaica,2000,3453.1,2596.0
JAM,Jamaica,2001,3503.6,2587.2
JAM,Jamaica,2002,3680.6,2635.8
JAM,Jamaica,2003,3549.7,2702.7
JAM,Jamaica,2004,3807.6,2713.1
JAM,Jamaica,2005,4184.4,2780.0
JAM,Jamaica,2006,4417.0,2776.8
JAM,Jamaica,2007,4716.5,2233.0
JAM,Jamaica,2008,5029.8,1551.9
JAM,Jamaica,2009,4428.4,1607.6
JAM,Jamaica,2010,4810.0,1571.7
JAM,Jamaica,2011,5232.6,1579.4
JAM,Jamaica,2012,5340.8,1554.6
JAM,Jamaica,2013,5124.2,1541.1
JAM,Jamaica,2014,4975.1,1524.8
JAM,Jamaica,2015,5339.3,1527.2
JAM,Jamaica,2016,5302.3,1597.9
JAM,Jamaica,2017,5605.4,1555.5
JAM,Jamaica,2018,5976.9,1404.2
JAM,Jamaica,2019,6030.7,1643.5
JAM,Jamaica,2020,5299.0,1512.0
JAM,Jamaica,2021,5625.7,1532.9
JAM,Jamaica,2022,6626.5,1581.5
JAM,Jamaica,2023,7542.4,1679.7
JOR,Jordan,2000,1570.6,1446.1
JOR,Jordan,2001,1632.3,1418.5
JOR,Jordan,2002,1706.3,1502.8
JOR,Jordan,2003,1775.7,1567.4
JOR,Jordan,2004,1940.1,1657.6
JOR,Jordan,2005,2087.9,1723.2
JOR,Jordan,2006,2342.6,1801.7
JOR,Jordan,2007,2506.2,1883.6
JOR,Jordan,2008,3669.8,2055.8
JOR,Jordan,2009,3845.3,2033.1
JOR,Jordan,2010,4139.0,2109.1
JOR,Jordan,2011,4363.4,2177.7
JOR,Jordan,2012,4593.8,2276.2
JOR,Jordan,2013,4739.0,2199.8
JOR,Jordan,2014,4610.6,2120.2
JOR,Jordan,2015,4441.6,2054.5
JOR,Jordan,2016,4366.1,1994.7
JOR,Jordan,2017,4449.3,2029.5
JOR,Jordan,2018,4534.0,1955.6
JOR,Jordan,2019,4557.8,1936.9
JOR,Jordan,2020,4411.5,1922.6
JOR,Jordan,2021,4581.7,1950.1
JOR,Jordan,2022,4754.4,2011.3
JOR,Jordan,2023,4906.2,2084.1
JPN,Japan,2000,39752.9,8656.9
JPN,Japan,2001,34910.2,8511.2
JPN,Japan,2002,33315.9,8652.6
JPN,Japan,2003,35808.7,8557.8
JPN,Japan,2004,38677.6,8771.9
JPN,Japan,2005,38158.7,9014.5
JPN,Japan,2006,36354.4,9096.7
JPN,Japan,2007,36130.0,9213.3
JPN,Japan,2008,40294.2,9236.4
JPN,Japan,2009,41678.2,8690.2
JPN,Japan,2010,45378.1,9018.5
JPN,Japan,2011,49122.1,8620.1
JPN,Japan,2012,49626.7,8652.3
JPN,Japan,2013,41369.2,8516.5
JPN,Japan,2014,39172.8,8335.9
JPN,Japan,2015,35664.6,8093.6
JPN,Japan,2016,40215.0,8365.1
JPN,Japan,2017,39679.9,8474.9
JPN,Japan,2018,40645.5,8532.8
JPN,Japan,2019,41424.9,8266.8
JPN,Japan,2020,41099.0,8004.7
JPN,Japan,2021,41580.7,8232.6
JPN,Japan,2022,35548.3,8324.7
JPN,Japan,2023,35215.0,8094.6
KAZ,Kazakhstan,2000,1180.0,3526.2
KAZ,Kazakhstan,2001,1422.3,3671.1
KAZ,Kazakhstan,2002,1573.6,3750.5
KAZ,Kazakhstan,2003,1958.0,3961.9
KAZ,Kazakhstan,2004,2722.5,4087.0
KAZ,Kazakhstan,2005,3577.4,4245.3
KAZ,Kazakhstan,2006,5030.1,4463.6
KAZ,Kazakhstan,2007,6449.4,4717.9
KAZ,Kazakhstan,2008,8123.5,4909.1
KAZ,Kazakhstan,2009,6938.0,4696.8
KAZ,Kazakhstan,2010,8793.1,4977.8
KAZ,Kazakhstan,2011,11287.1,5119.5
KAZ,Kazakhstan,2012,12018.8,5312.6
KAZ,Kazakhstan,2013,13478.5,5226.6
KAZ,Kazakhstan,2014,12427.7,5246.3
KAZ,Kazakhstan,2015,10196.1,5068.0
KAZ,Kazakhstan,2016,7475.6,5085.1
KAZ,Kazakhstan,2017,8943.1,5294.9
KAZ,Kazakhstan,2018,9472.5,5482.6
KAZ,Kazakhstan,2019,9457.1,5383.8
KAZ,Kazakhstan,2020,8781.5,5538.4
KAZ,Kazakhstan,2021,9983.6,5800.4
KAZ,Kazakhstan,2022,11255.3,5734.6
KAZ,Kazakhstan,2023,12879.4,5689.1
KEN,Kenya,2000,414.6,147.2
KEN,Kenya,2001,410.7,157.5
KEN,Kenya,2002,402.9,164.6
KEN,Kenya,2003,442.9,168.5
KEN,Kenya,2004,463.7,182.1
KEN,Kenya,2005,523.5,187.2
KEN,Kenya,2006,699.8,202.4
KEN,Kenya,2007,840.2,174.3
KEN,Kenya,2008,915.5,156.4
KEN,Kenya,2009,1048.0,162.3
KEN,Kenya,2010,1091.5,172.1
KEN,Kenya,2011,1096.1,183.1
KEN,Kenya,2012,1285.0,186.4
KEN,Kenya,2013,1370.9,179.6
KEN,Kenya,2014,1482.8,202.6
KEN,Kenya,2015,1489.1,208.5
KEN,Kenya,2016,1554.1,202.1
KEN,Kenya,2017,1667.5,224.6
KEN,Kenya,2018,1836.5,226.9
KEN,Kenya,2019,1960.4,229.7
KEN,Kenya,2020,1927.7,226.0
KEN,Kenya,2021,2061.4,237.7
KEN,Kenya,2022,2109.6,244.4
KEN,Kenya,2023,1942.6,247.4
KGZ,Kyrgyz Republic,2000,279.6,2591.0
KGZ,Kyrgyz Republic,2001,308.4,2557.2
KGZ,Kyrgyz Republic,2002,321.7,2404.1
KGZ,Kyrgyz Republic,2003,380.5,2680.5
KGZ,Kyrgyz Republic,2004,433.2,2465.9
KGZ,Kyrgyz Republic,2005,476.5,2312.1
KGZ,Kyrgyz Republic,2006,543.1,2279.2
KGZ,Kyrgyz Republic,2007,721.8,2318.7
KGZ,Kyrgyz Republic,2008,966.4,2044.0
KGZ,Kyrgyz Republic,2009,870.2,1811.8
KGZ,Kyrgyz Republic,2010,877.0,1871.9
KGZ,Kyrgyz Republic,2011,1117.4,2205.7
KGZ,Kyrgyz Republic,2012,1168.6,2347.0
KGZ,Kyrgyz Republic,2013,1269.7,2375.2
KGZ,Kyrgyz Republic,2014,1264.5,2482.1
KGZ,Kyrgyz Republic,2015,1105.7,2244.3
KGZ,Kyrgyz Republic,2016,1103.3,2174.0
KGZ,Kyrgyz Republic,2017,1221.4,2274.9
KGZ,Kyrgyz Republic,2018,1283.5,2314.8
KGZ,Kyrgyz Republic,2019,1422.0,2305.2
KGZ,Kyrgyz Republic,2020,1229.5,2318.4
KGZ,Kyrgyz Republic,2021,1350.0,2385.5
KGZ,Kyrgyz Republic,2022,1739.7,2324.7
KGZ,Kyrgyz Republic,2023,2138.2,2396.3
KHM,Cambodia,2000,296.4,38.5
KHM,Cambodia,2001,327.5,41.1
KHM,Cambodia,2002,350.1,45.1
KHM,Cambodia,2003,386.7,49.8
KHM,Cambodia,2004,444.2,57.4
KHM,Cambodia,2005,525.8,67.7
KHM,Cambodia,2006,612.3,82.9
KHM,Cambodia,2007,731.7,104.0
KHM,Cambodia,2008,866.3,125.2
KHM,Cambodia,2009,875.7,138.0
KHM,Cambodia,2010,952.3,173.8
KHM,Cambodia,2011,1089.0,193.6
KHM,Cambodia,2012,1192.8,236.9
KHM,Cambodia,2013,1305.7,267.6
KHM,Cambodia,2014,1431.6,315.7
KHM,Cambodia,2015,1547.3,386.6
KHM,Cambodia,2016,1675.2,445.3
KHM,Cambodia,2017,1826.4,502.1
KHM,Cambodia,2018,2036.7,599.1
KHM,Cambodia,2019,2225.9,711.7
KHM,Cambodia,2020,2081.7,678.0
KHM,Cambodia,2021,2167.4,771.8
KHM,Cambodia,2022,2325.0,866.2
KHM,Cambodia,2023,2429.7,974.0
KIR,Kiribati,2000,845.4,112.8
KIR,Kiribati,2001,718.8,221.4
KIR,Kiribati,2002,810.1,216.7
KIR,Kiribati,2003,1020.5,212.3
KIR,Kiribati,2004,1083.3,208.1
KIR,Kiribati,2005,1161.8,204.0
KIR,Kiribati,2006,1123.2,299.9
KIR,Kiribati,2007,1352.6,293.9
KIR,Kiribati,2008,1410.6,191.9
KIR,Kiribati,2009,1316.6,187.8
KIR,Kiribati,2010,1522.1,184.0
KIR,Kiribati,2011,1771.1,180.7
KIR,Kiribati,2012,1843.6,178.1
KIR,Kiribati,2013,1772.1,263.5
KIR,Kiribati,2014,1736.7,260.1
KIR,Kiribati,2015,1639.9,256.8
KIR,Kiribati,2016,1742.7,253.2
KIR,Kiribati,2017,1854.3,249.4
KIR,Kiribati,2018,1915.6,245.7
KIR,Kiribati,2019,1750.2,322.8
KIR,Kiribati,2020,1751.9,317.2
KIR,Kiribati,2021,2223.5,311.6
KIR,Kiribati,2022,2078.8,306.6
KIR,Kiribati,2023,2200.7,301.8
KNA,St. Kitts and Nevis,2000,9319.7,3313.3
KNA,St. Kitts and Nevis,2001,10022.6,3494.6
KNA,St. Kitts and Nevis,2002,10453.7,3909.0
KNA,St. Kitts and Nevis,2003,10175.6,3896.1
KNA,St. Kitts and Nevis,2004,10944.6,3884.6
KNA,St. Kitts and Nevis,2005,11783.8,4089.6
KNA,St. Kitts and Nevis,2006,13837.8,4078.0
KNA,St. Kitts and Nevis,2007,14758.0,4493.5
KNA,St. Kitts and Nevis,2008,16604.9,4268.3
KNA,St. Kitts and Nevis,2009,16503.4,4686.7
KNA,St. Kitts and Nevis,2010,16622.9,4480.4
KNA,St. Kitts and Nevis,2011,17832.5,4689.1
KNA,St. Kitts and Nevis,2012,17532.1,4675.3
KNA,St. Kitts and Nevis,2013,18580.1,4671.7
KNA,St. Kitts and Nevis,2014,20219.4,4669.7
KNA,St. Kitts and Nevis,2015,20328.8,4670.1
KNA,St. Kitts and Nevis,2016,21387.5,4883.3
KNA,St. Kitts and Nevis,2017,22465.0,4673.4
KNA,St. Kitts and Nevis,2018,22901.4,4890.3
KNA,St. Kitts and Nevis,2019,23595.5,4896.1
KNA,St. Kitts and Nevis,2020,18859.0,4691.2
KNA,St. Kitts and Nevis,2021,18361.1,4702.3
KNA,St. Kitts and Nevis,2022,21011.6,4707.7
KNA,St. Kitts and Nevis,2023,22576.9,4702.6
KOR,"Korea, Rep.",2000,12710.3,6210.6
KOR,"Korea, Rep.",2001,11981.5,6587.1
KOR,"Korea, Rep.",2002,13642.9,7019.4
KOR,"Korea, Rep.",2003,15211.5,7319.3
KOR,"Korea, Rep.",2004,17121.6,7715.8
KOR,"Korea, Rep.",2005,20167.0,8139.1
KOR,"Korea, Rep.",2006,22609.7,8394.5
KOR,"Korea, Rep.",2007,25078.5,8829.9
KOR,"Korea, Rep.",2008,22252.3,9153.1
KOR,"Korea, Rep.",2009,19937.3,9319.9
KOR,"Korea, Rep.",2010,24071.3,10150.4
KOR,"Korea, Rep.",2011,26175.2,10547.2
KOR,"Korea, Rep.",2012,26600.5,10710.0
KOR,"Korea, Rep.",2013,28449.4,10727.9
KOR,"Korea, Rep.",2014,30667.1,10692.3
KOR,"Korea, Rep.",2015,30171.8,10744.6
KOR,"Korea, Rep.",2016,30832.1,10935.7
KOR,"Korea, Rep.",2017,33297.0,11195.4
KOR,"Korea, Rep.",2018,35364.0,11481.4
KOR,"Korea, Rep.",2019,33826.9,11335.2
KOR,"Korea, Rep.",2020,33645.8,11128.6
KOR,"Korea, Rep.",2021,37518.5,11721.9
KOR,"Korea, Rep.",2022,34822.4,12023.2
KOR,"Korea, Rep.",2023,35674.1,11932.5
KWT,Kuwait,2000,19296.3,16539.5
KWT,Kuwait,2001,17374.2,17080.6
KWT,Kuwait,2002,18512.8,17655.5
KWT,Kuwait,2003,22690.7,18863.6
KWT,Kuwait,2004,27552.3,19125.5
KWT,Kuwait,2005,36122.6,19550.3
KWT,Kuwait,2006,42946.6,20129.1
KWT,Kuwait,2007,45709.4,19438.7
KWT,Kuwait,2008,55585.2,19517.7
KWT,Kuwait,2009,37907.1,19037.8
KWT,Kuwait,2010,39212.3,19375.7
KWT,Kuwait,2011,49169.6,18341.3
KWT,Kuwait,2012,52155.2,18315.7
KWT,Kuwait,2013,49651.0,17387.2
KWT,Kuwait,2014,44368.8,17772.5
KWT,Kuwait,2015,29882.2,17812.1
KWT,Kuwait,2016,27323.7,17507.6
KWT,Kuwait,2017,29047.7,16581.3
KWT,Kuwait,2018,32068.0,17146.3
KWT,Kuwait,2019,31707.9,16892.5
KWT,Kuwait,2020,25236.1,16963.1
KWT,Kuwait,2021,34018.6,18528.9
KWT,Kuwait,2022,39981.8,18583.7
KWT,Kuwait,2023,34092.0,18550.1
LAO,Lao PDR,2000,318.7,191.5
LAO,Lao PDR,2001,320.3,179.3
LAO,Lao PDR,2002,313.4,183.6
LAO,Lao PDR,2003,355.1,196.6
LAO,Lao PDR,2004,409.3,143.6
LAO,Lao PDR,2005,466.1,228.3
LAO,Lao PDR,2006,579.4,291.8
LAO,Lao PDR,2007,697.3,399.6
LAO,Lao PDR,2008,885.7,365.9
LAO,Lao PDR,2009,935.0,419.8
LAO,Lao PDR,2010,1125.9,461.0
LAO,Lao PDR,2011,1361.5,477.7
LAO,Lao PDR,2012,1563.6,598.3
LAO,Lao PDR,2013,1812.5,626.2
LAO,Lao PDR,2014,1981.0,707.1
LAO,Lao PDR,2015,2121.0,979.2
LAO,Lao PDR,2016,2303.2,969.8
LAO,Lao PDR,2017,2432.4,950.4
LAO,Lao PDR,2018,2545.1,1053.6
LAO,Lao PDR,2019,2589.3,1170.3
LAO,Lao PDR,2020,2583.8,1441.5
LAO,Lao PDR,2021,2526.1,1547.0
LAO,Lao PDR,2022,2046.4,1580.9
LAO,Lao PDR,2023,2066.9,2230.9
LBN,Lebanon,2000,3986.8,2621.6
LBN,Lebanon,2001,4009.6,2546.6
LBN,Lebanon,2002,4290.9,2706.4
LBN,Lebanon,2003,4437.7,2857.1
LBN,Lebanon,2004,4600.7,2535.2
LBN,Lebanon,2005,4602.2,2609.7
LBN,Lebanon,2006,4635.3,2580.4
LBN,Lebanon,2007,5125.3,2382.3
LBN,Lebanon,2008,5912.0,2641.4
LBN,Lebanon,2009,7090.9,2830.4
LBN,Lebanon,2010,7625.8,3364.2
LBN,Lebanon,2011,7835.0,3363.4
LBN,Lebanon,2012,8407.0,3204.9
LBN,Lebanon,2013,8162.4,3363.8
LBN,Lebanon,2014,7577.6,2853.3
LBN,Lebanon,2015,7714.1,2921.6
LBN,Lebanon,2016,8089.0,3080.8
LBN,Lebanon,2017,8608.2,3535.6
LBN,Lebanon,2018,9174.5,3557.7
LBN,Lebanon,2019,8905.9,3741.4
LBN,Lebanon,2020,5561.2,3200.4
LBN,Lebanon,2021,4045.4,1948.2
LBN,Lebanon,2022,3654.4,760.7
LBN,Lebanon,2023,3477.7,1087.7
LBR,Liberia,2000,298.5,68.3
LBR,Liberia,2001,300.5,66.3
LBR,Liberia,2002,299.5,64.6
LBR,Liberia,2003,239.8,64.1
LBR,Liberia,2004,284.1,63.4
LBR,Liberia,2005,287.5,60.6
LBR,Liberia,2006,320.6,57.3
LBR,Liberia,2007,374.2,68.1
LBR,Liberia,2008,451.7,65.4
LBR,Liberia,2009,448.4,63.4
LBR,Liberia,2010,492.3,61.6
LBR,Liberia,2011,568.1,71.1
LBR,Liberia,2012,638.4,68.6
LBR,Liberia,2013,710.7,67.1
LBR,Liberia,2014,706.7,65.7
LBR,Liberia,2015,692.6,66.5
LBR,Liberia,2016,714.6,63.1
LBR,Liberia,2017,699.3,72.2
LBR,Liberia,2018,692.2,82.9
LBR,Liberia,2019,658.2,83.3
LBR,Liberia,2020,616.8,87.4
LBR,Liberia,2021,668.0,72.3
LBR,Liberia,2022,744.6,72.6
LBR,Liberia,2023,799.2,111.0
LBY,Libya,2000,7214.1,2921.8
LBY,Libya,2001,6312.8,2981.3
LBY,Libya,2002,3718.3,3182.4
LBY,Libya,2003,4674.1,3372.2
LBY,Libya,2004,5773.8,3521.2
LBY,Libya,2005,8079.2,3818.2
LBY,Libya,2006,10048.8,4143.7
LBY,Libya,2007,11144.9,4292.0
LBY,Libya,2008,13906.1,4589.9
LBY,Libya,2009,9551.1,4767.0
LBY,Libya,2010,11600.9,4998.6
LBY,Libya,2011,7593.8,4091.0
LBY,Libya,2012,14975.9,5557.2
LBY,Libya,2013,11951.7,6025.7
LBY,Libya,2014,8926.4,5884.3
LBY,Libya,2015,7458.5,5742.7
LBY,Libya,2016,7525.8,4794.8
LBY,Libya,2017,9965.8,4983.1
LBY,Libya,2018,11196.6,5059.1
LBY,Libya,2019,9963.2,5094.2
LBY,Libya,2020,6650.3,4366.0
LBY,Libya,2021,4935.8,4985.2
LBY,Libya,2022,5986.6,4960.0
LBY,Libya,2023,6026.5,4619.7
LCA,St. Lucia,2000,5879.6,1765.2
LCA,St. Lucia,2001,5570.5,1809.7
LCA,St. Lucia,2002,5567.9,1793.9
LCA,St. Lucia,2003,6058.6,1840.7
LCA,St. Lucia,2004,6494.6,1887.4
LCA,St. Lucia,2005,6863.4,1934.0
LCA,St. Lucia,2006,7611.2,1980.1
LCA,St. Lucia,2007,7964.4,2086.2
LCA,St. Lucia,2008,8517.0,2073.3
LCA,St. Lucia,2009,8250.5,2119.1
LCA,St. Lucia,2010,8673.7,2223.2
LCA,St. Lucia,2011,9129.0,2269.9
LCA,St. Lucia,2012,9260.3,2201.7
LCA,St. Lucia,2013,9577.2,2191.7
LCA,St. Lucia,2014,10044.8,2182.1
LCA,St. Lucia,2015,10335.0,2172.4
LCA,St. Lucia,2016,10638.1,2220.3
LCA,St. Lucia,2017,11333.1,2268.2
LCA,St. Lucia,2018,11642.7,2316.0
LCA,St. Lucia,2019,11764.4,2363.9
LCA,St. Lucia,2020,8537.1,2131.7
LCA,St. Lucia,2021,10481.1,2240.4
LCA,St. Lucia,2022,12976.1,2237.2
LCA,St. Lucia,2023,13616.6,2231.0
LKA,Sri Lanka,2000,860.2,351.4
LKA,Sri Lanka,2001,803.5,340.3
LKA,Sri Lanka,2002,834.9,350.4
LKA,Sri Lanka,2003,946.4,382.4
LKA,Sri Lanka,2004,1028.6,402.7
LKA,Sri Lanka,2005,1207.2,436.3
LKA,Sri Lanka,2006,1388.9,463.8
LKA,Sri Lanka,2007,1578.6,482.1
LKA,Sri Lanka,2008,1973.6,480.9
LKA,Sri Lanka,2009,2026.7,476.5
LKA,Sri Lanka,2010,2808.4,513.4
LKA,Sri Lanka,2011,3225.0,549.8
LKA,Sri Lanka,2012,3327.8,557.4
LKA,Sri Lanka,2013,3739.4,560.9
LKA,Sri Lanka,2014,3972.0,577.8
LKA,Sri Lanka,2015,4057.7,607.9
LKA,Sri Lanka,2016,4149.2,653.1
LKA,Sri Lanka,2017,4398.9,674.1
LKA,Sri Lanka,2018,4358.6,722.1
LKA,Sri Lanka,2019,4081.9,743.8
LKA,Sri Lanka,2020,3847.6,731.3
LKA,Sri Lanka,2021,3997.0,771.4
LKA,Sri Lanka,2022,3342.6,733.5
LKA,Sri Lanka,2023,3815.4,713.5
LSO,Lesotho,2000,442.8,144.7
LSO,Lesotho,2001,412.7,149.9
LSO,Lesotho,2002,388.9,145.4
LSO,Lesotho,2003,583.3,161.2
LSO,Lesotho,2004,766.7,162.3
LSO,Lesotho,2005,861.4,230.4
LSO,Lesotho,2006,925.5,282.8
LSO,Lesotho,2007,861.2,302.1
LSO,Lesotho,2008,898.5,320.4
LSO,Lesotho,2009,878.8,388.7
LSO,Lesotho,2010,1119.5,445.8
LSO,Lesotho,2011,1280.7,352.5
LSO,Lesotho,2012,1217.9,383.4
LSO,Lesotho,2013,1151.0,384.1
LSO,Lesotho,2014,1173.5,379.8
LSO,Lesotho,2015,1121.2,375.4
LSO,Lesotho,2016,992.5,417.8
LSO,Lesotho,2017,1069.4,431.1
LSO,Lesotho,2018,1170.7,416.7
LSO,Lesotho,2019,1082.1,420.9
LSO,Lesotho,2020,918.6,389.1
LSO,Lesotho,2021,1066.6,424.5
LSO,Lesotho,2022,1030.1,398.1
LSO,Lesotho,2023,921.4,194.7
LTU,Lithuania,2000,3300.6,2796.8
LTU,Lithuania,2001,3532.5,2994.5
LTU,Lithuania,2002,4148.1,3135.8
LTU,Lithuania,2003,5507.5,3305.7
LTU,Lithuania,2004,6734.6,3423.5
LTU,Lithuania,2005,7857.0,3446.4
LTU,Lithuania,2006,9210.1,3559.8
LTU,Lithuania,2007,12295.1,3741.4
LTU,Lithuania,2008,14955.5,3867.5
LTU,Lithuania,2009,11854.4,3701.9
LTU,Lithuania,2010,11829.1,3547.8
LTU,Lithuania,2011,14261.8,3628.7
LTU,Lithuania,2012,14288.2,3721.1
LTU,Lithuania,2013,15636.5,3765.6
LTU,Lithuania,2014,16446.2,3855.9
LTU,Lithuania,2015,14269.8,3937.0
LTU,Lithuania,2016,14934.3,4147.6
LTU,Lithuania,2017,16800.2,4326.1
LTU,Lithuania,2018,19247.2,4478.2
LTU,Lithuania,2019,19608.8,4536.6
LTU,Lithuania,2020,20428.6,4510.4
LTU,Lithuania,2021,23882.9,4773.7
LTU,Lithuania,2022,24946.6,4476.5
LTU,Lithuania,2023,27983.4,4285.1
LUX,Luxembourg,2000,48659.6,14009.2
LUX,Luxembourg,2001,48440.2,14012.3
LUX,Luxembourg,2002,53005.7,14046.0
LUX,Luxembourg,2003,65689.3,14496.1
LUX,Luxembourg,2004,76544.9,14706.4
LUX,Luxembourg,2005,80988.2,14203.8
LUX,Luxembourg,2006,90788.8,15014.7
LUX,Luxembourg,2007,107475.3,14887.2
LUX,Luxembourg,2008,120422.1,14458.2
LUX,Luxembourg,2009,109419.7,13187.6
LUX,Luxembourg,2010,110886.0,14386.6
LUX,Luxembourg,2011,119025.1,13729.7
LUX,Luxembourg,2012,112584.7,12939.0
LUX,Luxembourg,2013,120000.1,12478.0
LUX,Luxembourg,2014,123678.7,12224.0
LUX,Luxembourg,2015,105462.0,12185.3
LUX,Luxembourg,2016,106899.3,12150.6
LUX,Luxembourg,2017,110193.2,11869.1
LUX,Luxembourg,2018,116926.8,11708.4
LUX,Luxembourg,2019,112696.6,11206.7
LUX,Luxembourg,2020,116860.0,10593.1
LUX,Luxembourg,2021,134965.8,10854.7
LUX,Luxembourg,2022,123719.7,10286.0
LUX,Luxembourg,2023,133230.6,9938.3
LVA,Latvia,2000,3278.2,2503.9
LVA,Latvia,2001,3504.6,2630.1
LVA,Latvia,2002,4003.6,2734.3
LVA,Latvia,2003,4914.6,2883.4
LVA,Latvia,2004,6109.7,2998.9
LVA,Latvia,2005,7283.8,3156.6
LVA,Latvia,2006,9211.7,3334.8
LVA,Latvia,2007,13371.0,3526.0
LVA,Latvia,2008,15677.6,3577.2
LVA,Latvia,2009,11996.0,3370.6
LVA,Latvia,2010,11188.4,3575.1
LVA,Latvia,2011,12902.6,3558.4
LVA,Latvia,2012,13329.3,3863.1
LVA,Latvia,2013,14484.5,3755.6
LVA,Latvia,2014,15185.8,3740.9
LVA,Latvia,2015,13322.0,3721.2
LVA,Latvia,2016,13838.5,3801.3
LVA,Latvia,2017,15132.5,3845.4
LVA,Latvia,2018,17252.2,3958.3
LVA,Latvia,2019,17295.0,3949.3
LVA,Latvia,2020,17564.2,3866.1
LVA,Latvia,2021,20261.9,4041.2
LVA,Latvia,2022,20221.1,3902.1
LVA,Latvia,2023,22710.3,3814.3
MAC,"Macao SAR, China",2000,15731.4,3818.7
MAC,"Macao SAR, China",2001,15810.7,3954.0
MAC,"Macao SAR, China",2002,16815.0,4144.5
MAC,"Macao SAR, China",2003,18589.9,4221.2
MAC,"Macao SAR, China",2004,23407.2,4396.4
MAC,"Macao SAR, China",2005,25681.2,4783.9
MAC,"Macao SAR, China",2006,29813.8,5169.5
MAC,"Macao SAR, China",2007,35400.2,6127.0
MAC,"Macao SAR, China",2008,38888.5,6568.0
MAC,"Macao SAR, China",2009,40354.3,6715.3
MAC,"Macao SAR, China",2010,52596.2,6876.2
MAC,"Macao SAR, China",2011,67046.7,7035.6
MAC,"Macao SAR, China",2012,76058.0,7524.0
MAC,"Macao SAR, China",2013,87107.8,7465.5
MAC,"Macao SAR, China",2014,88355.3,7766.6
MAC,"Macao SAR, China",2015,69903.0,8036.2
MAC,"Macao SAR, China",2016,68911.7,8355.4
MAC,"Macao SAR, China",2017,77571.0,8382.9
MAC,"Macao SAR, China",2018,83588.3,8439.9
MAC,"Macao SAR, China",2019,81882.7,8673.9
MAC,"Macao SAR, China",2020,36883.7,7920.1
MAC,"Macao SAR, China",2021,44884.9,8194.1
MAC,"Macao SAR, China",2022,36806.9,7609.7
MAC,"Macao SAR, China",2023,67216.4,8390.3
MAR,Morocco,2000,1499.1,564.0
MAR,Morocco,2001,1506.2,594.8
MAR,Morocco,2002,1596.0,564.1
MAR,Morocco,2003,1941.9,600.6
MAR,Morocco,2004,2183.6,634.3
MAR,Morocco,2005,2243.0,661.1
MAR,Morocco,2006,2438.1,711.7
MAR,Morocco,2007,2755.6,743.9
MAR,Morocco,2008,3183.2,778.6
MAR,Morocco,2009,3119.6,797.7
MAR,Morocco,2010,3068.0,825.1
MAR,Morocco,2011,3302.0,880.2
MAR,Morocco,2012,3164.2,939.9
MAR,Morocco,2013,3379.7,957.2
MAR,Morocco,2014,3435.4,996.6
MAR,Morocco,2015,3146.2,1007.9
MAR,Morocco,2016,3140.9,1028.5
MAR,Morocco,2017,3296.5,1067.5
MAR,Morocco,2018,3501.7,1058.3
MAR,Morocco,2019,3508.1,1089.5
MAR,Morocco,2020,3268.0,1066.9
MAR,Morocco,2021,3785.9,1113.3
MAR,Morocco,2022,3463.1,1146.8
MAR,Morocco,2023,3813.7,1174.9
MDA,Moldova,2000,440.5,1707.2
MDA,Moldova,2001,507.4,1904.6
MDA,Moldova,2002,570.8,1902.0
MDA,Moldova,2003,682.3,2251.3
MDA,Moldova,2004,897.2,2159.8
MDA,Moldova,2005,1034.4,2284.0
MDA,Moldova,2006,1183.0,2445.6
MDA,Moldova,2007,1531.2,2284.9
MDA,Moldova,2008,2110.6,2373.3
MDA,Moldova,2009,1898.4,2064.1
MDA,Moldova,2010,2436.8,1690.5
MDA,Moldova,2011,2941.4,1813.2
MDA,Moldova,2012,3044.8,1912.3
MDA,Moldova,2013,3321.0,1751.4
MDA,Moldova,2014,3290.0,1824.9
MDA,Moldova,2015,2749.6,1843.5
MDA,Moldova,2016,2847.1,1806.8
MDA,Moldova,2017,3453.3,1907.0
MDA,Moldova,2018,4156.4,2010.3
MDA,Moldova,2019,4405.3,2033.7
MDA,Moldova,2020,4375.8,2069.0
MDA,Moldova,2021,5274.6,2255.5
MDA,Moldova,2022,5744.3,2029.6
MDA,Moldova,2023,6799.6,2096.5
MDG,Madagascar,2000,280.3,52.1
MDG,Madagascar,2001,319.3,51.7
MDG,Madagascar,2002,304.9,49.0
MDG,Madagascar,2003,352.6,53.1
MDG,Madagascar,2004,272.2,56.4
MDG,Madagascar,2005,305.8,55.3
MDG,Madagascar,2006,324.1,54.2
MDG,Madagascar,2007,419.5,55.1
MDG,Madagascar,2008,512.6,56.4
MDG,Madagascar,2009,446.3,55.2
MDG,Madagascar,2010,450.0,58.6
MDG,Madagascar,2011,506.2,64.4
MDG,Madagascar,2012,493.5,66.5
MDG,Madagascar,2013,515.3,68.4
MDG,Madagascar,2014,505.7,69.5
MDG,Madagascar,2015,445.3,70.4
MDG,Madagascar,2016,454.0,72.8
MDG,Madagascar,2017,491.9,73.9
MDG,Madagascar,2018,500.5,86.6
MDG,Madagascar,2019,499.8,87.5
MDG,Madagascar,2020,450.8,74.6
MDG,Madagascar,2021,483.5,85.2
MDG,Madagascar,2022,504.1,86.7
MDG,Madagascar,2023,514.1,79.5
MDV,Maldives,2000,2213.8,531.9
MDV,Maldives,2001,3033.9,557.9
MDV,Maldives,2002,3076.1,651.5
MDV,Maldives,2003,3548.6,742.0
MDV,Maldives,2004,4070.3,796.2
MDV,Maldives,2005,3796.5,881.1
MDV,Maldives,2006,5018.9,987.7
MDV,Maldives,2007,5758.1,1078.6
MDV,Maldives,2008,6757.4,1219.6
MDV,Maldives,2009,6734.0,1119.8
MDV,Maldives,2010,7173.6,970.1
MDV,Maldives,2011,7424.5,1016.9
MDV,Maldives,2012,7461.3,1034.1
MDV,Maldives,2013,8236.1,1049.8
MDV,Maldives,2014,8939.1,1305.5
MDV,Maldives,2015,9644.9,1448.0
MDV,Maldives,2016,9947.8,1511.3
MDV,Maldives,2017,10509.6,1592.9
MDV,Maldives,2018,11423.3,1669.8
MDV,Maldives,2019,11740.3,1660.7
MDV,Maldives,2020,7393.9,1633.1
MDV,Maldives,2021,10176.1,1627.4
MDV,Maldives,2022,11786.0,1621.8
MDV,Maldives,2023,12587.6,1615.9
MEX,Mexico,2000,7524.0,2073.4
MEX,Mexico,2001,7952.8,2100.7
MEX,Mexico,2002,7983.0,2126.4
MEX,Mexico,2003,7434.1,2175.5
MEX,Mexico,2004,7849.7,2242.7
MEX,Mexico,2005,8671.8,2327.7
MEX,Mexico,2006,9512.6,2381.9
MEX,Mexico,2007,10134.3,2409.5
MEX,Mexico,2008,10523.8,2429.8
MEX,Mexico,2009,8423.6,2382.7
MEX,Mexico,2010,9728.8,2416.9
MEX,Mexico,2011,10664.5,2529.0
MEX,Mexico,2012,10744.1,2546.3
MEX,Mexico,2013,11216.8,2510.4
MEX,Mexico,2014,11391.4,2527.9
MEX,Mexico,2015,10021.2,2557.9
MEX,Mexico,2016,9097.9,2622.5
MEX,Mexico,2017,9649.3,2669.7
MEX,Mexico,2018,10084.8,2813.9
MEX,Mexico,2019,10369.6,2746.4
MEX,Mexico,2020,8841.3,2600.5
MEX,Mexico,2021,10314.1,2566.7
MEX,Mexico,2022,11405.8,2642.7
MEX,Mexico,2023,13830.8,2702.8
MKD,North Macedonia,2000,1861.9,3363.7
MKD,North Macedonia,2001,1823.0,3290.9
MKD,North Macedonia,2002,1989.1,3316.5
MKD,North Macedonia,2003,2445.4,3689.8
MKD,North Macedonia,2004,2818.6,3757.3
MKD,North Macedonia,2005,3121.0,4086.5
MKD,North Macedonia,2006,3440.4,4212.1
MKD,North Macedonia,2007,4204.1,4318.0
MKD,North Macedonia,2008,5026.4,4365.4
MKD,North Macedonia,2009,4799.8,4008.5
MKD,North Macedonia,2010,4833.4,4231.0
MKD,North Macedonia,2011,5416.9,4626.4
MKD,North Macedonia,2012,5049.8,4404.9
MKD,North Macedonia,2013,5626.3,4231.9
MKD,North Macedonia,2014,5925.4,4174.5
MKD,North Macedonia,2015,5262.7,4120.4
MKD,North Macedonia,2016,5598.5,3905.6
MKD,North Macedonia,2017,5955.3,3905.5
MKD,North Macedonia,2018,6714.0,3922.4
MKD,North Macedonia,2019,6718.9,4057.7
MKD,North Macedonia,2020,6659.6,4097.2
MKD,North Macedonia,2021,7620.8,4327.1
MKD,North Macedonia,2022,7606.2,3994.1
MKD,North Macedonia,2023,8674.4,3843.2
MLI,Mali,2000,304.7,91.7
MLI,Mali,2001,346.2,89.8
MLI,Mali,2002,378.2,74.1
MLI,Mali,2003,441.9,55.2
MLI,Mali,2004,495.0,68.7
MLI,Mali,2005,548.7,80.5
MLI,Mali,2006,587.0,86.5
MLI,Mali,2007,670.9,91.3
MLI,Mali,2008,767.2,99.1
MLI,Mali,2009,787.5,84.9
MLI,Mali,2010,797.2,122.9
MLI,Mali,2011,938.3,146.9
MLI,Mali,2012,872.5,109.7
MLI,Mali,2013,901.9,120.3
MLI,Mali,2014,947.9,125.4
MLI,Mali,2015,838.1,142.0
MLI,Mali,2016,872.5,139.1
MLI,Mali,2017,924.1,161.0
MLI,Mali,2018,996.4,170.2
MLI,Mali,2019,971.9,183.2
MLI,Mali,2020,953.2,188.4
MLI,Mali,2021,1027.3,183.1
MLI,Mali,2022,976.9,199.8
MLI,Mali,2023,1042.4,222.6
MLT,Malta,2000,10348.5,4801.1
MLT,Malta,2001,10357.7,4816.4
MLT,Malta,2002,11251.2,5054.6
MLT,Malta,2003,13594.0,5487.0
MLT,Malta,2004,15212.1,5404.1
MLT,Malta,2005,15831.3,5419.5
MLT,Malta,2006,16653.6,5439.7
MLT,Malta,2007,19444.2,5512.9
MLT,Malta,2008,22405.6,5513.5
MLT,Malta,2009,21261.5,5156.8
MLT,Malta,2010,21946.6,4992.3
MLT,Malta,2011,23517.0,5110.3
MLT,Malta,2012,22878.3,5391.3
MLT,Malta,2013,25415.6,5274.7
MLT,Malta,2014,27424.6,5178.4
MLT,Malta,2015,25529.7,5281.2
MLT,Malta,2016,26459.1,5249.6
MLT,Malta,2017,30317.3,5364.4
MLT,Malta,2018,33382.3,5345.1
MLT,Malta,2019,32421.9,5376.8
MLT,Malta,2020,31823.4,4959.4
MLT,Malta,2021,38078.0,5206.1
MLT,Malta,2022,35658.8,5566.1
MLT,Malta,2023,40932.5,5572.6
MMR,Myanmar,2000,196.6,112.6
MMR,Myanmar,2001,141.5,102.0
MMR,Myanmar,2002,146.6,109.7
MMR,Myanmar,2003,224.3,116.1
MMR,Myanmar,2004,224.5,119.2
MMR,Myanmar,2005,252.7,126.9
MMR,Myanmar,2006,303.5,129.3
MMR,Myanmar,2007,419.4,133.0
MMR,Myanmar,2008,658.4,136.8
MMR,Myanmar,2009,758.4,143.2
MMR,Myanmar,2010,1010.5,175.8
MMR,Myanmar,2011,1213.6,211.0
MMR,Myanmar,2012,1202.7,223.9
MMR,Myanmar,2013,1199.1,247.9
MMR,Myanmar,2014,1293.0,283.9
MMR,Myanmar,2015,1166.7,317.1
MMR,Myanmar,2016,1229.2,305.7
MMR,Myanmar,2017,1272.8,378.6
MMR,Myanmar,2018,1298.2,386.6
MMR,Myanmar,2019,1426.0,342.9
MMR,Myanmar,2020,1490.2,330.8
MMR,Myanmar,2021,1242.7,349.5
MMR,Myanmar,2022,1158.1,428.8
MMR,Myanmar,2023,1233.2,400.7
MNE,Montenegro,2005,3676.0,7349.5
MNE,Montenegro,2006,4422.6,7604.0
MNE,Montenegro,2007,5979.4,7467.8
MNE,Montenegro,2008,7390.0,7284.4
MNE,Montenegro,2009,6726.7,6024.2
MNE,Montenegro,2010,6678.6,6359.9
MNE,Montenegro,2011,7265.5,6654.1
MNE,Montenegro,2012,6552.5,6408.4
MNE,Montenegro,2013,7102.8,5685.4
MNE,Montenegro,2014,7342.2,5432.6
MNE,Montenegro,2015,6421.0,5603.8
MNE,Montenegro,2016,6968.0,5510.6
MNE,Montenegro,2017,7674.3,5805.4
MNE,Montenegro,2018,8673.6,5846.1
MNE,Montenegro,2019,8749.3,6016.3
MNE,Montenegro,2020,7555.5,5707.9
MNE,Montenegro,2021,9315.9,5961.7
MNE,Montenegro,2022,10038.2,5173.7
MNE,Montenegro,2023,12258.2,5240.3
MNG,Mongolia,2000,476.0,1246.3
MNG,Mongolia,2001,524.5,1271.3
MNG,Mongolia,2002,570.2,1296.0
MNG,Mongolia,2003,643.2,1296.7
MNG,Mongolia,2004,794.2,1352.8
MNG,Mongolia,2005,994.9,1388.7
MNG,Mongolia,2006,1329.9,1450.8
MNG,Mongolia,2007,1627.7,1499.2
MNG,Mongolia,2008,2127.4,1586.7
MNG,Mongolia,2009,1703.3,1568.3
MNG,Mongolia,2010,2625.2,1687.8
MNG,Mongolia,2011,3736.0,1744.9
MNG,Mongolia,2012,4328.9,1842.3
MNG,Mongolia,2013,4340.1,2174.0
MNG,Mongolia,2014,4126.2,2300.0
MNG,Mongolia,2015,3838.9,2311.4
MNG,Mongolia,2016,3619.9,2328.3
MNG,Mongolia,2017,3646.0,2441.7
MNG,Mongolia,2018,4107.6,2591.8
MNG,Mongolia,2019,4347.5,2673.2
MNG,Mongolia,2020,4001.3,2516.1
MNG,Mongolia,2021,4517.6,2766.7
MNG,Mongolia,2022,4993.5,2903.1
MNG,Mongolia,2023,5838.6,3111.9
MOZ,Mozambique,2000,327.1,169.9
MOZ,Mozambique,2001,304.8,333.9
MOZ,Mozambique,2002,313.9,327.0
MOZ,Mozambique,2003,339.5,438.8
MOZ,Mozambique,2004,400.1,527.7
MOZ,Mozambique,2005,436.8,528.9
MOZ,Mozambique,2006,457.5,558.0
MOZ,Mozambique,2007,507.9,569.8
MOZ,Mozambique,2008,592.2,548.1
MOZ,Mozambique,2009,547.7,555.1
MOZ,Mozambique,2010,496.2,570.9
MOZ,Mozambique,2011,618.2,577.6
MOZ,Mozambique,2012,685.7,564.6
MOZ,Mozambique,2013,686.5,567.6
MOZ,Mozambique,2014,697.1,558.4
MOZ,Mozambique,2015,610.6,568.0
MOZ,Mozambique,2016,441.5,568.1
MOZ,Mozambique,2017,470.9,565.2
MOZ,Mozambique,2018,517.5,542.1
MOZ,Mozambique,2019,519.1,552.1
MOZ,Mozambique,2020,462.4,507.1
MOZ,Mozambique,2021,509.9,501.5
MOZ,Mozambique,2022,578.3,501.3
MOZ,Mozambique,2023,622.2,490.6
MRT,Mauritania,2000,680.9,160.7
MRT,Mauritania,2001,651.8,175.5
MRT,Mauritania,2002,648.9,193.5
MRT,Mauritania,2003,732.0,207.0
MRT,Mauritania,2004,823.6,212.6
MRT,Mauritania,2005,999.0,224.6
MRT,Mauritania,2006,1300.6,248.9
MRT,Mauritania,2007,1405.2,232.8
MRT,Mauritania,2008,1635.6,257.6
MRT,Mauritania,2009,1435.4,267.9
MRT,Mauritania,2010,1660.0,286.1
MRT,Mauritania,2011,1931.2,285.5
MRT,Mauritania,2012,1859.1,303.9
MRT,Mauritania,2013,1936.3,308.0
MRT,Mauritania,2014,1719.0,314.4
MRT,Mauritania,2015,1558.8,337.9
MRT,Mauritania,2016,1568.0,337.7
MRT,Mauritania,2017,1617.9,365.7
MRT,Mauritania,2018,1723.4,382.7
MRT,Mauritania,2019,1767.1,396.2
MRT,Mauritania,2020,1795.7,402.2
MRT,Mauritania,2021,1947.5,373.8
MRT,Mauritania,2022,1961.3,414.3
MRT,Mauritania,2023,2128.0,467.9
MUS,Mauritius,2000,3982.0,1454.8
MUS,Mauritius,2001,3908.6,1566.3
MUS,Mauritius,2002,4073.1,1588.2
MUS,Mauritius,2003,4858.3,1682.6
MUS,Mauritius,2004,5460.6,1728.3
MUS,Mauritius,2005,5354.0,1797.6
MUS,Mauritius,2006,5784.2,1867.4
MUS,Mauritius,2007,6677.4,1937.7
MUS,Mauritius,2008,8140.5,2008.4
MUS,Mauritius,2009,7426.9,2009.4
MUS,Mauritius,2010,8113.2,2097.1
MUS,Mauritius,2011,9324.2,2122.4
MUS,Mauritius,2012,9421.5,2164.2
MUS,Mauritius,2013,9877.1,2215.4
MUS,Mauritius,2014,10490.3,2275.5
MUS,Mauritius,2015,9630.5,2313.7
MUS,Mauritius,2016,10095.1,2361.0
MUS,Mauritius,2017,10986.7,2409.6
MUS,Mauritius,2018,11818.7,2420.8
MUS,Mauritius,2019,11568.3,2511.1
MUS,Mauritius,2020,9135.8,2259.9
MUS,Mauritius,2021,9177.7,2336.6
MUS,Mauritius,2022,10246.5,2444.9
MUS,Mauritius,2023,11270.0,2567.5
MWI,Malawi,2000,224.2,106.9
MWI,Malawi,2001,215.5,104.4
MWI,Malawi,2002,428.2,106.9
MWI,Malawi,2003,383.3,106.7
MWI,Malawi,2004,404.7,116.8
MWI,Malawi,2005,414.4,118.4
MWI,Malawi,2006,440.8,118.2
MWI,Malawi,2007,475.2,114.9
MWI,Malawi,2008,554.0,120.2
MWI,Malawi,2009,625.9,114.6
MWI,Malawi,2010,683.1,128.1
MWI,Malawi,2011,763.1,127.7
MWI,Malawi,2012,558.5,129.2
MWI,Malawi,2013,496.9,125.6
MWI,Malawi,2014,529.5,129.4
MWI,Malawi,2015,539.6,125.8
MWI,Malawi,2016,450.5,121.3
MWI,Malawi,2017,495.8,104.8
MWI,Malawi,2018,533.2,96.6
MWI,Malawi,2019,580.9,93.6
MWI,Malawi,2020,602.5,88.6
MWI,Malawi,2021,617.4,90.3
MWI,Malawi,2022,604.3,88.0
MWI,Malawi,2023,633.2,85.8
MYS,Malaysia,2000,4083.5,3042.5
MYS,Malaysia,2001,3943.8,3217.2
MYS,Malaysia,2002,4184.0,3354.0
MYS,Malaysia,2003,4465.3,3367.6
MYS,Malaysia,2004,4939.2,3782.7
MYS,Malaysia,2005,5555.6,3735.9
MYS,Malaysia,2006,6158.4,3848.5
MYS,Malaysia,2007,7168.9,3936.9
MYS,Malaysia,2008,8371.8,4111.3
MYS,Malaysia,2009,7191.4,4125.2
MYS,Malaysia,2010,8899.3,4358.3
MYS,Malaysia,2011,10217.1,4369.7
MYS,Malaysia,2012,10600.6,4523.2
MYS,Malaysia,2013,10713.6,4678.2
MYS,Malaysia,2014,11013.3,4804.5
MYS,Malaysia,2015,9648.7,4806.5
MYS,Malaysia,2016,9476.5,4906.9
MYS,Malaysia,2017,9862.5,4930.2
MYS,Malaysia,2018,10901.8,5137.8
MYS,Malaysia,2019,10920.2,5288.2
MYS,Malaysia,2020,9957.5,5088.9
MYS,Malaysia,2021,10903.1,5083.4
MYS,Malaysia,2022,11754.6,5252.8
MYS,Malaysia,2023,11386.0,5315.1
NAM,Namibia,2000,2156.7,1171.2
NAM,Namibia,2001,1915.6,1190.1
NAM,Namibia,2002,1772.1,1227.5
NAM,Namibia,2003,2569.2,1262.1
NAM,Namibia,2004,3403.2,1503.5
NAM,Namibia,2005,3685.8,1708.5
NAM,Namibia,2006,4017.2,1767.2
NAM,Namibia,2007,4379.0,1773.5
NAM,Namibia,2008,4204.8,1792.8
NAM,Namibia,2009,4302.9,1713.7
NAM,Namibia,2010,5418.2,1749.0
NAM,Namibia,2011,5834.8,1793.8
NAM,Namibia,2012,5942.6,1868.2
NAM,Namibia,2013,5346.6,1851.3
NAM,Namibia,2014,5378.3,1872.7
NAM,Namibia,2015,4774.1,1756.3
NAM,Namibia,2016,4395.7,1824.4
NAM,Namibia,2017,5144.0,1827.0
NAM,Namibia,2018,5308.6,1796.4
NAM,Namibia,2019,4731.9,1667.6
NAM,Namibia,2020,3878.6,1535.5
NAM,Namibia,2021,4412.8,1405.4
NAM,Namibia,2022,4349.8,1408.5
NAM,Namibia,2023,4226.0,1410.7
NCL,New Caledonia,2000,15329.7,7350.6
NCL,New Caledonia,2001,14482.4,7553.3
NCL,New Caledonia,2002,16104.6,7535.3
NCL,New Caledonia,2003,20768.1,7393.8
NCL,New Caledonia,2004,24475.6,6933.3
NCL,New Caledonia,2005,25528.3,7692.6
NCL,New Caledonia,2006,28193.3,7553.8
NCL,New Caledonia,2007,35177.7,7697.5
NCL,New Caledonia,2008,35723.9,7327.7
NCL,New Caledonia,2009,33836.5,7541.0
NCL,New Caledonia,2010,35798.9,8104.6
NCL,New Caledonia,2011,38835.9,8478.7
NCL,New Caledonia,2012,35559.6,8430.3
NCL,New Caledonia,2013,36671.2,9066.9
NCL,New Caledonia,2014,37817.0,10702.9
NCL,New Caledonia,2015,30858.7,10240.9
NCL,New Caledonia,2016,30782.9,11078.5
NCL,New Caledonia,2017,32354.7,11391.1
NCL,New Caledonia,2018,34902.9,12343.5
NCL,New Caledonia,2019,33411.3,11741.2
NCL,New Caledonia,2020,33270.3,11400.9
NCL,New Caledonia,2021,35311.6,10202.4
NCL,New Caledonia,2022,33516.4,10761.7
NCL,New Caledonia,2023,33701.9,10659.6
NER,Niger,2000,194.8,35.6
NER,Niger,2001,205.4,33.6
NER,Niger,2002,225.3,32.4
NER,Niger,2003,265.2,33.6
NER,Niger,2004,283.5,36.9
NER,Niger,2005,318.6,41.4
NER,Niger,2006,333.3,39.9
NER,Niger,2007,387.2,45.3
NER,Niger,2008,475.0,44.3
NER,Niger,2009,461.1,49.5
NER,Niger,2010,474.4,50.8
NER,Niger,2011,510.8,55.3
NER,Niger,2012,528.5,57.7
NER,Niger,2013,552.1,56.2
NER,Niger,2014,565.3,61.4
NER,Niger,2015,485.7,66.2
NER,Niger,2016,499.9,71.5
NER,Niger,2017,529.9,65.8
NER,Niger,2018,576.9,68.5
NER,Niger,2019,541.3,75.4
NER,Niger,2020,575.5,75.0
NER,Niger,2021,609.6,74.7
NER,Niger,2022,613.6,77.0
NER,Niger,2023,647.9,84.5
NGA,Nigeria,2000,547.3,116.5
NGA,Nigeria,2001,566.4,118.9
NGA,Nigeria,2002,712.2,161.2
NGA,Nigeria,2003,763.4,146.9
NGA,Nigeria,2004,962.5,172.1
NGA,Nigeria,2005,1211.4,162.4
NGA,Nigeria,2006,1599.5,155.1
NGA,Nigeria,2007,1815.5,150.0
NGA,Nigeria,2008,2154.1,134.0
NGA,Nigeria,2009,1820.5,122.1
NGA,Nigeria,2010,2202.3,156.8
NGA,Nigeria,2011,2418.4,157.8
NGA,Nigeria,2012,2633.2,163.1
NGA,Nigeria,2013,2872.8,159.8
NGA,Nigeria,2014,3088.7,173.6
NGA,Nigeria,2015,2585.7,174.0
NGA,Nigeria,2016,2070.4,177.0
NGA,Nigeria,2017,1876.3,148.7
NGA,Nigeria,2018,2057.9,164.5
NGA,Nigeria,2019,3189.8,162.9
NGA,Nigeria,2020,2797.2,163.5
NGA,Nigeria,2021,2787.5,165.4
NGA,Nigeria,2022,2899.2,159.4
NGA,Nigeria,2023,2138.8,169.4
NIC,Nicaragua,2000,1017.3,475.8
NIC,Nicaragua,2001,1051.9,489.4
NIC,Nicaragua,2002,1014.3,497.1
NIC,Nicaragua,2003,1021.4,516.2
NIC,Nicaragua,2004,1098.6,532.9
NIC,Nicaragua,2005,1183.3,539.1
NIC,Nicaragua,2006,1248.2,585.0
NIC,Nicaragua,2007,1350.4,593.0
NIC,Nicaragua,2008,1523.7,607.9
NIC,Nicaragua,2009,1467.1,609.9
NIC,Nicaragua,2010,1526.6,630.9
NIC,Nicaragua,2011,1679.7,649.6
NIC,Nicaragua,2012,1784.7,686.3
NIC,Nicaragua,2013,1835.4,703.6
NIC,Nicaragua,2014,1958.4,730.2
NIC,Nicaragua,2015,2074.5,748.0
NIC,Nicaragua,2016,2131.7,766.9
NIC,Nicaragua,2017,2182.6,767.9
NIC,Nicaragua,2018,2035.2,757.8
NIC,Nicaragua,2019,1958.6,772.7
NIC,Nicaragua,2020,1938.4,740.3
NIC,Nicaragua,2021,2138.4,784.1
NIC,Nicaragua,2022,2322.9,799.3
NIC,Nicaragua,2023,2609.4,782.6
NLD,Netherlands,2000,26225.2,6661.2
NLD,Netherlands,2001,26955.7,6761.5
NLD,Netherlands,2002,29446.5,6816.0
NLD,Netherlands,2003,35896.8,6871.2
NLD,Netherlands,2004,40611.3,7064.6
NLD,Netherlands,2005,42165.4,7094.7
NLD,Netherlands,2006,45123.5,7213.6
NLD,Netherlands,2007,52100.8,7337.0
NLD,Netherlands,2008,58246.7,7354.2
NLD,Netherlands,2009,53172.0,7027.0
NLD,Netherlands,2010,51305.7,7207.6
NLD,Netherlands,2011,54701.8,7223.9
NLD,Netherlands,2012,50473.9,7057.6
NLD,Netherlands,2013,52602.3,7001.8
NLD,Netherlands,2014,53457.2,6860.2
NLD,Netherlands,2015,45793.8,6882.4
NLD,Netherlands,2016,46808.5,6909.2
NLD,Netherlands,2017,49513.7,6904.3
NLD,Netherlands,2018,53955.1,6949.5
NLD,Netherlands,2019,53554.9,6894.4
NLD,Netherlands,2020,53467.9,6764.3
NLD,Netherlands,2021,60142.0,6832.3
NLD,Netherlands,2022,59123.3,6461.5
NLD,Netherlands,2023,63515.6,6317.5
NOR,Norway,2000,37991.9,27493.6
NOR,Norway,2001,38458.3,27669.4
NOR,Norway,2002,43048.3,26560.1
NOR,Norway,2003,50208.1,25092.7
NOR,Norway,2004,57854.6,26471.5
NOR,Norway,2005,67358.4,27083.4
NOR,Norway,2006,75047.7,26192.5
NOR,Norway,2007,86600.2,26774.2
NOR,Norway,2008,99001.5,26704.6
NOR,Norway,2009,81939.7,25263.9
NOR,Norway,2010,90020.3,26730.6
NOR,Norway,2011,103545.2,24803.3
NOR,Norway,2012,104627.9,25577.6
NOR,Norway,2013,106333.1,25221.8
NOR,Norway,2014,100410.0,24389.8
NOR,Norway,2015,77221.0,24731.3
NOR,Norway,2016,73222.4,25137.6
NOR,Norway,2017,78771.2,25225.5
NOR,Norway,2018,85579.1,25564.1
NOR,Norway,2019,79329.3,25033.0
NOR,Norway,2020,71057.6,24882.5
NOR,Norway,2021,96442.6,25804.0
NOR,Norway,2022,113122.1,24355.0
NOR,Norway,2023,90984.4,24621.5
NPL,Nepal,2000,223.8,71.3
NPL,Nepal,2001,240.8,77.8
NPL,Nepal,2002,238.9,81.3
NPL,Nepal,2003,246.4,85.6
NPL,Nepal,2004,279.6,96.9
NPL,Nepal,2005,309.0,101.9
NPL,Nepal,2006,340.4,111.8
NPL,Nepal,2007,385.4,117.2
NPL,Nepal,2008,464.8,114.9
NPL,Nepal,2009,473.1,134.0
NPL,Nepal,2010,585.3,140.4
NPL,Nepal,2011,785.5,152.9
NPL,Nepal,2012,788.2,156.9
NPL,Nepal,2013,803.3,174.7
NPL,Nepal,2014,821.5,186.8
NPL,Nepal,2015,875.5,188.0
NPL,Nepal,2016,877.3,227.1
NPL,Nepal,2017,1034.3,255.6
NPL,Nepal,2018,1179.2,271.4
NPL,Nepal,2019,1203.1,273.5
NPL,Nepal,2020,1154.2,309.0
NPL,Nepal,2021,1252.8,362.3
NPL,Nepal,2022,1385.9,376.6
NPL,Nepal,2023,1382.4,358.7
NRU,Naoero,2000,2648.6,2944.9
NRU,Naoero,2001,2232.3,2956.5
NRU,Naoero,2002,2084.6,2968.8
NRU,Naoero,2003,2463.3,2974.4
NRU,Naoero,2004,3040.5,2975.0
NRU,Naoero,2005,2992.4,2978.8
NRU,Naoero,2006,2910.1,1987.9
NRU,Naoero,2007,2272.2,1991.6
NRU,Naoero,2008,3756.8,1993.6
NRU,Naoero,2009,4410.6,1991.8
NRU,Naoero,2010,4735.9,1986.7
NRU,Naoero,2011,6444.0,1977.1
NRU,Naoero,2012,9842.8,1943.8
NRU,Naoero,2013,8974.5,1897.7
NRU,Naoero,2014,9230.1,2786.6
NRU,Naoero,2015,7747.3,2733.5
NRU,Naoero,2016,8748.2,2685.0
NRU,Naoero,2017,9657.0,2642.9
NRU,Naoero,2018,11413.7,3478.6
NRU,Naoero,2019,10801.8,3445.6
NRU,Naoero,2020,10709.1,3429.1
NRU,Naoero,2021,12748.2,3410.9
NRU,Naoero,2022,15309.8,3383.5
NRU,Naoero,2023,13602.6,3361.3
NZL,New Zealand,2000,13641.1,10086.6
NZL,New Zealand,2001,13882.9,10093.1
NZL,New Zealand,2002,16874.2,10176.9
NZL,New Zealand,2003,21913.7,10035.8
NZL,New Zealand,2004,25420.2,10350.4
NZL,New Zealand,2005,27751.1,10273.3
NZL,New Zealand,2006,26654.6,10291.9
NZL,New Zealand,2007,32480.0,10271.7
NZL,New Zealand,2008,31324.7,10181.1
NZL,New Zealand,2009,28276.7,9978.4
NZL,New Zealand,2010,33761.9,10191.4
NZL,New Zealand,2011,38425.8,10007.5
NZL,New Zealand,2012,40041.8,9916.9
NZL,New Zealand,2013,42985.0,9587.2
NZL,New Zealand,2014,44599.9,9489.3
NZL,New Zealand,2015,38648.7,9442.9
NZL,New Zealand,2016,40088.3,9152.1
NZL,New Zealand,2017,42912.2,9071.7
NZL,New Zealand,2018,43204.1,8923.0
NZL,New Zealand,2019,42872.3,8768.6
NZL,New Zealand,2020,42054.7,8550.5
NZL,New Zealand,2021,49902.2,8526.4
NZL,New Zealand,2022,49141.6,8428.0
NZL,New Zealand,2023,49302.3,8291.4
OMN,Oman,2000,9753.8,3991.9
OMN,Oman,2001,9612.0,4216.0
OMN,Oman,2002,9869.1,4419.9
OMN,Oman,2003,10463.5,4530.8
OMN,Oman,2004,11800.9,4782.1
OMN,Oman,2005,14434.9,5142.7
OMN,Oman,2006,16930.9,5284.7
OMN,Oman,2007,18792.7,5513.2
OMN,Oman,2008,26576.8,6110.7
OMN,Oman,2009,20655.9,6872.4
OMN,Oman,2010,23570.2,7184.2
OMN,Oman,2011,25188.0,7108.1
OMN,Oman,2012,24642.3,7053.6
OMN,Oman,2013,23458.0,6844.2
OMN,Oman,2014,23160.7,7278.1
OMN,Oman,2015,18808.3,7825.8
OMN,Oman,2016,17110.2,7795.7
OMN,Oman,2017,17820.1,7967.1
OMN,Oman,2018,19901.8,8212.5
OMN,Oman,2019,19180.2,8470.5
OMN,Oman,2020,16784.9,8446.7
OMN,Oman,2021,19403.5,9110.2
OMN,Oman,2022,23223.6,8963.6
OMN,Oman,2023,21027.7,8912.2
PAK,Pakistan,2000,642.3,429.3
PAK,Pakistan,2001,609.9,452.8
PAK,Pakistan,2002,599.9,464.2
PAK,Pakistan,2003,672.4,491.6
PAK,Pakistan,2004,771.9,502.5
PAK,Pakistan,2005,827.6,539.8
PAK,Pakistan,2006,900.9,554.9
PAK,Pakistan,2007,998.1,522.2
PAK,Pakistan,2008,1067.0,492.0
PAK,Pakistan,2009,963.8,495.7
PAK,Pakistan,2010,987.3,475.9
PAK,Pakistan,2011,1131.7,466.8
PAK,Pakistan,2012,1204.4,474.2
PAK,Pakistan,2013,1225.4,498.9
PAK,Pakistan,2014,1266.6,505.7
PAK,Pakistan,2015,1380.5,521.2
PAK,Pakistan,2016,1424.7,560.6
PAK,Pakistan,2017,1519.2,586.4
PAK,Pakistan,2018,1569.3,570.7
PAK,Pakistan,2019,1390.4,587.0
PAK,Pakistan,2020,1278.4,624.1
PAK,Pakistan,2021,1455.3,683.6
PAK,Pakistan,2022,1538.3,724.0
PAK,Pakistan,2023,1360.3,696.8
PAN,Panama,2000,3975.1,1664.2
PAN,Panama,2001,3991.8,1641.9
PAN,Panama,2002,4090.6,1687.3
PAN,Panama,2003,4264.7,1689.8
PAN,Panama,2004,4644.6,1731.7
PAN,Panama,2005,5017.7,1741.6
PAN,Panama,2006,5528.8,1757.0
PAN,Panama,2007,6317.8,1844.4
PAN,Panama,2008,7347.6,1856.8
PAN,Panama,2009,7796.9,1930.2
PAN,Panama,2010,8331.5,2042.1
PAN,Panama,2011,9662.3,2133.5
PAN,Panama,2012,11064.8,2279.7
PAN,Panama,2013,12273.3,2339.7
PAN,Panama,2014,13213.2,2412.6
PAN,Panama,2015,14082.7,2570.7
PAN,Panama,2016,14832.4,2608.5
PAN,Panama,2017,15694.6,2617.9
PAN,Panama,2018,16151.3,2612.9
PAN,Panama,2019,16477.9,2666.1
PAN,Panama,2020,13290.6,2443.4
PAN,Panama,2021,15509.8,2685.6
PAN,Panama,2022,17378.6,2710.9
PAN,Panama,2023,18797.2,2908.9
PER,Peru,2000,1945.4,748.9
PER,Peru,2001,1929.6,770.3
PER,Peru,2002,2007.4,805.8
PER,Peru,2003,2129.4,831.4
PER,Peru,2004,2397.3,870.7
PER,Peru,2005,2706.7,907.4
PER,Peru,2006,3129.6,965.9
PER,Peru,2007,3581.1,1049.0
PER,Peru,2008,4197.6,1129.2
PER,Peru,2009,4181.2,1137.1
PER,Peru,2010,5072.1,1230.1
PER,Peru,2011,5861.4,1339.1
PER,Peru,2012,6519.4,1352.3
PER,Peru,2013,6746.8,1459.2
PER,Peru,2014,6667.1,1518.1
PER,Peru,2015,6231.7,1583.2
PER,Peru,2016,6217.0,1672.0
PER,Peru,2017,6736.2,1683.3
PER,Peru,2018,6978.5,1713.0
PER,Peru,2019,7037.0,1754.4
PER,Peru,2020,6133.3,1614.9
PER,Peru,2021,6828.5,1720.1
PER,Peru,2022,7353.7,1790.6
PER,Peru,2023,7919.0,1799.3
PHL,Philippines,2000,1050.8,568.9
PHL,Philippines,2001,969.5,578.0
PHL,Philippines,2002,1014.9,583.4
PHL,Philippines,2003,1027.2,624.8
PHL,Philippines,2004,1099.6,647.5
PHL,Philippines,2005,1220.5,642.7
PHL,Philippines,2006,1426.1,634.3
PHL,Philippines,2007,1712.7,654.6
PHL,Philippines,2008,1959.3,656.1
PHL,Philippines,2009,1864.5,656.0
PHL,Philippines,2010,2162.9,703.1
PHL,Philippines,2011,2383.9,703.8
PHL,Philippines,2012,2614.6,727.6
PHL,Philippines,2013,2781.3,737.0
PHL,Philippines,2014,2866.8,744.3
PHL,Philippines,2015,2909.9,782.4
PHL,Philippines,2016,2985.2,850.6
PHL,Philippines,2017,3038.1,872.7
PHL,Philippines,2018,3168.5,911.2
PHL,Philippines,2019,3400.8,956.9
PHL,Philippines,2020,3227.6,907.8
PHL,Philippines,2021,3484.4,935.1
PHL,Philippines,2022,3548.1,978.8
PHL,Philippines,2023,3804.1,1016.0
PNG,Papua New Guinea,2000,636.0,391.9
PNG,Papua New Guinea,2001,537.8,467.8
PNG,Papua New Guinea,2002,506.3,484.5
PNG,Papua New Guinea,2003,577.5,525.8
PNG,Papua New Guinea,2004,620.6,554.7
PNG,Papua New Guinea,2005,744.5,553.9
PNG,Papua New Guinea,2006,1238.2,503.9
PNG,Papua New Guinea,2007,1370.8,481.1
PNG,Papua New Guinea,2008,1624.8,474.7
PNG,Papua New Guinea,2009,1568.8,455.0
PNG,Papua New Guinea,2010,1866.9,459.8
PNG,Papua New Guinea,2011,2288.4,461.9
PNG,Papua New Guinea,2012,2635.1,461.6
PNG,Papua New Guinea,2013,2560.8,483.0
PNG,Papua New Guinea,2014,2723.2,502.1
PNG,Papua New Guinea,2015,2484.6,518.1
PNG,Papua New Guinea,2016,2316.4,532.3
PNG,Papua New Guinea,2017,2477.8,473.9
PNG,Papua New Guinea,2018,2566.4,464.1
PNG,Papua New Guinea,2019,2575.8,445.4
PNG,Papua New Guinea,2020,2429.6,417.7
PNG,Papua New Guinea,2021,2608.0,452.4
PNG,Papua New Guinea,2022,3102.3,449.9
PNG,Papua New Guinea,2023,2966.1,455.3
POL,Poland,2000,4520.6,3576.0
POL,Poland,2001,5015.2,3581.7
POL,Poland,2002,5223.5,3542.3
POL,Poland,2003,5720.8,3660.7
POL,Poland,2004,6711.7,3753.2
POL,Poland,2005,8043.9,3779.7
POL,Poland,2006,9068.9,3932.4
POL,Poland,2007,11272.5,4028.6
POL,Poland,2008,14048.6,4048.6
POL,Poland,2009,11556.3,3912.1
POL,Poland,2010,12567.7,4079.8
POL,Poland,2011,13867.7,4125.5
POL,Poland,2012,13087.4,4147.7
POL,Poland,2013,13621.9,4162.7
POL,Poland,2014,14262.3,4194.9
POL,Poland,2015,12637.5,4285.0
POL,Poland,2016,12464.0,4390.6
POL,Poland,2017,13913.3,4501.4
POL,Poland,2018,15658.2,4579.4
POL,Poland,2019,15874.5,4547.7
POL,Poland,2020,16150.9,4464.6
POL,Poland,2021,18635.5,4723.4
POL,Poland,2022,18891.2,4609.0
POL,Poland,2023,22145.3,4366.6
PRI,Puerto Rico (US),2000,16192.1,5735.1
PRI,Puerto Rico (US),2001,18123.2,5851.0
PRI,Puerto Rico (US),2002,18731.5,6077.6
PRI,Puerto Rico (US),2003,19557.1,6284.7
PRI,Puerto Rico (US),2004,20989.0,6357.5
PRI,Puerto Rico (US),2005,21959.3,6588.5
PRI,Puerto Rico (US),2006,22935.9,6612.4
PRI,Puerto Rico (US),2007,23664.9,6558.4
PRI,Puerto Rico (US),2008,24898.3,6201.4
PRI,Puerto Rico (US),2009,25768.7,6168.7
PRI,Puerto Rico (US),2010,26414.9,6258.7
PRI,Puerto Rico (US),2011,27170.1,6042.8
PRI,Puerto Rico (US),2012,27742.0,6115.6
PRI,Puerto Rico (US),2013,28212.0,5955.5
PRI,Puerto Rico (US),2014,28576.1,5906.8
PRI,Puerto Rico (US),2015,29242.0,5934.4
PRI,Puerto Rico (US),2016,29978.1,5937.8
PRI,Puerto Rico (US),2017,30328.5,4857.8
PRI,Puerto Rico (US),2018,30679.9,5376.8
PRI,Puerto Rico (US),2019,31830.5,5824.2
PRI,Puerto Rico (US),2020,31427.1,5821.5
PRI,Puerto Rico (US),2021,32618.9,5951.0
PRI,Puerto Rico (US),2022,35353.6,6140.1
PRI,Puerto Rico (US),2023,36980.8,6138.1
PRT,Portugal,2000,11526.4,4292.4
PRT,Portugal,2001,11734.8,4471.6
PRT,Portugal,2002,12936.7,4556.8
PRT,Portugal,2003,15797.8,4704.3
PRT,Portugal,2004,18064.2,4881.0
PRT,Portugal,2005,18780.1,5030.0
PRT,Portugal,2006,19839.5,5115.9
PRT,Portugal,2007,22811.1,5139.0
PRT,Portugal,2008,24949.0,5184.5
PRT,Portugal,2009,23151.2,5120.9
PRT,Portugal,2010,22551.9,5303.1
PRT,Portugal,2011,23246.5,5171.0
PRT,Portugal,2012,20593.4,5072.7
PRT,Portugal,2013,21676.5,5080.2
PRT,Portugal,2014,22120.7,5064.3
PRT,Portugal,2015,19215.8,5150.3
PRT,Portugal,2016,19980.3,5215.4
PRT,Portugal,2017,21442.4,5315.2
PRT,Portugal,2018,23541.1,5393.5
PRT,Portugal,2019,23343.4,5317.5
PRT,Portugal,2020,22299.4,5096.2
PRT,Portugal,2021,24711.5,5193.9
PRT,Portugal,2022,24620.5,5335.5
PRT,Portugal,2023,27634.6,5404.2
PRY,Paraguay,2000,1736.1,1201.8
PRY,Paraguay,2001,1637.7,1191.3
PRY,Paraguay,2002,1367.8,1222.1
PRY,Paraguay,2003,1444.0,1237.2
PRY,Paraguay,2004,1786.2,1284.3
PRY,Paraguay,2005,1970.9,1354.6
PRY,Paraguay,2006,2439.4,1464.1
PRY,Paraguay,2007,3211.9,1546.9
PRY,Paraguay,2008,4385.0,1633.5
PRY,Paraguay,2009,3941.8,1745.6
PRY,Paraguay,2010,4751.0,1861.3
PRY,Paraguay,2011,5805.4,1977.8
PRY,Paraguay,2012,5642.2,2131.6
PRY,Paraguay,2013,6435.7,2198.1
PRY,Paraguay,2014,6652.3,2311.4
PRY,Paraguay,2015,5879.3,2396.5
PRY,Paraguay,2016,5775.2,2483.5
PRY,Paraguay,2017,6152.3,2554.2
PRY,Paraguay,2018,6258.4,2665.2
PRY,Paraguay,2019,5821.2,2738.3
PRY,Paraguay,2020,5365.5,2821.1
PRY,Paraguay,2021,5974.9,2860.5
PRY,Paraguay,2022,6189.1,2982.0
PRY,Paraguay,2023,6303.3,3309.4
PSE,West Bank and Gaza,2000,1476.2,726.6
PSE,West Bank and Gaza,2001,1335.6,653.9
PSE,West Bank and Gaza,2002,1156.2,740.4
PSE,West Bank and Gaza,2003,1257.7,782.8
PSE,West Bank and Gaza,2004,1422.2,863.3
PSE,West Bank and Gaza,2005,1543.7,944.5
PSE,West Bank and Gaza,2006,1570.1,946.5
PSE,West Bank and Gaza,2007,1664.2,966.1
PSE,West Bank and Gaza,2008,2035.2,1120.4
PSE,West Bank and Gaza,2009,2191.8,1142.5
PSE,West Bank and Gaza,2010,2557.1,1152.6
PSE,West Bank and Gaza,2011,2880.8,1261.0
PSE,West Bank and Gaza,2012,3067.4,1273.9
PSE,West Bank and Gaza,2013,3315.3,1218.9
PSE,West Bank and Gaza,2014,3352.1,1195.7
PSE,West Bank and Gaza,2015,3272.2,1311.5
PSE,West Bank and Gaza,2016,3527.6,1295.1
PSE,West Bank and Gaza,2017,3620.4,1292.5
PSE,West Bank and Gaza,2018,3562.3,1307.1
PSE,West Bank and Gaza,2019,3656.9,1424.0
PSE,West Bank and Gaza,2020,3233.6,1451.8
PSE,West Bank and Gaza,2021,3678.6,1463.7
PSE,West Bank and Gaza,2022,3800.0,1455.2
PSE,West Bank and Gaza,2023,3607.4,1464.2
PYF,French Polynesia,2000,14978.3,1705.9
PYF,French Polynesia,2001,14640.9,1720.6
PYF,French Polynesia,2002,16004.1,1856.4
PYF,French Polynesia,2003,19582.9,1867.7
PYF,French Polynesia,2004,21764.2,2112.2
PYF,French Polynesia,2005,21984.2,1965.2
PYF,French Polynesia,2006,22330.9,2013.4
PYF,French Polynesia,2007,24888.2,2064.2
PYF,French Polynesia,2008,26592.0,2123.8
PYF,French Polynesia,2009,24434.2,2152.2
PYF,French Polynesia,2010,22494.8,2919.5
PYF,French Polynesia,2011,22831.5,2723.3
PYF,French Polynesia,2012,20846.5,2636.5
PYF,French Polynesia,2013,21955.6,2475.1
PYF,French Polynesia,2014,22258.6,2460.3
PYF,French Polynesia,2015,19167.0,2447.1
PYF,French Polynesia,2016,19690.1,2435.7
PYF,French Polynesia,2017,20826.9,2463.4
PYF,French Polynesia,2018,21925.6,2430.1
PYF,French Polynesia,2019,21582.6,2472.8
PYF,French Polynesia,2020,19966.5,2363.7
PYF,French Polynesia,2021,21426.4,2358.8
PYF,French Polynesia,2022,20054.0,2532.2
PYF,French Polynesia,2023,21832.3,2525.6
QAT,Qatar,2000,27535.2,14155.2
QAT,Qatar,2001,25870.8,14676.9
QAT,Qatar,2002,27226.7,15382.1
QAT,Qatar,2003,31602.5,16127.5
QAT,Qatar,2004,41035.5,17107.6
QAT,Qatar,2005,53949.7,17445.7
QAT,Qatar,2006,62582.4,17556.8
QAT,Qatar,2007,65954.1,16101.3
QAT,Qatar,2008,80781.2,15151.3
QAT,Qatar,2009,60785.7,15232.8
QAT,Qatar,2010,77387.3,16463.5
QAT,Qatar,2011,103261.5,16968.9
QAT,Qatar,2012,108470.4,18247.4
QAT,Qatar,2013,103697.0,17095.9
QAT,Qatar,2014,95840.6,17490.3
QAT,Qatar,2015,68985.3,17150.5
QAT,Qatar,2016,61253.6,16327.0
QAT,Qatar,2017,63279.9,16883.9
QAT,Qatar,2018,71039.8,17405.8
QAT,Qatar,2019,66841.3,17870.4
QAT,Qatar,2020,51683.5,17621.6
QAT,Qatar,2021,71751.9,18397.9
QAT,Qatar,2022,88701.5,18928.5
QAT,Qatar,2023,80195.9,18925.3
ROU,Romania,2000,1659.9,2307.0
ROU,Romania,2001,1825.2,2383.2
ROU,Romania,2002,2119.9,2368.9
ROU,Romania,2003,2679.4,2443.3
ROU,Romania,2004,3495.0,2583.3
ROU,Romania,2005,4618.0,2660.1
ROU,Romania,2006,5757.5,2771.0
ROU,Romania,2007,8360.3,2849.4
ROU,Romania,2008,10435.2,2925.4
ROU,Romania,2009,8548.5,2687.0
ROU,Romania,2010,8399.5,2845.9
ROU,Romania,2011,9560.7,2952.9
ROU,Romania,2012,8930.0,2916.4
ROU,Romania,2013,9497.7,2799.7
ROU,Romania,2014,10031.8,2894.1
ROU,Romania,2015,8977.0,2965.6
ROU,Romania,2016,9404.5,2993.4
ROU,Romania,2017,10728.0,3080.3
ROU,Romania,2018,12416.1,3139.6
ROU,Romania,2019,12909.6,3091.0
ROU,Romania,2020,13009.2,2990.9
ROU,Romania,2021,14908.0,3156.7
ROU,Romania,2022,15503.5,2919.6
ROU,Romania,2023,18244.4,2820.8
RUS,Russian Federation,2000,1771.6,5886.8
RUS,Russian Federation,2001,2100.4,5991.1
RUS,Russian Federation,2002,2377.5,6018.5
RUS,Russian Federation,2003,2975.1,6193.0
RUS,Russian Federation,2004,4102.4,6366.5
RUS,Russian Federation,2005,5323.5,6512.8
RUS,Russian Federation,2006,6920.2,6775.1
RUS,Russian Federation,2007,9101.2,6992.2
RUS,Russian Federation,2008,11635.3,7109.1
RUS,Russian Federation,2009,8562.8,6799.5
RUS,Russian Federation,2010,10675.0,7090.5
RUS,Russian Federation,2011,14305.3,7166.6
RUS,Russian Federation,2012,15401.9,7296.3
RUS,Russian Federation,2013,15941.4,7229.4
RUS,Russian Federation,2014,14055.5,7287.5
RUS,Russian Federation,2015,9277.7,7266.6
RUS,Russian Federation,2016,8663.2,7384.3
RUS,Russian Federation,2017,10658.9,7391.7
RUS,Russian Federation,2018,11211.9,7488.8
RUS,Russian Federation,2019,11447.7,7505.0
RUS,Russian Federation,2020,10108.3,7342.2
RUS,Russian Federation,2021,12425.0,7787.7
RUS,Russian Federation,2022,15625.6,7903.2
RUS,Russian Federation,2023,13987.0,7987.6
RWA,Rwanda,2000,251.9,30.4
RWA,Rwanda,2001,237.3,32.6
RWA,Rwanda,2002,234.0,35.7
RWA,Rwanda,2003,249.0,34.9
RWA,Rwanda,2004,269.5,28.4
RWA,Rwanda,2005,324.0,30.9
RWA,Rwanda,2006,352.1,35.5
RWA,Rwanda,2007,420.7,34.6
RWA,Rwanda,2008,522.3,37.7
RWA,Rwanda,2009,557.0,36.8
RWA,Rwanda,2010,586.6,34.9
RWA,Rwanda,2011,643.4,39.7
RWA,Rwanda,2012,697.8,44.3
RWA,Rwanda,2013,695.4,41.5
RWA,Rwanda,2014,715.4,44.0
RWA,Rwanda,2015,725.7,50.7
RWA,Rwanda,2016,721.3,59.6
RWA,Rwanda,2017,751.0,59.0
RWA,Rwanda,2018,772.8,72.9
RWA,Rwanda,2019,823.4,68.9
RWA,Rwanda,2020,802.6,69.6
RWA,Rwanda,2021,842.6,76.4
RWA,Rwanda,2022,1007.1,77.6
RWA,Rwanda,2023,1061.1,86.0
SAU,Saudi Arabia,2000,11714.6,8572.9
SAU,Saudi Arabia,2001,10805.3,8572.6
SAU,Saudi Arabia,2002,10586.1,8648.9
SAU,Saudi Arabia,2003,11487.2,8866.9
SAU,Saudi Arabia,2004,13154.5,8816.2
SAU,Saudi Arabia,2005,15975.7,9292.4
SAU,Saudi Arabia,2006,17563.6,9148.1
SAU,Saudi Arabia,2007,18596.2,9139.3
SAU,Saudi Arabia,2008,22320.5,8768.5
SAU,Saudi Arabia,2009,17718.4,8973.2
SAU,Saudi Arabia,2010,22028.4,9888.6
SAU,Saudi Arabia,2011,27126.7,9924.3
SAU,Saudi Arabia,2012,28733.4,10404.8
SAU,Saudi Arabia,2013,27865.5,10513.9
SAU,Saudi Arabia,2014,27805.5,11316.2
SAU,Saudi Arabia,2015,23256.2,11696.1
SAU,Saudi Arabia,2016,22267.7,11620.0
SAU,Saudi Arabia,2017,23929.3,12830.7
SAU,Saudi Arabia,2018,29360.1,12341.1
SAU,Saudi Arabia,2019,29566.8,12432.4
SAU,Saudi Arabia,2020,24338.8,12278.6
SAU,Saudi Arabia,2021,31920.8,12541.7
SAU,Saudi Arabia,2022,38510.2,12736.5
SAU,Saudi Arabia,2023,36156.9,12903.0
SDN,Sudan,2000,362.1,91.3
SDN,Sudan,2001,451.3,94.0
SDN,Sudan,2002,506.3,102.6
SDN,Sudan,2003,580.3,116.1
SDN,Sudan,2004,705.1,117.8
SDN,Sudan,2005,905.5,126.7
SDN,Sudan,2006,1132.5,145.3
SDN,Sudan,2007,1444.4,157.5
SDN,Sudan,2008,1527.6,167.7
SDN,Sudan,2009,1178.2,191.2
SDN,Sudan,2010,1305.6,214.0
SDN,Sudan,2011,1332.7,235.5
SDN,Sudan,2012,1019.2,259.2
SDN,Sudan,2013,1138.6,282.4
SDN,Sudan,2014,1275.4,305.2
SDN,Sudan,2015,1292.4,330.3
SDN,Sudan,2016,1033.2,363.8
SDN,Sudan,2017,966.5,388.4
SDN,Sudan,2018,731.0,388.9
SDN,Sudan,2019,710.0,360.7
SDN,Sudan,2020,577.8,383.2
SDN,Sudan,2021,712.1,387.6
SDN,Sudan,2022,1046.2,357.6
SDN,Sudan,2023,797.3,302.9
SEN,Senegal,2000,603.2,149.5
SEN,Senegal,2001,637.2,175.3
SEN,Senegal,2002,669.4,198.7
SEN,Senegal,2003,817.9,217.3
SEN,Senegal,2004,918.1,217.8
SEN,Senegal,2005,979.8,235.9
SEN,Senegal,2006,1017.2,229.6
SEN,Senegal,2007,1188.9,237.9
SEN,Senegal,2008,1398.8,245.7
SEN,Senegal,2009,1308.7,266.7
SEN,Senegal,2010,1275.9,275.4
SEN,Senegal,2011,1374.7,273.9
SEN,Senegal,2012,1326.8,293.8
SEN,Senegal,2013,1379.8,300.5
SEN,Senegal,2014,1398.9,318.0
SEN,Senegal,2015,1218.0,326.9
SEN,Senegal,2016,1266.4,341.9
SEN,Senegal,2017,1354.8,326.3
SEN,Senegal,2018,1452.6,330.5
SEN,Senegal,2019,1431.2,375.5
SEN,Senegal,2020,1461.1,382.4
SEN,Senegal,2021,1598.1,404.7
SEN,Senegal,2022,1574.0,433.4
SEN,Senegal,2023,1698.0,483.5
SGP,Singapore,2000,23852.8,7848.3
SGP,Singapore,2001,21699.7,8031.7
SGP,Singapore,2002,22159.8,8358.1
SGP,Singapore,2003,23730.4,8535.0
SGP,Singapore,2004,27608.1,8823.9
SGP,Singapore,2005,29961.3,8954.3
SGP,Singapore,2006,33768.5,8960.6
SGP,Singapore,2007,39432.9,8948.1
SGP,Singapore,2008,40008.6,8669.1
SGP,Singapore,2009,38926.8,8412.9
SGP,Singapore,2010,47236.7,8934.4
SGP,Singapore,2011,53891.5,8876.5
SGP,Singapore,2012,55547.6,8867.7
SGP,Singapore,2013,56967.4,8907.1
SGP,Singapore,2014,57564.8,9032.8
SGP,Singapore,2015,55645.6,9099.9
SGP,Singapore,2016,57204.0,9248.9
SGP,Singapore,2017,61436.1,9328.9
SGP,Singapore,2018,67032.8,9401.2
SGP,Singapore,2019,66068.7,9549.2
SGP,Singapore,2020,61772.5,9442.8
SGP,Singapore,2021,80884.9,10059.0
SGP,Singapore,2022,91227.7,10106.4
SGP,Singapore,2023,86382.6,9915.2
SLB,Solomon Islands,2000,953.2,136.2
SLB,Solomon Islands,2001,911.8,133.6
SLB,Solomon Islands,2002,756.9,131.1
SLB,Solomon Islands,2003,896.0,128.7
SLB,Solomon Islands,2004,986.1,126.4
SLB,Solomon Islands,2005,1144.5,144.9
SLB,Solomon Islands,2006,1255.6,142.4
SLB,Solomon Islands,2007,1390.1,159.9
SLB,Solomon Islands,2008,1525.8,157.2
SLB,Solomon Islands,2009,1554.7,154.4
SLB,Solomon Islands,2010,1685.1,150.1
SLB,Solomon Islands,2011,1924.1,144.7
SLB,Solomon Islands,2012,2066.3,139.5
SLB,Solomon Islands,2013,2161.4,134.5
SLB,Solomon Islands,2014,2165.0,145.9
SLB,Solomon Islands,2015,2045.5,140.8
SLB,Solomon Islands,2016,2082.6,151.0
SLB,Solomon Islands,2017,2143.6,145.8
SLB,Solomon Islands,2018,2278.2,141.0
SLB,Solomon Islands,2019,2223.7,137.3
SLB,Solomon Islands,2020,2063.3,134.3
SLB,Solomon Islands,2021,2043.4,131.1
SLB,Solomon Islands,2022,1877.8,140.8
SLB,Solomon Islands,2023,1882.6,137.5
SLE,Sierra Leone,2000,143.7,20.3
SLE,Sierra Leone,2001,358.3,27.7
SLE,Sierra Leone,2002,389.0,32.2
SLE,Sierra Leone,2003,413.8,29.0
SLE,Sierra Leone,2004,417.7,22.4
SLE,Sierra Leone,2005,462.6,14.5
SLE,Sierra Leone,2006,580.3,8.9
SLE,Sierra Leone,2007,631.9,10.4
SLE,Sierra Leone,2008,705.4,10.2
SLE,Sierra Leone,2009,652.8,9.9
SLE,Sierra Leone,2010,685.0,22.5
SLE,Sierra Leone,2011,761.1,26.6
SLE,Sierra Leone,2012,937.5,27.5
SLE,Sierra Leone,2013,1117.5,23.8
SLE,Sierra Leone,2014,1117.8,21.8
SLE,Sierra Leone,2015,964.6,22.7
SLE,Sierra Leone,2016,844.4,29.1
SLE,Sierra Leone,2017,779.2,31.2
SLE,Sierra Leone,2018,845.9,35.7
SLE,Sierra Leone,2019,843.7,25.9
SLE,Sierra Leone,2020,845.3,25.3
SLE,Sierra Leone,2021,885.4,24.7
SLE,Sierra Leone,2022,860.4,24.2
SLE,Sierra Leone,2023,758.3,24.8
SLV,El Salvador,2000,1982.9,731.9
SLV,El Salvador,2001,2058.0,738.9
SLV,El Salvador,2002,2115.4,798.4
SLV,El Salvador,2003,2207.8,831.9
SLV,El Salvador,2004,2285.7,867.7
SLV,El Salvador,2005,2447.4,895.8
SLV,El Salvador,2006,2665.6,949.6
SLV,El Salvador,2007,2830.7,991.7
SLV,El Salvador,2008,2983.2,1010.1
SLV,El Salvador,2009,2910.2,988.7
SLV,El Salvador,2010,3040.1,1011.8
SLV,El Salvador,2011,3330.6,1031.2
SLV,El Salvador,2012,3497.9,1045.1
SLV,El Salvador,2013,3582.3,1060.5
SLV,El Salvador,2014,3666.0,1083.9
SLV,El Salvador,2015,3790.3,1127.2
SLV,El Salvador,2016,3901.3,1153.1
SLV,El Salvador,2017,4020.1,1149.1
SLV,El Salvador,2018,4183.5,1157.6
SLV,El Salvador,2019,4320.1,1198.9
SLV,El Salvador,2020,3997.2,1134.0
SLV,El Salvador,2021,4642.6,1338.0
SLV,El Salvador,2022,5074.6,1154.4
SLV,El Salvador,2023,5319.7,885.9
SOM,"Somalia, Fed. Rep.",2000,386.1,28.3
SOM,"Somalia, Fed. Rep.",2001,244.9,28.3
SOM,"Somalia, Fed. Rep.",2002,229.6,28.3
SOM,"Somalia, Fed. Rep.",2003,286.3,28.3
SOM,"Somalia, Fed. Rep.",2004,375.4,27.2
SOM,"Somalia, Fed. Rep.",2005,440.0,27.2
SOM,"Somalia, Fed. Rep.",2006,458.0,27.3
SOM,"Somalia, Fed. Rep.",2007,479.6,27.4
SOM,"Somalia, Fed. Rep.",2008,507.0,27.4
SOM,"Somalia, Fed. Rep.",2009,246.5,27.6
SOM,"Somalia, Fed. Rep.",2010,219.2,26.9
SOM,"Somalia, Fed. Rep.",2011,235.3,26.7
SOM,"Somalia, Fed. Rep.",2012,350.3,27.3
SOM,"Somalia, Fed. Rep.",2013,393.4,27.2
SOM,"Somalia, Fed. Rep.",2014,429.4,26.2
SOM,"Somalia, Fed. Rep.",2015,445.6,25.3
SOM,"Somalia, Fed. Rep.",2016,460.9,25.1
SOM,"Somalia, Fed. Rep.",2017,510.9,24.8
SOM,"Somalia, Fed. Rep.",2018,509.5,23.9
SOM,"Somalia, Fed. Rep.",2019,540.0,23.1
SOM,"Somalia, Fed. Rep.",2020,518.2,22.2
SOM,"Somalia, Fed. Rep.",2021,549.1,22.0
SOM,"Somalia, Fed. Rep.",2022,573.1,23.6
SOM,"Somalia, Fed. Rep.",2023,596.9,22.9
SRB,Serbia,2000,974.7,4543.4
SRB,Serbia,2001,1812.4,4784.4
SRB,Serbia,2002,2390.7,4952.2
SRB,Serbia,2003,3153.9,4880.8
SRB,Serbia,2004,3597.1,4879.8
SRB,Serbia,2005,3808.0,4499.2
SRB,Serbia,2006,4492.7,4667.6
SRB,Serbia,2007,6081.1,4794.9
SRB,Serbia,2008,7376.7,4948.8
SRB,Serbia,2009,6414.0,4886.0
SRB,Serbia,2010,5970.9,5019.0
SRB,Serbia,2011,7082.3,5124.3
SRB,Serbia,2012,6263.0,4994.1
SRB,Serbia,2013,7040.4,5042.5
SRB,Serbia,2014,6886.7,4842.8
SRB,Serbia,2015,5820.3,5109.2
SRB,Serbia,2016,5982.4,5148.7
SRB,Serbia,2017,6548.0,5269.0
SRB,Serbia,2018,7559.9,5240.7
SRB,Serbia,2019,7755.6,5302.8
SRB,Serbia,2020,8098.7,5294.0
SRB,Serbia,2021,9680.5,5575.4
SRB,Serbia,2022,10024.8,5535.1
SRB,Serbia,2023,12281.7,5483.4
SSD,South Sudan,2012,1109.3,40.9
SSD,South Sudan,2013,1650.2,42.1
SSD,South Sudan,2014,1242.7,42.7
SSD,South Sudan,2015,1080.1,52.2
STP,Sao Tome and Principe,2000,529.1,208.3
STP,Sao Tome and Principe,2001,518.9,136.6
STP,Sao Tome and Principe,2002,568.1,266.8
STP,Sao Tome and Principe,2003,663.7,260.0
STP,Sao Tome and Principe,2004,726.6,253.6
STP,Sao Tome and Principe,2005,844.2,247.4
STP,Sao Tome and Principe,2006,862.0,301.8
STP,Sao Tome and Principe,2007,878.9,294.6
STP,Sao Tome and Principe,2008,1081.9,287.7
STP,Sao Tome and Principe,2009,1128.3,337.3
STP,Sao Tome and Principe,2010,1045.2,275.0
STP,Sao Tome and Principe,2011,1219.8,377.0
STP,Sao Tome and Principe,2012,1210.8,422.3
STP,Sao Tome and Principe,2013,1382.6,362.4
STP,Sao Tome and Principe,2014,1489.7,406.5
STP,Sao Tome and Principe,2015,1298.1,499.2
STP,Sao Tome and Principe,2016,1434.9,540.0
STP,Sao Tome and Principe,2017,1555.8,483.1
STP,Sao Tome and Principe,2018,1825.6,475.7
STP,Sao Tome and Principe,2019,1935.3,515.5
STP,Sao Tome and Principe,2020,2167.2,505.9
STP,Sao Tome and Principe,2021,2362.6,495.6
STP,Sao Tome and Principe,2022,2389.7,397.7
STP,Sao Tome and Principe,2023,2990.7,389.8
SUR,Suriname,2000,1988.2,2014.1
SUR,Suriname,2001,1714.6,2137.4
SUR,Suriname,2002,2202.3,2477.0
SUR,Suriname,2003,2516.1,2567.0
SUR,Suriname,2004,2887.8,2782.5
SUR,Suriname,2005,3453.4,3254.2
SUR,Suriname,2006,5002.7,2990.5
SUR,Suriname,2007,5530.2,2824.7
SUR,Suriname,2008,6576.1,2810.6
SUR,Suriname,2009,7129.6,2814.7
SUR,Suriname,2010,7943.6,3564.1
SUR,Suriname,2011,7949.9,2750.4
SUR,Suriname,2012,8851.2,2968.2
SUR,Suriname,2013,9043.2,3093.0
SUR,Suriname,2014,9108.2,3163.1
SUR,Suriname,2015,8813.6,3197.9
SUR,Suriname,2016,5644.2,3096.5
SUR,Suriname,2017,6049.5,3048.6
SUR,Suriname,2018,6665.7,3169.2
SUR,Suriname,2019,6629.7,3367.6
SUR,Suriname,2020,4755.4,3347.9
SUR,Suriname,2021,5029.8,3382.4
SUR,Suriname,2022,6084.4,3385.9
SUR,Suriname,2023,5522.0,2750.9
SVK,Slovak Republic,2000,3827.7,5219.3
SVK,Slovak Republic,2001,3974.4,5231.0
SVK,Slovak Republic,2002,4606.4,5210.4
SVK,Slovak Republic,2003,6283.2,5342.1
SVK,Slovak Republic,2004,7996.7,5319.9
SVK,Slovak Republic,2005,9087.2,5220.7
SVK,Slovak Republic,2006,10629.2,5378.6
SVK,Slovak Republic,2007,14330.2,5501.2
SVK,Slovak Republic,2008,17973.8,5432.1
SVK,Slovak Republic,2009,16586.8,5058.4
SVK,Slovak Republic,2010,16899.4,5285.7
SVK,Slovak Republic,2011,18469.4,5374.1
SVK,Slovak Republic,2012,17517.0,5308.2
SVK,Slovak Republic,2013,18312.8,5284.2
SVK,Slovak Republic,2014,18770.9,5213.1
SVK,Slovak Republic,2015,16442.1,5352.1
SVK,Slovak Republic,2016,16636.1,5426.3
SVK,Slovak Republic,2017,17645.5,5601.9
SVK,Slovak Republic,2018,19573.4,5573.9
SVK,Slovak Republic,2019,19406.1,5487.4
SVK,Slovak Republic,2020,19735.5,5285.0
SVK,Slovak Republic,2021,22123.3,5598.3
SVK,Slovak Republic,2022,21317.8,5106.7
SVK,Slovak Republic,2023,24614.9,4731.7
SVN,Slovenia,2000,10135.7,6185.8
SVN,Slovenia,2001,10375.6,6387.9
SVN,Slovenia,2002,11639.1,6763.5
SVN,Slovenia,2003,14711.7,7021.3
SVN,Slovenia,2004,17103.8,7278.5
SVN,Slovenia,2005,17969.7,7406.4
SVN,Slovenia,2006,19563.0,7563.2
SVN,Slovenia,2007,23725.2,7581.3
SVN,Slovenia,2008,27462.0,7313.3
SVN,Slovenia,2009,24501.8,6548.4
SVN,Slovenia,2010,23329.8,6915.7
SVN,Slovenia,2011,24940.6,7101.7
SVN,Slovenia,2012,22442.1,7066.6
SVN,Slovenia,2013,23237.0,7055.8
SVN,Slovenia,2014,24013.1,7000.6
SVN,Slovenia,2015,20697.3,7160.4
SVN,Slovenia,2016,21447.8,7300.9
SVN,Slovenia,2017,23303.1,7530.0
SVN,Slovenia,2018,25888.0,7547.8
SVN,Slovenia,2019,25814.2,7473.2
SVN,Slovenia,2020,25392.1,7082.3
SVN,Slovenia,2021,29192.8,7248.7
SVN,Slovenia,2022,28360.3,7001.6
SVN,Slovenia,2023,32660.5,6627.7
SWE,Sweden,2000,29632.6,16896.8
SWE,Sweden,2001,27259.3,17346.0
SWE,Sweden,2002,29957.8,17037.5
SWE,Sweden,2003,37292.2,16545.3
SWE,Sweden,2004,42758.0,16618.1
SWE,Sweden,2005,43378.4,16719.1
SWE,Sweden,2006,46531.4,16443.8
SWE,Sweden,2007,53568.3,16411.8
SWE,Sweden,2008,55817.2,16045.7
SWE,Sweden,2009,46707.6,15194.5
SWE,Sweden,2010,52542.6,16051.0
SWE,Sweden,2011,60379.5,15138.7
SWE,Sweden,2012,57749.6,15428.4
SWE,Sweden,2013,60844.0,14898.0
SWE,Sweden,2014,59583.5,14225.8
SWE,Sweden,2015,51188.2,14225.2
SWE,Sweden,2016,51703.5,14527.5
SWE,Sweden,2017,53210.2,14440.4
SWE,Sweden,2018,54018.5,14362.1
SWE,Sweden,2019,51649.0,13839.7
SWE,Sweden,2020,52568.6,13403.9
SWE,Sweden,2021,60647.5,14036.9
SWE,Sweden,2022,54836.9,13333.2
SWE,Sweden,2023,54950.3,13037.0
SWZ,Eswatini,2000,1629.7,1229.1
SWZ,Eswatini,2001,1429.9,1274.9
SWZ,Eswatini,2002,1315.7,1434.7
SWZ,Eswatini,2003,2015.2,1350.0
SWZ,Eswatini,2004,2525.6,1192.7
SWZ,Eswatini,2005,2871.1,1371.6
SWZ,Eswatini,2006,2965.0,1503.1
SWZ,Eswatini,2007,3109.1,1549.4
SWZ,Eswatini,2008,2946.9,1466.2
SWZ,Eswatini,2009,3189.8,1420.6
SWZ,Eswatini,2010,3922.7,1394.3
SWZ,Eswatini,2011,4225.1,1243.5
SWZ,Eswatini,2012,4224.5,1192.3
SWZ,Eswatini,2013,3949.9,1292.0
SWZ,Eswatini,2014,3771.1,1284.9
SWZ,Eswatini,2015,3419.8,1277.5
SWZ,Eswatini,2016,3238.2,1235.3
SWZ,Eswatini,2017,3853.1,1251.9
SWZ,Eswatini,2018,3972.7,1223.3
SWZ,Eswatini,2019,3913.1,1296.7
SWZ,Eswatini,2020,3466.6,1173.8
SWZ,Eswatini,2021,3984.0,1168.6
SWZ,Eswatini,2022,3894.2,1206.0
SWZ,Eswatini,2023,3755.5,1381.5
SYC,Seychelles,2000,8063.7,2399.8
SYC,Seychelles,2001,8153.3,2363.5
SYC,Seychelles,2002,8864.2,2678.2
SYC,Seychelles,2003,9070.3,2642.0
SYC,Seychelles,2004,10827.7,2608.4
SYC,Seychelles,2005,11802.1,3359.9
SYC,Seychelles,2006,12783.0,3540.2
SYC,Seychelles,2007,12669.3,3716.5
SYC,Seychelles,2008,11265.4,3673.2
SYC,Seychelles,2009,9747.1,3737.6
SYC,Seychelles,2010,10934.8,4000.3
SYC,Seychelles,2011,12110.1,4122.0
SYC,Seychelles,2012,12337.2,4117.9
SYC,Seychelles,2013,14821.3,4309.2
SYC,Seychelles,2014,15188.2,4299.5
SYC,Seychelles,2015,15333.1,4289.2
SYC,Seychelles,2016,16567.0,4552.2
SYC,Seychelles,2017,17480.4,4535.6
SYC,Seychelles,2018,18440.2,4519.7
SYC,Seychelles,2019,19141.5,4844.4
SYC,Seychelles,2020,14041.5,4904.4
SYC,Seychelles,2021,14982.9,4878.0
SYC,Seychelles,2022,16682.7,4938.9
SYC,Seychelles,2023,18130.5,4845.2
SYR,Syrian Arab Republic,2000,1138.2,1517.6
SYR,Syrian Arab Republic,2001,1177.5,1568.2
SYR,Syrian Arab Republic,2002,1190.0,1606.9
SYR,Syrian Arab Republic,2003,1220.2,1685.4
SYR,Syrian Arab Republic,2004,1368.1,1724.4
SYR,Syrian Arab Republic,2005,1533.9,1882.1
SYR,Syrian Arab Republic,2006,1718.8,1868.9
SYR,Syrian Arab Republic,2007,1937.6,1871.3
SYR,Syrian Arab Republic,2008,2429.1,1895.9
SYR,Syrian Arab Republic,2009,2462.2,1968.9
SYR,Syrian Arab Republic,2010,2730.6,2050.0
SYR,Syrian Arab Republic,2011,2952.1,1816.1
SYR,Syrian Arab Republic,2012,1897.7,1417.9
SYR,Syrian Arab Republic,2013,985.9,1137.2
SYR,Syrian Arab Republic,2014,1060.6,1041.3
SYR,Syrian Arab Republic,2015,847.7,913.8
SYR,Syrian Arab Republic,2016,656.3,943.0
SYR,Syrian Arab Republic,2017,851.5,931.1
SYR,Syrian Arab Republic,2018,1098.1,1112.5
SYR,Syrian Arab Republic,2019,1109.5,1079.4
SYR,Syrian Arab Republic,2020,593.9,983.9
SYR,Syrian Arab Republic,2021,688.6,987.6
SYR,Syrian Arab Republic,2022,1056.8,877.9
TCA,Turks and Caicos Islands,2001,18325.7,4081.0
TCA,Turks and Caicos Islands,2002,17803.9,4849.9
TCA,Turks and Caicos Islands,2003,18859.2,5057.7
TCA,Turks and Caicos Islands,2004,21246.0,5244.5
TCA,Turks and Caicos Islands,2005,24122.3,5414.2
TCA,Turks and Caicos Islands,2006,28734.3,6362.8
TCA,Turks and Caicos Islands,2007,29443.9,6846.7
TCA,Turks and Caicos Islands,2008,31453.8,6921.2
TCA,Turks and Caicos Islands,2009,24596.9,6990.6
TCA,Turks and Caicos Islands,2010,23093.8,7055.7
TCA,Turks and Caicos Islands,2011,27327.4,6802.7
TCA,Turks and Caicos Islands,2012,25923.6,6531.5
TCA,Turks and Caicos Islands,2013,25653.8,6236.1
TCA,Turks and Caicos Islands,2014,27292.6,6557.0
TCA,Turks and Caicos Islands,2015,29457.0,6278.7
TCA,Turks and Caicos Islands,2016,31373.6,6520.3
TCA,Turks and Caicos Islands,2017,30014.2,7262.5
TCA,Turks and Caicos Islands,2018,31625.6,6253.0
TCA,Turks and Caicos Islands,2019,31780.5,6019.8
TCA,Turks and Caicos Islands,2020,20690.9,5630.0
TCA,Turks and Caicos Islands,2021,27329.3,5744.3
TCA,Turks and Caicos Islands,2022,31280.5,5668.3
TCA,Turks and Caicos Islands,2023,35470.2,5625.1
TCD,Chad,2000,163.1,10.6
TCD,Chad,2001,194.3,11.4
TCD,Chad,2002,219.1,11.0
TCD,Chad,2003,289.1,11.6
TCD,Chad,2004,445.9,12.1
TCD,Chad,2005,838.1,11.6
TCD,Chad,2006,906.9,11.2
TCD,Chad,2007,980.5,10.8
TCD,Chad,2008,1166.4,12.2
TCD,Chad,2009,1035.6,14.3
TCD,Chad,2010,1141.8,15.4
TCD,Chad,2011,1308.1,15.7
TCD,Chad,2012,1354.3,18.2
TCD,Chad,2013,1304.9,20.5
TCD,Chad,2014,1278.8,21.1
TCD,Chad,2015,994.0,20.5
TCD,Chad,2016,861.8,20.5
TCD,Chad,2017,854.5,20.5
TCD,Chad,2018,948.7,21.0
TCD,Chad,2019,893.3,21.0
TCD,Chad,2020,866.9,20.3
TCD,Chad,2021,946.4,24.1
TCD,Chad,2022,966.0,21.1
TCD,Chad,2023,950.0,18.6
TGO,Togo,2000,440.4,117.1
TGO,Togo,2001,426.9,112.2
TGO,Togo,2002,479.4,117.4
TGO,Togo,2003,579.7,124.2
TGO,Togo,2004,604.3,128.8
TGO,Togo,2005,595.2,129.3
TGO,Togo,2006,596.2,129.3
TGO,Togo,2007,654.1,121.8
TGO,Togo,2008,771.4,134.8
TGO,Togo,2009,770.2,143.5
TGO,Togo,2010,750.3,147.0
TGO,Togo,2011,834.1,163.1
TGO,Togo,2012,813.6,192.4
TGO,Togo,2013,885.7,144.1
TGO,Togo,2014,921.5,262.3
TGO,Togo,2015,813.9,142.8
TGO,Togo,2016,843.1,234.7
TGO,Togo,2017,872.1,211.6
TGO,Togo,2018,942.5,198.4
TGO,Togo,2019,917.7,190.3
TGO,Togo,2020,961.2,182.3
TGO,Togo,2021,1076.3,190.3
TGO,Togo,2022,1071.6,251.6
TGO,Togo,2023,1182.3,273.6
THA,Thailand,2000,2006.0,1560.8
THA,Thailand,2001,1889.9,1629.2
THA,Thailand,2002,2089.8,1728.1
THA,Thailand,2003,2347.5,1822.3
THA,Thailand,2004,2641.6,1944.2
THA,Thailand,2005,2867.7,2034.3
THA,Thailand,2006,3331.3,2123.4
THA,Thailand,2007,3918.5,2179.8
THA,Thailand,2008,4309.1,2177.8
THA,Thailand,2009,4135.4,2158.7
THA,Thailand,2010,4973.9,2384.2
THA,Thailand,2011,5373.6,2358.3
THA,Thailand,2012,5725.5,2557.5
THA,Thailand,2013,6018.1,2576.1
THA,Thailand,2014,5801.2,2619.8
THA,Thailand,2015,5688.9,2693.2
THA,Thailand,2016,5833.6,2797.2
THA,Thailand,2017,6413.1,2811.3
THA,Thailand,2018,7099.8,2848.9
THA,Thailand,2019,7605.7,2924.5
THA,Thailand,2020,6983.0,2839.3
THA,Thailand,2021,7055.2,2896.4
THA,Thailand,2022,6910.0,2980.1
THA,Thailand,2023,7210.5,3082.6
TJK,Tajikistan,2000,136.9,2477.4
TJK,Tajikistan,2001,168.7,2456.5
TJK,Tajikistan,2002,187.0,2463.4
TJK,Tajikistan,2003,233.6,2481.0
TJK,Tajikistan,2004,305.7,2481.4
TJK,Tajikistan,2005,333.9,2504.1
TJK,Tajikistan,2006,401.0,2485.3
TJK,Tajikistan,2007,517.0,2444.9
TJK,Tajikistan,2008,703.3,2320.7
TJK,Tajikistan,2009,664.8,2160.1
TJK,Tajikistan,2010,737.3,2168.0
TJK,Tajikistan,2011,833.6,2071.6
TJK,Tajikistan,2012,952.5,2035.2
TJK,Tajikistan,2013,1028.2,1967.9
TJK,Tajikistan,2014,1081.5,1764.9
TJK,Tajikistan,2015,956.9,1830.2
TJK,Tajikistan,2016,788.7,1794.6
TJK,Tajikistan,2017,829.5,1849.0
TJK,Tajikistan,2018,834.3,1864.1
TJK,Tajikistan,2019,871.0,1896.1
TJK,Tajikistan,2020,834.3,1908.9
TJK,Tajikistan,2021,896.7,1836.1
TJK,Tajikistan,2022,1052.2,1860.1
TJK,Tajikistan,2023,1178.5,1800.8
TKM,Turkmenistan,2000,633.8,1974.8
TKM,Turkmenistan,2001,756.0,2059.7
TKM,Turkmenistan,2002,935.5,2021.2
TKM,Turkmenistan,2003,1228.9,2000.5
TKM,Turkmenistan,2004,1379.2,2168.2
TKM,Turkmenistan,2005,1604.0,2288.1
TKM,Turkmenistan,2006,1996.6,2391.6
TKM,Turkmenistan,2007,2415.0,2559.1
TKM,Turkmenistan,2008,3605.5,2536.9
TKM,Turkmenistan,2009,3708.0,2643.3
TKM,Turkmenistan,2010,4058.5,2560.9
TKM,Turkmenistan,2011,5143.6,2581.2
TKM,Turkmenistan,2012,6053.9,2587.6
TKM,Turkmenistan,2013,6599.6,2697.3
TKM,Turkmenistan,2014,7164.1,2829.5
TKM,Turkmenistan,2015,5759.5,3109.8
TKM,Turkmenistan,2016,5238.0,3039.3
TKM,Turkmenistan,2017,5125.5,3179.6
TKM,Turkmenistan,2018,3912.0,3329.6
TKM,Turkmenistan,2019,4365.1,2836.6
TKM,Turkmenistan,2020,3935.4,3246.1
TKM,Turkmenistan,2021,3713.2,3553.3
TKM,Turkmenistan,2022,5198.2,3264.1
TKM,Turkmenistan,2023,5298.5,3204.6
TLS,Timor-Leste,2003,534.9,65.4
TLS,Timor-Leste,2004,474.4,75.3
TLS,Timor-Leste,2005,487.5,73.8
TLS,Timor-Leste,2006,464.7,71.7
TLS,Timor-Leste,2007,540.2,89.6
TLS,Timor-Leste,2008,628.2,106.5
TLS,Timor-Leste,2009,686.6,122.8
TLS,Timor-Leste,2010,813.1,129.1
TLS,Timor-Leste,2011,939.0,126.1
TLS,Timor-Leste,2012,1022.6,114.5
TLS,Timor-Leste,2013,1204.6,250.3
TLS,Timor-Leste,2014,1224.7,296.1
TLS,Timor-Leste,2015,1319.6,290.4
TLS,Timor-Leste,2016,1335.5,333.8
TLS,Timor-Leste,2017,1266.2,343.5
TLS,Timor-Leste,2018,1219.5,352.7
TLS,Timor-Leste,2019,1562.4,399.7
TLS,Timor-Leste,2020,1630.9,377.1
TLS,Timor-Leste,2021,2684.9,377.7
TLS,Timor-Leste,2022,2343.2,372.5
TLS,Timor-Leste,2023,1502.4,368.4
TON,Tonga,2000,1995.1,389.5
TON,Tonga,2001,1753.5,387.2
TON,Tonga,2002,1759.5,385.0
TON,Tonga,2003,1936.0,382.8
TON,Tonga,2004,2195.4,475.8
TON,Tonga,2005,2477.7,473.1
TON,Tonga,2006,2750.3,470.5
TON,Tonga,2007,2797.1,468.4
TON,Tonga,2008,3218.5,467.1
TON,Tonga,2009,2914.2,466.3
TON,Tonga,2010,3416.1,465.5
TON,Tonga,2011,3850.0,464.8
TON,Tonga,2012,4384.2,465.2
TON,Tonga,2013,4219.2,466.9
TON,Tonga,2014,4136.6,468.9
TON,Tonga,2015,4123.9,471.2
TON,Tonga,2016,3988.0,568.5
TON,Tonga,2017,4365.9,664.3
TON,Tonga,2018,4675.0,662.9
TON,Tonga,2019,4788.8,662.3
TON,Tonga,2020,4792.4,662.1
TON,Tonga,2021,4922.8,663.5
TON,Tonga,2022,5298.0,761.5
TON,Tonga,2023,5651.6,669.1
TTO,Trinidad and Tobago,2000,6178.6,4137.1
TTO,Trinidad and Tobago,2001,6657.4,4254.8
TTO,Trinidad and Tobago,2002,6762.9,4234.2
TTO,Trinidad and Tobago,2003,8445.0,4810.6
TTO,Trinidad and Tobago,2004,9871.0,4779.3
TTO,Trinidad and Tobago,2005,12346.4,5214.3
TTO,Trinidad and Tobago,2006,14152.7,5277.1
TTO,Trinidad and Tobago,2007,16606.7,5624.8
TTO,Trinidad and Tobago,2008,21299.0,5633.7
TTO,Trinidad and Tobago,2009,14634.1,5685.0
TTO,Trinidad and Tobago,2010,16815.4,6115.4
TTO,Trinidad and Tobago,2011,19151.1,6279.6
TTO,Trinidad and Tobago,2012,20332.1,6496.6
TTO,Trinidad and Tobago,2013,21305.0,6724.9
TTO,Trinidad and Tobago,2014,21908.3,6621.5
TTO,Trinidad and Tobago,2015,19887.2,6696.1
TTO,Trinidad and Tobago,2016,17449.2,6555.2
TTO,Trinidad and Tobago,2017,17566.1,6448.6
TTO,Trinidad and Tobago,2018,17571.5,6276.7
TTO,Trinidad and Tobago,2019,17212.6,6195.7
TTO,Trinidad and Tobago,2020,15283.6,6232.2
TTO,Trinidad and Tobago,2021,17712.6,6231.0
TTO,Trinidad and Tobago,2022,20750.5,6350.6
TTO,Trinidad and Tobago,2023,18308.5,6334.3
TUN,Tunisia,2000,2199.0,1084.5
TUN,Tunisia,2001,2235.7,1154.0
TUN,Tunisia,2002,2320.8,1181.4
TUN,Tunisia,2003,2725.9,1118.0
TUN,Tunisia,2004,3067.4,1170.5
TUN,Tunisia,2005,3146.8,1234.5
TUN,Tunisia,2006,3322.6,1264.2
TUN,Tunisia,2007,3726.9,1314.9
TUN,Tunisia,2008,4255.1,1362.1
TUN,Tunisia,2009,4080.1,1436.5
TUN,Tunisia,2010,4291.9,1477.8
TUN,Tunisia,2011,4420.6,1494.6
TUN,Tunisia,2012,4297.3,1616.8
TUN,Tunisia,2013,4369.8,1622.8
TUN,Tunisia,2014,4459.0,1674.6
TUN,Tunisia,2015,4014.9,1699.7
TUN,Tunisia,2016,3847.8,1692.3
TUN,Tunisia,2017,3619.0,1763.9
TUN,Tunisia,2018,3628.1,1769.6
TUN,Tunisia,2019,3528.9,1840.8
TUN,Tunisia,2020,3548.7,1735.4
TUN,Tunisia,2021,3906.9,1903.1
TUN,Tunisia,2022,3707.3,1978.7
TUN,Tunisia,2023,3951.1,1949.1
TUR,Turkiye,2000,4199.4,1952.3
TUR,Turkiye,2001,3052.2,1907.9
TUR,Turkiye,2002,3591.1,1962.9
TUR,Turkiye,2003,4649.6,2065.6
TUR,Turkiye,2004,5979.6,2173.3
TUR,Turkiye,2005,7331.9,2314.6
TUR,Turkiye,2006,7990.1,2492.5
TUR,Turkiye,2007,9766.9,2684.9
TUR,Turkiye,2008,10913.4,2767.4
TUR,Turkiye,2009,9076.9,2678.3
TUR,Turkiye,2010,10699.0,2868.7
TUR,Turkiye,2011,11373.6,3103.1
TUR,Turkiye,2012,11776.8,3223.0
TUR,Turkiye,2013,12635.6,3224.3
TUR,Turkiye,2014,12209.4,3296.0
TUR,Turkiye,2015,11064.6,3320.8
TUR,Turkiye,2016,10984.4,3420.4
TUR,Turkiye,2017,10756.4,3571.2
TUR,Turkiye,2018,9684.1,3548.1
TUR,Turkiye,2019,9395.2,3509.9
TUR,Turkiye,2020,8798.1,3501.0
TUR,Turkiye,2021,9981.8,3761.0
TUR,Turkiye,2022,10897.8,3713.5
TUR,Turkiye,2023,13375.1,3710.4
TZA,Tanzania,2000,401.7,74.4
TZA,Tanzania,2001,396.6,81.8
TZA,Tanzania,2002,402.6,81.4
TZA,Tanzania,2003,422.2,74.4
TZA,Tanzania,2004,450.4,69.8
TZA,Tanzania,2005,483.3,94.7
TZA,Tanzania,2006,475.7,88.6
TZA,Tanzania,2007,543.2,103.8
TZA,Tanzania,2008,676.0,105.7
TZA,Tanzania,2009,693.8,111.4
TZA,Tanzania,2010,736.5,120.4
TZA,Tanzania,2011,775.4,113.4
TZA,Tanzania,2012,862.0,121.0
TZA,Tanzania,2013,963.1,123.9
TZA,Tanzania,2014,1022.7,125.5
TZA,Tanzania,2015,939.1,126.9
TZA,Tanzania,2016,953.0,128.6
TZA,Tanzania,2017,986.7,129.0
TZA,Tanzania,2018,1023.1,129.4
TZA,Tanzania,2019,1063.3,133.2
TZA,Tanzania,2020,1117.4,130.2
TZA,Tanzania,2021,1159.9,139.9
TZA,Tanzania,2022,1207.5,151.0
TZA,Tanzania,2023,1224.0,161.5
UGA,Uganda,2000,258.1,59.6
UGA,Uganda,2001,236.0,57.8
UGA,Uganda,2002,242.0,57.2
UGA,Uganda,2003,250.7,60.3
UGA,Uganda,2004,292.4,64.4
UGA,Uganda,2005,330.4,67.9
UGA,Uganda,2006,346.5,55.6
UGA,Uganda,2007,401.4,67.1
UGA,Uganda,2008,472.8,75.6
UGA,Uganda,2009,798.9,75.4
UGA,Uganda,2010,823.5,83.4
UGA,Uganda,2011,835.6,78.3
UGA,Uganda,2012,795.2,82.7
UGA,Uganda,2013,818.3,85.2
UGA,Uganda,2014,896.1,85.2
UGA,Uganda,2015,862.9,92.7
UGA,Uganda,2016,752.7,94.1
UGA,Uganda,2017,765.2,86.9
UGA,Uganda,2018,792.2,98.6
UGA,Uganda,2019,822.2,100.0
UGA,Uganda,2020,845.8,99.0
UGA,Uganda,2021,882.8,106.7
UGA,Uganda,2022,963.1,112.9
UGA,Uganda,2023,1002.3,109.5
UKR,Ukraine,2000,653.3,3389.9
UKR,Ukraine,2001,800.5,3466.7
UKR,Ukraine,2002,903.0,3511.1
UKR,Ukraine,2003,1076.5,3635.3
UKR,Ukraine,2004,1401.0,3691.4
UKR,Ukraine,2005,1875.3,3741.5
UKR,Ukraine,2006,2366.5,3874.3
UKR,Ukraine,2007,3160.3,3975.1
UKR,Ukraine,2008,4017.8,3969.5
UKR,Ukraine,2009,2607.1,3632.1
UKR,Ukraine,2010,3039.6,3977.1
UKR,Ukraine,2011,3656.7,4074.0
UKR,Ukraine,2012,3951.3,4055.6
UKR,Ukraine,2013,4129.9,3999.4
UKR,Ukraine,2014,3054.9,3793.4
UKR,Ukraine,2015,2094.5,3545.5
UKR,Ukraine,2016,2158.5,3525.7
UKR,Ukraine,2017,2604.3,3320.3
UKR,Ukraine,2018,3059.1,3401.8
UKR,Ukraine,2019,3619.9,3338.7
UKR,Ukraine,2020,3709.8,3253.6
UKR,Ukraine,2021,4775.9,3485.4
UKR,Ukraine,2022,4199.7,2719.0
URY,Uruguay,2000,6987.7,2443.2
URY,Uruguay,2001,6382.8,2443.3
URY,Uruguay,2002,4149.8,2400.2
URY,Uruguay,2003,3671.1,2401.6
URY,Uruguay,2004,4168.7,2506.7
URY,Uruguay,2005,5284.3,2562.6
URY,Uruguay,2006,6001.3,2565.7
URY,Uruguay,2007,7222.1,2788.9
URY,Uruguay,2008,9424.0,2937.4
URY,Uruguay,2009,9881.4,2990.9
URY,Uruguay,2010,12641.1,3139.9
URY,Uruguay,2011,15132.3,3246.3
URY,Uruguay,2012,16259.6,3342.9
URY,Uruguay,2013,18335.3,3422.7
URY,Uruguay,2014,18322.4,3488.9
URY,Uruguay,2015,17125.9,3687.6
URY,Uruguay,2016,17009.8,3882.5
URY,Uruguay,2017,19184.7,3804.1
URY,Uruguay,2018,19249.9,3956.4
URY,Uruguay,2019,18315.7,3844.3
URY,Uruguay,2020,15757.5,3807.0
URY,Uruguay,2021,17881.8,3886.1
URY,Uruguay,2022,21009.3,3981.2
URY,Uruguay,2023,23378.6,4123.3
USA,United States,2000,36330.0,13627.3
USA,United States,2001,37133.6,13189.8
USA,United States,2002,37997.7,13463.7
USA,United States,2003,39490.3,13367.5
USA,United States,2004,41724.6,13536.4
USA,United States,2005,44123.4,13728.6
USA,United States,2006,46302.0,13608.8
USA,United States,2007,48050.2,13827.7
USA,United States,2008,48570.1,13576.2
USA,United States,2009,47195.0,12901.2
USA,United States,2010,48642.6,13309.0
USA,United States,2011,50024.9,13136.1
USA,United States,2012,51708.4,12891.0
USA,United States,2013,53297.4,12850.2
USA,United States,2014,55153.4,12841.3
USA,United States,2015,56849.5,12727.1
USA,United States,2016,57976.6,12619.4
USA,United States,2017,60047.7,12367.7
USA,United States,2018,62875.7,12672.5
USA,United States,2019,65228.0,12426.1
USA,United States,2020,64465.3,12050.8
USA,United States,2021,71441.2,12326.3
USA,United States,2022,78008.7,12672.5
USA,United States,2023,82586.8,12439.9
UZB,Uzbekistan,2000,555.1,1942.1
UZB,Uzbekistan,2001,454.4,1931.0
UZB,Uzbekistan,2002,381.4,1941.7
UZB,Uzbekistan,2003,394.2,1895.3
UZB,Uzbekistan,2004,462.2,1899.8
UZB,Uzbekistan,2005,542.8,1798.0
UZB,Uzbekistan,2006,649.1,1831.5
UZB,Uzbekistan,2007,824.0,1847.0
UZB,Uzbekistan,2008,1074.7,1830.2
UZB,Uzbekistan,2009,1205.8,1791.4
UZB,Uzbekistan,2010,1956.8,1789.6
UZB,Uzbekistan,2011,2338.6,1806.5
UZB,Uzbekistan,2012,2574.0,1788.3
UZB,Uzbekistan,2013,2781.4,1807.6
UZB,Uzbekistan,2014,3021.0,1818.8
UZB,Uzbekistan,2015,3172.9,1825.1
UZB,Uzbekistan,2016,3128.4,1828.7
UZB,Uzbekistan,2017,2271.5,1891.9
UZB,Uzbekistan,2018,1894.1,1938.6
UZB,Uzbekistan,2019,2128.7,1967.9
UZB,Uzbekistan,2020,2088.0,2055.9
UZB,Uzbekistan,2021,2370.4,2191.1
UZB,Uzbekistan,2022,2698.6,2215.3
UZB,Uzbekistan,2023,3016.0,2236.3
VCT,St. Vincent and the Grenadines,2000,3769.0,880.6
VCT,St. Vincent and the Grenadines,2001,4071.1,881.0
VCT,St. Vincent and the Grenadines,2002,4303.3,882.1
VCT,St. Vincent and the Grenadines,2003,4499.6,972.2
VCT,St. Vincent and the Grenadines,2004,4873.5,1063.3
VCT,St. Vincent and the Grenadines,2005,5157.4,1244.8
VCT,St. Vincent and the Grenadines,2006,5744.8,1160.4
VCT,St. Vincent and the Grenadines,2007,6398.2,1255.1
VCT,St. Vincent and the Grenadines,2008,6598.9,1260.7
VCT,St. Vincent and the Grenadines,2009,6463.8,1266.7
VCT,St. Vincent and the Grenadines,2010,6552.0,1364.0
VCT,St. Vincent and the Grenadines,2011,6527.7,1280.1
VCT,St. Vincent and the Grenadines,2012,6713.8,1379.3
VCT,St. Vincent and the Grenadines,2013,7072.5,1294.4
VCT,St. Vincent and the Grenadines,2014,7168.8,1301.7
VCT,St. Vincent and the Grenadines,2015,7353.7,1402.2
VCT,St. Vincent and the Grenadines,2016,7656.9,1504.3
VCT,St. Vincent and the Grenadines,2017,7988.0,1419.5
VCT,St. Vincent and the Grenadines,2018,8428.1,1429.4
VCT,St. Vincent and the Grenadines,2019,8740.6,1439.8
VCT,St. Vincent and the Grenadines,2020,8351.2,1448.7
VCT,St. Vincent and the Grenadines,2021,8641.3,1361.2
VCT,St. Vincent and the Grenadines,2022,9693.6,1469.7
VCT,St. Vincent and the Grenadines,2023,10582.4,1480.3
VEN,"Venezuela, RB",2000,4776.3,3474.6
VEN,"Venezuela, RB",2001,4920.4,3606.1
VEN,"Venezuela, RB",2002,3652.1,3616.6
VEN,"Venezuela, RB",2003,3229.5,3535.4
VEN,"Venezuela, RB",2004,4269.1,3755.8
VEN,"Venezuela, RB",2005,5432.5,3912.9
VEN,"Venezuela, RB",2006,6739.4,4035.7
VEN,"Venezuela, RB",2007,8331.6,4111.1
VEN,"Venezuela, RB",2008,11262.5,4235.8
VEN,"Venezuela, RB",2009,11596.6,4191.5
VEN,"Venezuela, RB",2010,13646.3,3932.2
VEN,"Venezuela, RB",2011,10843.9,4025.0
VEN,"Venezuela, RB",2012,12582.0,4330.1
VEN,"Venezuela, RB",2013,8642.4,4513.2
VEN,"Venezuela, RB",2014,7101.2,3780.0
VEN,"Venezuela, RB",2015,4096.6,4139.1
VEN,"Venezuela, RB",2016,3671.2,3764.9
VEN,"Venezuela, RB",2017,3791.6,3361.3
VEN,"Venezuela, RB",2018,3421.5,3310.9
VEN,"Venezuela, RB",2019,2523.1,2912.4
VEN,"Venezuela, RB",2020,1506.0,2807.6
VEN,"Venezuela, RB",2021,2004.9,2936.8
VEN,"Venezuela, RB",2022,3155.0,2919.2
VEN,"Venezuela, RB",2023,3617.5,2542.7
VIR,Virgin Islands (U.S.),2002,30062.0,9591.2
VIR,Virgin Islands (U.S.),2003,31731.3,9613.1
VIR,Virgin Islands (U.S.),2004,35006.4,9735.7
VIR,Virgin Islands (U.S.),2005,40828.7,9013.0
VIR,Virgin Islands (U.S.),2006,41377.1,9026.4
VIR,Virgin Islands (U.S.),2007,44158.5,9138.6
VIR,Virgin Islands (U.S.),2008,39152.4,9067.9
VIR,Virgin Islands (U.S.),2009,38753.2,8616.9
VIR,Virgin Islands (U.S.),2010,39905.1,9028.9
VIR,Virgin Islands (U.S.),2011,38997.1,9013.5
VIR,Virgin Islands (U.S.),2012,37795.3,8340.8
VIR,Virgin Islands (U.S.),2013,34598.0,7948.2
VIR,Virgin Islands (U.S.),2014,33045.4,7646.2
VIR,Virgin Islands (U.S.),2015,34007.4,7780.5
VIR,Virgin Islands (U.S.),2016,35325.0,7873.6
VIR,Virgin Islands (U.S.),2017,35365.1,6307.6
VIR,Virgin Islands (U.S.),2018,36663.2,6716.0
VIR,Virgin Islands (U.S.),2019,38633.5,7383.4
VIR,Virgin Islands (U.S.),2020,39787.4,7295.6
VIR,Virgin Islands (U.S.),2021,42571.1,7565.5
VIR,Virgin Islands (U.S.),2022,44320.9,7859.4
VNM,Viet Nam,2000,404.0,344.2
VNM,Viet Nam,2001,419.2,392.6
VNM,Viet Nam,2002,445.1,454.5
VNM,Viet Nam,2003,497.1,514.4
VNM,Viet Nam,2004,565.5,575.1
VNM,Viet Nam,2005,710.7,646.9
VNM,Viet Nam,2006,807.8,716.5
VNM,Viet Nam,2007,925.6,798.6
VNM,Viet Nam,2008,1163.8,870.8
VNM,Viet Nam,2009,1226.2,975.8
VNM,Viet Nam,2010,1683.2,1101.8
VNM,Viet Nam,2011,1950.9,1191.2
VNM,Viet Nam,2012,2185.1,1302.8
VNM,Viet Nam,2013,2359.5,1399.9
VNM,Viet Nam,2014,2546.4,1556.4
VNM,Viet Nam,2015,2577.6,1755.1
VNM,Viet Nam,2016,2735.1,1920.2
VNM,Viet Nam,2017,2956.1,2053.3
VNM,Viet Nam,2018,3222.3,2273.5
VNM,Viet Nam,2019,3440.9,2450.7
VNM,Viet Nam,2020,3534.0,2503.2
VNM,Viet Nam,2021,3704.2,2571.7
VNM,Viet Nam,2022,4147.7,2682.9
VNM,Viet Nam,2023,4322.8,2790.9
VUT,Vanuatu,2000,1460.2,268.4
VUT,Vanuatu,2001,1350.2,261.7
VUT,Vanuatu,2002,1340.7,255.3
VUT,Vanuatu,2003,1566.5,249.1
VUT,Vanuatu,2004,1774.3,243.0
VUT,Vanuatu,2005,1874.0,237.2
VUT,Vanuatu,2006,2034.8,231.5
VUT,Vanuatu,2007,2333.7,225.9
VUT,Vanuatu,2008,2603.6,264.4
VUT,Vanuatu,2009,2546.4,257.8
VUT,Vanuatu,2010,2815.2,251.8
VUT,Vanuatu,2011,3163.2,246.4
VUT,Vanuatu,2012,3004.8,241.1
VUT,Vanuatu,2013,3392.6,275.1
VUT,Vanuatu,2014,3378.4,269.0
VUT,Vanuatu,2015,3214.4,225.5
VUT,Vanuatu,2016,3339.8,257.3
VUT,Vanuatu,2017,3585.3,215.4
VUT,Vanuatu,2018,3626.2,280.4
VUT,Vanuatu,2019,3635.6,308.2
VUT,Vanuatu,2020,3404.3,301.1
VUT,Vanuatu,2021,3576.1,261.5
VUT,Vanuatu,2022,3679.5,255.5
VUT,Vanuatu,2023,3708.2,249.7
WSM,Samoa,2000,1424.8,440.3
WSM,Samoa,2001,1453.9,545.9
WSM,Samoa,2002,1527.6,596.3
WSM,Samoa,2003,1798.1,539.2
WSM,Samoa,2004,2189.3,590.6
WSM,Samoa,2005,2550.0,588.3
WSM,Samoa,2006,2663.3,639.2
WSM,Samoa,2007,3038.6,635.7
WSM,Samoa,2008,3373.6,578.6
WSM,Samoa,2009,3279.2,678.7
WSM,Samoa,2010,3524.2,621.6
WSM,Samoa,2011,3821.5,667.6
WSM,Samoa,2012,3934.6,559.7
WSM,Samoa,2013,4023.5,605.2
WSM,Samoa,2014,3982.7,649.8
WSM,Samoa,2015,4084.4,644.2
WSM,Samoa,2016,4147.1,737.1
WSM,Samoa,2017,4307.6,778.9
WSM,Samoa,2018,4231.8,722.6
WSM,Samoa,2019,4351.9,810.3
WSM,Samoa,2020,4099.6,849.2
WSM,Samoa,2021,4021.6,795.2
WSM,Samoa,2022,4132.4,743.3
WSM,Samoa,2023,4822.7,692.3
YEM,"Yemen, Rep.",2000,493.2,173.8
YEM,"Yemen, Rep.",2001,487.1,180.0
YEM,"Yemen, Rep.",2002,513.2,180.9
YEM,"Yemen, Rep.",2003,548.9,191.1
YEM,"Yemen, Rep.",2004,627.6,197.3
YEM,"Yemen, Rep.",2005,734.2,209.3
YEM,"Yemen, Rep.",2006,809.7,228.9
YEM,"Yemen, Rep.",2007,890.3,248.0
YEM,"Yemen, Rep.",2008,1071.6,260.8
YEM,"Yemen, Rep.",2009,969.2,260.3
YEM,"Yemen, Rep.",2010,1155.2,290.0
YEM,"Yemen, Rep.",2011,1186.5,225.1
YEM,"Yemen, Rep.",2012,1245.1,248.6
YEM,"Yemen, Rep.",2013,1378.8,290.0
YEM,"Yemen, Rep.",2014,1430.2,253.4
YEM,"Yemen, Rep.",2015,1362.2,184.9
YEM,"Yemen, Rep.",2016,975.4,149.8
YEM,"Yemen, Rep.",2017,811.2,122.4
YEM,"Yemen, Rep.",2018,633.9,102.4
ZAF,South Africa,2000,3217.8,4728.4
ZAF,South Africa,2001,2847.2,4463.0
ZAF,South Africa,2002,2688.2,4640.4
ZAF,South Africa,2003,4062.2,4787.0
ZAF,South Africa,2004,5221.5,4922.7
ZAF,South Africa,2005,5836.9,4901.8
ZAF,South Africa,2006,6077.4,5017.2
ZAF,South Africa,2007,6591.9,5152.3
ZAF,South Africa,2008,6184.8,4982.7
ZAF,South Africa,2009,6374.7,4790.4
ZAF,South Africa,2010,7973.5,4912.1
ZAF,South Africa,2011,8646.1,4895.0
ZAF,South Africa,2012,8077.0,4701.2
ZAF,South Africa,2013,7331.7,4598.7
ZAF,South Africa,2014,6856.7,4534.8
ZAF,South Africa,2015,6112.3,4380.9
ZAF,South Africa,2016,5651.2,4310.5
ZAF,South Africa,2017,6618.3,4311.8
ZAF,South Africa,2018,6914.2,4292.6
ZAF,South Africa,2019,6533.7,4160.2
ZAF,South Africa,2020,5580.6,3912.0
ZAF,South Africa,2021,6828.8,3933.0
ZAF,South Africa,2022,6534.2,3810.0
ZAF,South Africa,2023,6034.3,3676.5
ZMB,Zambia,2000,359.4,634.9
ZMB,Zambia,2001,396.5,665.4
ZMB,Zambia,2002,393.9,692.2
ZMB,Zambia,2003,446.3,711.1
ZMB,Zambia,2004,548.7,730.3
ZMB,Zambia,2005,711.0,742.4
ZMB,Zambia,2006,1051.7,756.0
ZMB,Zambia,2007,1118.7,756.1
ZMB,Zambia,2008,1375.5,744.9
ZMB,Zambia,2009,1136.2,690.1
ZMB,Zambia,2010,1451.1,708.2
ZMB,Zambia,2011,1624.9,802.1
ZMB,Zambia,2012,1710.1,774.5
ZMB,Zambia,2013,1820.7,798.1
ZMB,Zambia,2014,1707.5,835.5
ZMB,Zambia,2015,1295.9,800.0
ZMB,Zambia,2016,1239.1,778.0
ZMB,Zambia,2017,1483.5,817.0
ZMB,Zambia,2018,1463.9,846.2
ZMB,Zambia,2019,1259.0,756.7
ZMB,Zambia,2020,951.6,735.6
ZMB,Zambia,2021,1127.2,795.3
ZMB,Zambia,2022,1447.1,815.3
ZMB,Zambia,2023,1330.7,776.4
ZWE,Zimbabwe,2000,562.8,1015.8
ZWE,Zimbabwe,2001,566.4,999.8
ZWE,Zimbabwe,2002,524.9,1041.6
ZWE,Zimbabwe,2003,468.5,978.6
ZWE,Zimbabwe,2004,469.7,951.0
ZWE,Zimbabwe,2005,461.3,988.5
ZWE,Zimbabwe,2006,431.0,940.1
ZWE,Zimbabwe,2007,413.5,822.4
ZWE,Zimbabwe,2008,340.9,675.2
ZWE,Zimbabwe,2009,735.8,652.1
ZWE,Zimbabwe,2010,902.0,701.5
ZWE,Zimbabwe,2011,1037.8,718.6
ZWE,Zimbabwe,2012,1239.2,702.0
ZWE,Zimbabwe,2013,1363.0,718.6
ZWE,Zimbabwe,2014,1372.9,687.0
ZWE,Zimbabwe,2015,1387.1,659.1
ZWE,Zimbabwe,2016,1408.1,617.8
ZWE,Zimbabwe,2017,3445.4,659.6
ZWE,Zimbabwe,2018,2270.9,695.1
ZWE,Zimbabwe,2019,2184.5,628.0
ZWE,Zimbabwe,2020,2059.6,559.7
ZWE,Zimbabwe,2021,2613.6,652.6
ZWE,Zimbabwe,2022,2536.4,675.2
ZWE,Zimbabwe,2023,2195.2,733.7
