iso3,country,year,gdp_per_capita_usd,primary_energy_per_capita_kwh
ABW,Aruba,2000,20681.0,49760.8
ABW,Aruba,2001,20740.1,50605.7
ABW,Aruba,2002,21307.2,51697.4
ABW,Aruba,2003,21949.5,56989.5
ABW,Aruba,2004,23700.6,58857.5
ABW,Aruba,2005,24171.8,62875.3
ABW,Aruba,2006,24845.7,61989.8
ABW,Aruba,2007,26736.3,63084.9
ABW,Aruba,2008,28171.9,58527.8
ABW,Aruba,2009,25134.8,57065.1
ABW,Aruba,2010,24093.1,51540.5
ABW,Aruba,2011,25712.4,40128.7
ABW,Aruba,2012,25119.7,50082.4
ABW,Aruba,2013,25813.6,47742.6
ABW,Aruba,2014,26129.8,47990.9
ABW,Aruba,2015,27458.2,48905.5
ABW,Aruba,2016,27441.6,47619.4
ABW,Aruba,2017,28440.0,49061.2
ABW,Aruba,2018,30082.2,46080.6
ABW,Aruba,2019,30654.5,43634.2
ABW,Aruba,2020,22664.4,42530.2
ABW,Aruba,2021,26827.3,44880.8
ABW,Aruba,2022,31000.6,45827.1
ABW,Aruba,2023,34897.6,45241.4
AFG,Afghanistan,2000,174.9,262.7
AFG,Afghanistan,2001,138.7,179.9
AFG,Afghanistan,2002,179.0,155.7
AFG,Afghanistan,2003,198.9,174.6
AFG,Afghanistan,2004,221.8,157.8
AFG,Afghanistan,2005,254.2,205.5
AFG,Afghanistan,2006,274.2,256.9
AFG,Afghanistan,2007,376.2,299.4
AFG,Afghanistan,2008,381.7,567.9
AFG,Afghanistan,2009,452.1,919.6
AFG,Afghanistan,2010,560.6,1140.0
AFG,Afghanistan,2011,606.7,1410.4
AFG,Afghanistan,2012,651.4,1276.9
AFG,Afghanistan,2013,637.1,1007.8
AFG,Afghanistan,2014,625.1,812.1
AFG,Afghanistan,2015,565.6,914.9
AFG,Afghanistan,2016,522.1,809.1
AFG,Afghanistan,2017,525.5,1023.2
AFG,Afghanistan,2018,491.3,1265.3
AFG,Afghanistan,2019,496.6,1244.5
AFG,Afghanistan,2020,510.8,1200.7
AFG,Afghanistan,2021,356.5,1189.2
AFG,Afghanistan,2022,357.3,1111.6
AFG,Afghanistan,2023,413.8,971.7
AGO,Angola,2000,563.7,1893.2
AGO,Angola,2001,533.6,1982.5
AGO,Angola,2002,999.1,2038.0
AGO,Angola,2003,1133.7,2188.0
AGO,Angola,2004,1451.5,2298.0
AGO,Angola,2005,2145.9,1815.0
AGO,Angola,2006,2930.4,2215.2
AGO,Angola,2007,3515.1,2511.3
AGO,Angola,2008,4578.2,2818.6
AGO,Angola,2009,3645.1,3137.8
AGO,Angola,2010,4101.6,3278.9
AGO,Angola,2011,5184.2,3298.7
AGO,Angola,2012,5702.5,3419.7
AGO,Angola,2013,5688.6,3570.2
AGO,Angola,2014,5649.7,3800.6
AGO,Angola,2015,3641.7,3852.9
AGO,Angola,2016,2082.4,3331.0
AGO,Angola,2017,2832.1,2774.1
AGO,Angola,2018,2891.8,3004.2
AGO,Angola,2019,2507.9,3018.7
AGO,Angola,2020,1749.2,2326.4
AGO,Angola,2021,2267.0,2530.0
AGO,Angola,2022,3598.5,2739.3
AGO,Angola,2023,2885.5,2690.2
ALB,Albania,2000,1160.4,6216.7
ALB,Albania,2001,1326.4,6383.7
ALB,Albania,2002,1479.8,7213.6
ALB,Albania,2003,1908.7,7441.5
ALB,Albania,2004,2446.9,8072.5
ALB,Albania,2005,2741.7,8044.4
ALB,Albania,2006,3057.8,7711.4
ALB,Albania,2007,3743.1,7655.5
ALB,Albania,2008,4498.5,7983.5
ALB,Albania,2009,4213.7,8136.8
ALB,Albania,2010,4149.1,7582.6
ALB,Albania,2011,4465.7,8232.2
ALB,Albania,2012,4280.9,7727.7
ALB,Albania,2013,4542.9,9065.4
ALB,Albania,2014,4793.6,8866.9
ALB,Albania,2015,4199.5,8292.7
ALB,Albania,2016,4457.6,9234.7
ALB,Albania,2017,5006.4,10106.2
ALB,Albania,2018,5897.7,9672.1
ALB,Albania,2019,6069.4,8630.0
ALB,Albania,2020,6027.9,7353.8
ALB,Albania,2021,7242.5,8945.9
ALB,Albania,2022,7757.0,9148.7
ALB,Albania,2023,9740.7,8671.5
ARE,United Arab Emirates,2000,29865.5,153361.7
ARE,United Arab Emirates,2001,27745.2,145441.7
ARE,United Arab Emirates,2002,27753.6,149537.2
ARE,United Arab Emirates,2003,29659.6,150545.2
ARE,United Arab Emirates,2004,33376.7,152420.6
ARE,United Arab Emirates,2005,38719.3,151045.8
ARE,United Arab Emirates,2006,44342.6,147989.1
ARE,United Arab Emirates,2007,45854.7,145495.7
ARE,United Arab Emirates,2008,50054.2,148889.4
ARE,United Arab Emirates,2009,37803.1,138000.1
ARE,United Arab Emirates,2010,44795.3,140161.4
ARE,United Arab Emirates,2011,51921.9,141807.1
ARE,United Arab Emirates,2012,53141.6,143268.3
ARE,United Arab Emirates,2013,53247.2,144520.0
ARE,United Arab Emirates,2014,52725.2,137818.3
ARE,United Arab Emirates,2015,44910.3,140994.9
ARE,United Arab Emirates,2016,42721.1,140575.8
ARE,United Arab Emirates,2017,43733.6,131237.3
ARE,United Arab Emirates,2018,47135.3,121187.6
ARE,United Arab Emirates,2019,45938.6,129769.3
ARE,United Arab Emirates,2020,37991.7,125363.3
ARE,United Arab Emirates,2021,44118.5,126734.0
ARE,United Arab Emirates,2022,50759.8,132096.9
ARE,United Arab Emirates,2023,49850.7,134679.9
ARG,Argentina,2000,7637.0,18907.8
ARG,Argentina,2001,7141.5,18268.3
ARG,Argentina,2002,2569.7,17306.4
ARG,Argentina,2003,3320.5,18341.5
ARG,Argentina,2004,4242.0,19351.8
ARG,Argentina,2005,5067.7,20306.8
ARG,Argentina,2006,5869.4,21100.8
ARG,Argentina,2007,7185.3,21717.8
ARG,Argentina,2008,8944.1,21746.2
ARG,Argentina,2009,8150.2,20858.1
ARG,Argentina,2010,10260.1,21368.3
ARG,Argentina,2011,12704.3,21743.6
ARG,Argentina,2012,12949.7,22393.1
ARG,Argentina,2013,12963.7,23705.7
ARG,Argentina,2014,12233.1,23080.3
ARG,Argentina,2015,13679.6,23230.5
ARG,Argentina,2016,12700.0,22909.2
ARG,Argentina,2017,14532.5,22511.0
ARG,Argentina,2018,11752.8,22081.7
ARG,Argentina,2019,9956.0,20582.3
ARG,Argentina,2020,8535.6,19117.8
ARG,Argentina,2021,10738.0,20925.6
ARG,Argentina,2022,13962.2,22049.9
ARG,Argentina,2023,14261.8,22053.1
ARM,Armenia,2000,593.5,8588.0
ARM,Armenia,2001,659.6,8735.8
ARM,Armenia,2002,742.7,7993.7
ARM,Armenia,2003,882.0,8742.5
ARM,Armenia,2004,1130.1,9174.9
ARM,Armenia,2005,1557.5,11044.3
ARM,Armenia,2006,2041.7,11084.3
ARM,Armenia,2007,2962.7,12641.4
ARM,Armenia,2008,3777.7,12216.9
ARM,Armenia,2009,2820.6,10727.8
ARM,Armenia,2010,3041.3,11824.3
ARM,Armenia,2011,3349.6,12557.1
ARM,Armenia,2012,3511.6,13606.6
ARM,Armenia,2013,3680.2,13407.3
ARM,Armenia,2014,3852.1,13808.0
ARM,Armenia,2015,3512.4,12623.1
ARM,Armenia,2016,3524.4,12668.3
ARM,Armenia,2017,3869.1,13658.8
ARM,Armenia,2018,4196.0,13424.8
ARM,Armenia,2019,4597.2,14248.8
ARM,Armenia,2020,4268.7,15475.3
ARM,Armenia,2021,4685.2,15976.4
ARM,Armenia,2022,6572.0,17194.5
ARM,Armenia,2023,8159.1,16437.8
ASM,American Samoa,2002,8972.7,40906.6
ASM,American Samoa,2003,9197.7,40973.3
ASM,American Samoa,2004,8958.4,41079.3
ASM,American Samoa,2005,8831.3,43793.9
ASM,American Samoa,2006,8745.2,44731.4
ASM,American Samoa,2007,9231.4,44936.2
ASM,American Samoa,2008,10030.8,45290.1
ASM,American Samoa,2009,12156.0,45415.2
ASM,American Samoa,2010,10375.2,42914.3
ASM,American Samoa,2011,10383.5,35896.4
ASM,American Samoa,2012,11745.5,36376.4
ASM,American Samoa,2013,11813.5,36501.9
ASM,American Samoa,2014,12026.3,34947.1
ASM,American Samoa,2015,12727.4,35338.9
ASM,American Samoa,2016,12843.3,35886.0
ASM,American Samoa,2017,11863.7,36281.1
ASM,American Samoa,2018,12552.1,36766.5
ASM,American Samoa,2019,12886.1,37428.8
ASM,American Samoa,2020,14489.3,36622.7
ASM,American Samoa,2021,15236.2,37611.9
ASM,American Samoa,2022,18017.5,38300.1
ATG,Antigua and Barbuda,2000,12027.5,28510.8
ATG,Antigua and Barbuda,2001,11539.2,28078.7
ATG,Antigua and Barbuda,2002,11658.7,29724.6
ATG,Antigua and Barbuda,2003,12173.2,30903.0
ATG,Antigua and Barbuda,2004,13037.9,31710.8
ATG,Antigua and Barbuda,2005,14368.6,31834.3
ATG,Antigua and Barbuda,2006,16173.8,32406.8
ATG,Antigua and Barbuda,2007,18204.5,33506.1
ATG,Antigua and Barbuda,2008,18786.7,33775.4
ATG,Antigua and Barbuda,2009,16472.2,34854.7
ATG,Antigua and Barbuda,2010,15217.4,33244.9
ATG,Antigua and Barbuda,2011,14911.7,32756.1
ATG,Antigua and Barbuda,2012,15639.8,33306.0
ATG,Antigua and Barbuda,2013,15051.5,33005.0
ATG,Antigua and Barbuda,2014,15532.1,33476.5
ATG,Antigua and Barbuda,2015,16077.6,33930.8
ATG,Antigua and Barbuda,2016,16556.9,34220.0
ATG,Antigua and Barbuda,2017,16965.7,32348.7
ATG,Antigua and Barbuda,2018,18273.4,32080.2
ATG,Antigua and Barbuda,2019,18896.4,33123.3
ATG,Antigua and Barbuda,2020,15369.6,31833.9
ATG,Antigua and Barbuda,2021,17348.6,32921.9
ATG,Antigua and Barbuda,2022,20003.4,32896.4
ATG,Antigua and Barbuda,2023,22012.3,33070.3
AUS,Australia,2000,21909.0,68222.2
AUS,Australia,2001,19733.7,67924.4
AUS,Australia,2002,20335.1,68472.6
AUS,Australia,2003,23757.6,68663.0
AUS,Australia,2004,30886.1,70058.7
AUS,Australia,2005,34535.2,69494.2
AUS,Australia,2006,36658.8,71432.6
AUS,Australia,2007,41128.2,71877.8
AUS,Australia,2008,49811.2,71675.4
AUS,Australia,2009,42954.8,69299.2
AUS,Australia,2010,52313.9,68145.0
AUS,Australia,2011,62799.4,69333.5
AUS,Australia,2012,68301.4,67218.2
AUS,Australia,2013,68476.7,66946.5
AUS,Australia,2014,62817.2,66387.7
AUS,Australia,2015,56970.4,66879.3
AUS,Australia,2016,50084.4,66045.7
AUS,Australia,2017,54117.5,64778.0
AUS,Australia,2018,57410.2,64726.4
AUS,Australia,2019,55194.8,65938.5
AUS,Australia,2020,51983.5,61584.3
AUS,Australia,2021,60758.9,61230.4
AUS,Australia,2022,65169.5,63386.5
AUS,Australia,2023,65058.4,62658.1
AUT,Austria,2000,24487.3,49316.6
AUT,Austria,2001,24430.5,50557.3
AUT,Austria,2002,26334.9,50339.8
AUT,Austria,2003,32110.1,50193.7
AUT,Austria,2004,36614.3,51686.3
AUT,Austria,2005,38157.4,52417.0
AUT,Austria,2006,40382.2,51495.7
AUT,Austria,2007,46623.0,50628.9
AUT,Austria,2008,51581.4,51008.9
AUT,Austria,2009,47857.4,49103.5
AUT,Austria,2010,46611.1,50395.0
AUT,Austria,2011,51116.9,47165.0
AUT,Austria,2012,48250.4,49148.7
AUT,Austria,2013,50305.4,48441.5
AUT,Austria,2014,51315.0,46197.7
AUT,Austria,2015,43915.2,45856.3
AUT,Austria,2016,45061.5,46882.0
AUT,Austria,2017,47163.7,47457.6
AUT,Austria,2018,51194.1,46190.7
AUT,Austria,2019,49886.0,48189.0
AUT,Austria,2020,48716.4,44852.2
AUT,Austria,2021,53648.6,45314.2
AUT,Austria,2022,52336.8,42122.1
AUT,Austria,2023,56579.5,43148.0
AZE,Azerbaijan,2000,655.1,16154.0
AZE,Azerbaijan,2001,703.7,15418.2
AZE,Azerbaijan,2002,763.1,15086.1
AZE,Azerbaijan,2003,883.7,16193.6
AZE,Azerbaijan,2004,1045.0,18127.2
AZE,Azerbaijan,2005,1578.4,19405.9
AZE,Azerbaijan,2006,2473.0,18836.5
AZE,Azerbaijan,2007,3851.3,17112.1
AZE,Azerbaijan,2008,5574.5,16903.7
AZE,Azerbaijan,2009,4950.4,14389.1
AZE,Azerbaijan,2010,5843.5,14041.9
AZE,Azerbaijan,2011,7189.8,15745.1
AZE,Azerbaijan,2012,7495.9,16007.7
AZE,Azerbaijan,2013,7875.3,16225.3
AZE,Azerbaijan,2014,7890.8,16326.3
AZE,Azerbaijan,2015,5500.5,17618.0
AZE,Azerbaijan,2016,3880.7,17246.1
AZE,Azerbaijan,2017,4147.2,16748.1
AZE,Azerbaijan,2018,4739.8,17546.9
AZE,Azerbaijan,2019,4805.8,18385.9
AZE,Azerbaijan,2020,4229.9,18162.8
AZE,Azerbaijan,2021,5408.0,19302.5
AZE,Azerbaijan,2022,7770.6,20425.5
AZE,Azerbaijan,2023,7133.0,21072.8
BDI,Burundi,2000,134.5,225.2
BDI,Burundi,2001,132.2,177.2
BDI,Burundi,2002,121.0,158.5
BDI,Burundi,2003,111.4,125.2
BDI,Burundi,2004,125.2,146.3
BDI,Burundi,2005,147.2,118.0
BDI,Burundi,2006,161.9,136.6
BDI,Burundi,2007,166.2,212.7
BDI,Burundi,2008,189.5,126.6
BDI,Burundi,2009,198.4,120.3
BDI,Burundi,2010,216.7,166.7
BDI,Burundi,2011,230.1,196.5
BDI,Burundi,2012,231.1,175.8
BDI,Burundi,2013,234.8,186.6
BDI,Burundi,2014,250.5,166.8
BDI,Burundi,2015,254.4,166.0
BDI,Burundi,2016,232.9,182.1
BDI,Burundi,2017,246.1,210.3
BDI,Burundi,2018,245.7,263.7
BDI,Burundi,2019,234.3,260.2
BDI,Burundi,2020,252.7,285.7
BDI,Burundi,2021,264.2,272.6
BDI,Burundi,2022,301.8,307.1
BDI,Burundi,2023,249.8,283.0
BEL,Belgium,2000,23098.9,72509.6
BEL,Belgium,2001,23015.1,71630.1
BEL,Belgium,2002,25006.2,70983.9
BEL,Belgium,2003,30655.2,73407.1
BEL,Belgium,2004,35429.4,73370.9
BEL,Belgium,2005,36809.7,72156.3
BEL,Belgium,2006,38705.1,71881.8
BEL,Belgium,2007,44319.2,71852.6
BEL,Belgium,2008,48303.4,72432.8
BEL,Belgium,2009,44923.3,66203.0
BEL,Belgium,2010,44197.4,69929.1
BEL,Belgium,2011,47760.8,64655.8
BEL,Belgium,2012,44874.2,61664.5
BEL,Belgium,2013,46964.6,62894.4
BEL,Belgium,2014,47995.8,58059.3
BEL,Belgium,2015,40893.8,58306.6
BEL,Belgium,2016,41854.5,62607.2
BEL,Belgium,2017,44035.3,62940.0
BEL,Belgium,2018,47487.2,62492.8
BEL,Belgium,2019,46716.6,64258.4
BEL,Belgium,2020,45906.3,57530.3
BEL,Belgium,2021,51658.2,63805.6
BEL,Belgium,2022,50639.0,59651.6
BEL,Belgium,2023,55244.7,55542.0
BEN,Benin,2000,487.4,950.6
BEN,Benin,2001,492.4,1053.7
BEN,Benin,2002,546.5,1178.3
BEN,Benin,2003,676.0,1312.1
BEN,Benin,2004,758.7,1342.9
BEN,Benin,2005,779.4,1220.7
BEN,Benin,2006,809.1,1617.1
BEN,Benin,2007,912.3,1853.5
BEN,Benin,2008,1060.6,1839.2
BEN,Benin,2009,1024.1,1981.5
BEN,Benin,2010,973.2,2198.5
BEN,Benin,2011,1059.4,1995.0
BEN,Benin,2012,1071.5,1836.3
BEN,Benin,2013,1168.9,1819.5
BEN,Benin,2014,1204.4,1879.1
BEN,Benin,2015,1002.4,2004.1
BEN,Benin,2016,1010.5,2373.2
BEN,Benin,2017,1055.0,2445.9
BEN,Benin,2018,1151.7,2616.5
BEN,Benin,2019,1130.8,2371.7
BEN,Benin,2020,1200.2,2427.8
BEN,Benin,2021,1318.7,1837.8
BEN,Benin,2022,1266.4,1841.9
BEN,Benin,2023,1394.2,2175.0
BFA,Burkina Faso,2000,248.9,341.0
BFA,Burkina Faso,2001,259.5,376.3
BFA,Burkina Faso,2002,285.7,381.1
BFA,Burkina Faso,2003,362.4,405.0
BFA,Burkina Faso,2004,403.8,351.7
BFA,Burkina Faso,2005,441.2,363.0
BFA,Burkina Faso,2006,455.5,349.5
BFA,Burkina Faso,2007,514.7,480.7
BFA,Burkina Faso,2008,619.4,508.1
BFA,Burkina Faso,2009,601.6,463.3
BFA,Burkina Faso,2010,625.0,500.4
BFA,Burkina Faso,2011,725.0,552.5
BFA,Burkina Faso,2012,731.5,632.1
BFA,Burkina Faso,2013,759.8,735.4
BFA,Burkina Faso,2014,764.9,665.5
BFA,Burkina Faso,2015,630.1,823.6
BFA,Burkina Faso,2016,663.7,764.3
BFA,Burkina Faso,2017,709.1,862.7
BFA,Burkina Faso,2018,777.5,943.6
BFA,Burkina Faso,2019,764.9,953.5
BFA,Burkina Faso,2020,825.2,936.2
BFA,Burkina Faso,2021,895.5,1043.4
BFA,Burkina Faso,2022,827.3,1011.8
BFA,Burkina Faso,2023,873.2,1066.4
BGD,Bangladesh,2000,396.7,1012.7
BGD,Bangladesh,2001,394.7,1138.0
BGD,Bangladesh,2002,393.9,1124.6
BGD,Bangladesh,2003,426.7,1171.2
BGD,Bangladesh,2004,455.6,1228.1
BGD,Bangladesh,2005,480.1,1314.6
BGD,Bangladesh,2006,490.4,1406.3
BGD,Bangladesh,2007,538.0,1430.9
BGD,Bangladesh,2008,613.1,1491.6
BGD,Bangladesh,2009,679.2,1626.2
BGD,Bangladesh,2010,757.4,1649.6
BGD,Bangladesh,2011,837.3,1768.5
BGD,Bangladesh,2012,859.7,1902.5
BGD,Bangladesh,2013,958.3,1958.6
BGD,Bangladesh,2014,1094.5,2016.6
BGD,Bangladesh,2015,1224.4,2416.2
BGD,Bangladesh,2016,1649.3,2404.7
BGD,Bangladesh,2017,1811.1,2484.6
BGD,Bangladesh,2018,1965.2,2631.4
BGD,Bangladesh,2019,2129.8,2926.2
BGD,Bangladesh,2020,2248.9,2750.8
BGD,Bangladesh,2021,2482.8,2937.3
BGD,Bangladesh,2022,2716.5,3023.7
BGD,Bangladesh,2023,2551.0,2954.8
BGR,Bulgaria,2000,1621.3,27170.4
BGR,Bulgaria,2001,1771.0,28324.2
BGR,Bulgaria,2002,2093.1,27707.9
BGR,Bulgaria,2003,2719.6,28875.0
BGR,Bulgaria,2004,3389.9,28120.1
BGR,Bulgaria,2005,3900.0,30680.2
BGR,Bulgaria,2006,4523.4,31504.2
BGR,Bulgaria,2007,5888.9,30663.4
BGR,Bulgaria,2008,7271.7,30551.5
BGR,Bulgaria,2009,6988.6,26990.7
BGR,Bulgaria,2010,6854.3,28432.7
BGR,Bulgaria,2011,7850.0,30434.4
BGR,Bulgaria,2012,7432.3,29168.7
BGR,Bulgaria,2013,7796.4,27270.3
BGR,Bulgaria,2014,8070.0,29286.6
BGR,Bulgaria,2015,7269.0,31303.4
BGR,Bulgaria,2016,7822.9,29901.0
BGR,Bulgaria,2017,8697.1,30834.6
BGR,Bulgaria,2018,9849.9,31149.1
BGR,Bulgaria,2019,10354.3,30327.9
BGR,Bulgaria,2020,10760.8,28177.6
BGR,Bulgaria,2021,12966.8,32263.3
BGR,Bulgaria,2022,13999.9,33606.0
BGR,Bulgaria,2023,15854.0,29007.3
BHR,Bahrain,2000,14214.5,167083.1
BHR,Bahrain,2001,13573.2,165423.2
BHR,Bahrain,2002,13501.5,164246.5
BHR,Bahrain,2003,14486.0,159109.2
BHR,Bahrain,2004,15963.9,153438.2
BHR,Bahrain,2005,17966.2,160842.3
BHR,Bahrain,2006,19267.3,160915.7
BHR,Bahrain,2007,20908.4,155404.4
BHR,Bahrain,2008,23299.5,153545.8
BHR,Bahrain,2009,19465.3,143941.2
BHR,Bahrain,2010,21819.3,141961.7
BHR,Bahrain,2011,25032.8,141220.1
BHR,Bahrain,2012,26438.7,150511.9
BHR,Bahrain,2013,26989.8,161939.0
BHR,Bahrain,2014,26451.8,153717.3
BHR,Bahrain,2015,23734.1,148644.0
BHR,Bahrain,2016,23800.0,142093.9
BHR,Bahrain,2017,24784.8,140425.5
BHR,Bahrain,2018,26324.4,141234.8
BHR,Bahrain,2019,27259.7,155659.1
BHR,Bahrain,2020,24342.8,154316.0
BHR,Bahrain,2021,27147.8,159229.7
BHR,Bahrain,2022,30470.5,154504.3
BHR,Bahrain,2023,29290.1,154090.9
BHS,"Bahamas, The",2000,24940.1,50835.8
BHS,"Bahamas, The",2001,25371.9,51177.7
BHS,"Bahamas, The",2002,26781.6,52474.3
BHS,"Bahamas, The",2003,26429.1,36216.2
BHS,"Bahamas, The",2004,26650.3,39649.2
BHS,"Bahamas, The",2005,28602.4,37668.1
BHS,"Bahamas, The",2006,29184.8,43188.4
BHS,"Bahamas, The",2007,30051.8,49038.8
BHS,"Bahamas, The",2008,29392.4,47279.4
BHS,"Bahamas, The",2009,27512.9,35086.2
BHS,"Bahamas, The",2010,27473.1,36088.8
BHS,"Bahamas, The",2011,27090.8,31497.7
BHS,"Bahamas, The",2012,28552.0,36040.8
BHS,"Bahamas, The",2013,27642.7,33224.7
BHS,"Bahamas, The",2014,29137.2,32329.9
BHS,"Bahamas, The",2015,30719.4,30661.7
BHS,"Bahamas, The",2016,30616.5,31876.5
BHS,"Bahamas, The",2017,31875.5,37776.2
BHS,"Bahamas, The",2018,32642.3,30950.5
BHS,"Bahamas, The",2019,33640.3,31914.7
BHS,"Bahamas, The",2020,26178.8,26472.6
BHS,"Bahamas, The",2021,30367.9,33613.3
BHS,"Bahamas, The",2022,34957.2,31185.0
BHS,"Bahamas, The",2023,38231.8,34734.0
BIH,Bosnia and Herzegovina,2000,1338.5,13112.5
BIH,Bosnia and Herzegovina,2001,1387.9,12905.4
BIH,Bosnia and Herzegovina,2002,1606.5,12973.8
BIH,Bosnia and Herzegovina,2003,2033.9,11420.4
BIH,Bosnia and Herzegovina,2004,2452.7,11305.2
BIH,Bosnia and Herzegovina,2005,2739.6,10346.2
BIH,Bosnia and Herzegovina,2006,3166.1,10823.6
BIH,Bosnia and Herzegovina,2007,3931.5,11227.1
BIH,Bosnia and Herzegovina,2008,4841.7,12752.9
BIH,Bosnia and Herzegovina,2009,4539.9,15458.7
BIH,Bosnia and Herzegovina,2010,4506.5,16196.4
BIH,Bosnia and Herzegovina,2011,4982.7,17665.5
BIH,Bosnia and Herzegovina,2012,4693.8,17613.1
BIH,Bosnia and Herzegovina,2013,5034.6,16714.6
BIH,Bosnia and Herzegovina,2014,5206.1,16940.2
BIH,Bosnia and Herzegovina,2015,4662.3,17474.5
BIH,Bosnia and Herzegovina,2016,4928.6,18145.0
BIH,Bosnia and Herzegovina,2017,5345.0,19206.4
BIH,Bosnia and Herzegovina,2018,6047.8,18484.4
BIH,Bosnia and Herzegovina,2019,6122.4,17657.4
BIH,Bosnia and Herzegovina,2020,6130.3,17240.4
BIH,Bosnia and Herzegovina,2021,7295.3,20123.3
BIH,Bosnia and Herzegovina,2022,7655.6,28279.2
BIH,Bosnia and Herzegovina,2023,8663.0,26697.6
BLR,Belarus,2000,1276.3,25522.1
BLR,Belarus,2001,1244.4,24945.6
BLR,Belarus,2002,1479.4,25976.3
BLR,Belarus,2003,1819.5,25966.3
BLR,Belarus,2004,2378.3,29279.0
BLR,Belarus,2005,3126.1,29386.7
BLR,Belarus,2006,3848.2,31443.7
BLR,Belarus,2007,4735.5,30819.0
BLR,Belarus,2008,6376.2,31336.2
BLR,Belarus,2009,5352.5,29715.5
BLR,Belarus,2010,6034.7,32263.1
BLR,Belarus,2011,6527.7,31742.1
BLR,Belarus,2012,6953.2,34369.0
BLR,Belarus,2013,7998.1,31085.3
BLR,Belarus,2014,8341.3,31127.6
BLR,Belarus,2015,5967.1,28138.9
BLR,Belarus,2016,5039.8,28718.4
BLR,Belarus,2017,5785.5,29259.3
BLR,Belarus,2018,6360.0,32402.7
BLR,Belarus,2019,6837.8,32726.7
BLR,Belarus,2020,6542.9,30643.4
BLR,Belarus,2021,7489.7,33803.1
BLR,Belarus,2022,7994.6,33086.9
BLR,Belarus,2023,7896.8,33297.8
BLZ,Belize,2000,4726.5,9041.2
BLZ,Belize,2001,4718.8,9764.9
BLZ,Belize,2002,4858.9,9159.1
BLZ,Belize,2003,4959.7,8923.8
BLZ,Belize,2004,5153.7,8297.5
BLZ,Belize,2005,5270.4,8680.0
BLZ,Belize,2006,5524.8,9037.1
BLZ,Belize,2007,5762.2,8224.3
BLZ,Belize,2008,5711.8,7562.3
BLZ,Belize,2009,5399.7,7848.7
BLZ,Belize,2010,5461.4,9270.4
BLZ,Belize,2011,5596.1,7350.7
BLZ,Belize,2012,5732.7,8398.8
BLZ,Belize,2013,5957.3,8494.2
BLZ,Belize,2014,6128.1,7952.3
BLZ,Belize,2015,6154.6,8944.1
BLZ,Belize,2016,6140.9,8750.7
BLZ,Belize,2017,6071.9,9632.0
BLZ,Belize,2018,6012.0,9403.0
BLZ,Belize,2019,6171.6,11227.2
BLZ,Belize,2020,5238.5,8861.9
BLZ,Belize,2021,6143.0,8903.5
BLZ,Belize,2022,7068.2,9254.2
BLZ,Belize,2023,7424.8,9946.1
BMU,Bermuda,2000,56543.0,39499.3
BMU,Bermuda,2001,59490.2,39906.7
BMU,Bermuda,2002,63358.6,41784.9
BMU,Bermuda,2003,67106.8,41527.4
BMU,Bermuda,2004,71692.2,42865.8
BMU,Bermuda,2005,77628.1,45008.6
BMU,Bermuda,2006,97781.5,50684.3
BMU,Bermuda,2007,107395.7,58670.8
BMU,Bermuda,2008,110268.6,55838.5
BMU,Bermuda,2009,104711.7,43793.9
BMU,Bermuda,2010,104111.8,51369.2
BMU,Bermuda,2011,99049.0,33284.4
BMU,Bermuda,2012,100213.5,36018.9
BMU,Bermuda,2013,101704.4,36220.8
BMU,Bermuda,2014,100961.6,46861.5
BMU,Bermuda,2015,104855.4,39486.4
BMU,Bermuda,2016,108747.4,50197.1
BMU,Bermuda,2017,112339.4,49432.2
BMU,Bermuda,2018,113204.8,48272.2
BMU,Bermuda,2019,115798.0,41815.1
BMU,Bermuda,2020,106976.5,30691.6
BMU,Bermuda,2021,112765.1,35751.7
BMU,Bermuda,2022,119969.2,36450.7
BMU,Bermuda,2023,132961.8,36785.7
BOL,Bolivia,2000,975.8,4613.1
BOL,Bolivia,2001,930.2,3773.2
BOL,Bolivia,2002,888.2,4085.8
BOL,Bolivia,2003,893.0,5615.7
BOL,Bolivia,2004,953.2,5715.8
BOL,Bolivia,2005,1020.1,5535.6
BOL,Bolivia,2006,1202.7,5990.8
BOL,Bolivia,2007,1354.5,6331.8
BOL,Bolivia,2008,1692.7,6400.4
BOL,Bolivia,2009,1731.2,6204.0
BOL,Bolivia,2010,1929.8,6230.6
BOL,Bolivia,2011,2315.5,6331.9
BOL,Bolivia,2012,2575.6,7473.8
BOL,Bolivia,2013,2870.0,7439.1
BOL,Bolivia,2014,3041.4,7439.6
BOL,Bolivia,2015,2996.0,7687.7
BOL,Bolivia,2016,3035.9,7971.5
BOL,Bolivia,2017,4048.4,8261.0
BOL,Bolivia,2018,4206.9,8327.2
BOL,Bolivia,2019,4203.2,8193.3
BOL,Bolivia,2020,3581.0,6708.9
BOL,Bolivia,2021,4010.8,7951.0
BOL,Bolivia,2022,4219.5,8570.6
BOL,Bolivia,2023,4274.7,8943.4
BRA,Brazil,2000,3766.5,13586.2
BRA,Brazil,2001,3176.3,13068.8
BRA,Brazil,2002,2855.9,13173.6
BRA,Brazil,2003,3090.6,13211.7
BRA,Brazil,2004,3663.8,13704.0
BRA,Brazil,2005,4827.8,13910.3
BRA,Brazil,2006,5934.1,14152.4
BRA,Brazil,2007,7409.7,14905.9
BRA,Brazil,2008,8908.3,15424.7
BRA,Brazil,2009,8678.7,15230.7
BRA,Brazil,2010,11403.3,16462.1
BRA,Brazil,2011,13396.6,16982.0
BRA,Brazil,2012,12521.7,17312.1
BRA,Brazil,2013,12458.9,17639.0
BRA,Brazil,2014,12275.0,17870.6
BRA,Brazil,2015,8936.2,17530.3
BRA,Brazil,2016,8836.3,16984.0
BRA,Brazil,2017,10080.5,16988.6
BRA,Brazil,2018,9300.7,16915.4
BRA,Brazil,2019,9029.8,17194.1
BRA,Brazil,2020,7074.2,16401.9
BRA,Brazil,2021,7972.5,17089.9
BRA,Brazil,2022,9281.3,17744.2
BRA,Brazil,2023,10377.6,18252.0
BRB,Barbados,2000,11674.7,26578.4
BRB,Barbados,2001,11639.5,26557.9
BRB,Barbados,2002,11760.5,26562.0
BRB,Barbados,2003,12076.0,26680.2
BRB,Barbados,2004,12886.4,26727.4
BRB,Barbados,2005,14214.4,26791.8
BRB,Barbados,2006,15619.6,26724.0
BRB,Barbados,2007,17235.4,25376.1
BRB,Barbados,2008,17565.7,29765.6
BRB,Barbados,2009,16294.9,27907.6
BRB,Barbados,2010,19723.2,26774.0
BRB,Barbados,2011,20146.2,28044.5
BRB,Barbados,2012,19811.3,26282.1
BRB,Barbados,2013,20384.5,26601.3
BRB,Barbados,2014,20423.7,23038.9
BRB,Barbados,2015,20429.5,24428.9
BRB,Barbados,2016,20311.4,24818.1
BRB,Barbados,2017,20870.8,23423.2
BRB,Barbados,2018,21378.2,26041.2
BRB,Barbados,2019,21929.4,25226.6
BRB,Barbados,2020,19181.0,20380.8
BRB,Barbados,2021,21084.4,19455.9
BRB,Barbados,2022,24393.2,21012.3
BRB,Barbados,2023,25583.9,23688.1
BRN,Brunei Darussalam,2000,20130.3,60239.2
BRN,Brunei Darussalam,2001,18287.8,67067.9
BRN,Brunei Darussalam,2002,18621.3,76759.7
BRN,Brunei Darussalam,2003,20677.9,77913.0
BRN,Brunei Darussalam,2004,24423.1,84982.7
BRN,Brunei Darussalam,2005,29386.3,94131.8
BRN,Brunei Darussalam,2006,34674.8,142785.9
BRN,Brunei Darussalam,2007,36217.3,147383.6
BRN,Brunei Darussalam,2008,42156.6,148600.3
BRN,Brunei Darussalam,2009,30946.5,96748.2
BRN,Brunei Darussalam,2010,34937.6,108127.9
BRN,Brunei Darussalam,2011,46382.8,109107.2
BRN,Brunei Darussalam,2012,46968.6,104440.5
BRN,Brunei Darussalam,2013,44003.1,95801.0
BRN,Brunei Darussalam,2014,41026.5,106308.5
BRN,Brunei Darussalam,2015,30625.1,115953.2
BRN,Brunei Darussalam,2016,26663.3,119606.8
BRN,Brunei Darussalam,2017,28024.4,118640.7
BRN,Brunei Darussalam,2018,30988.1,121695.1
BRN,Brunei Darussalam,2019,30426.6,121644.7
BRN,Brunei Darussalam,2020,26834.4,131241.2
BRN,Brunei Darussalam,2021,31007.0,123425.1
BRN,Brunei Darussalam,2022,36632.9,118047.6
BRN,Brunei Darussalam,2023,32890.5,114328.2
BTN,Bhutan,2000,771.9,2358.5
BTN,Bhutan,2001,812.2,2609.0
BTN,Bhutan,2002,895.8,2814.6
BTN,Bhutan,2003,1022.4,2888.3
BTN,Bhutan,2004,1130.4,3077.3
BTN,Bhutan,2005,1299.9,3502.8
BTN,Bhutan,2006,1405.6,5093.4
BTN,Bhutan,2007,1850.4,3849.9
BTN,Bhutan,2008,1919.6,3525.9
BTN,Bhutan,2009,1918.4,4485.2
BTN,Bhutan,2010,2435.6,5194.3
BTN,Bhutan,2011,2788.0,5334.6
BTN,Bhutan,2012,2751.2,5759.6
BTN,Bhutan,2013,2680.0,6087.0
BTN,Bhutan,2014,2849.5,6002.0
BTN,Bhutan,2015,2954.0,6218.0
BTN,Bhutan,2016,3152.3,6783.5
BTN,Bhutan,2017,3435.3,7141.9
BTN,Bhutan,2018,3400.2,8095.7
BTN,Bhutan,2019,3576.9,8204.2
BTN,Bhutan,2020,3191.7,11798.4
BTN,Bhutan,2021,3570.6,18890.2
BTN,Bhutan,2022,3711.3,20160.8
BTN,Bhutan,2023,3831.3,20020.6
BWA,Botswana,2000,3450.8,8543.7
BWA,Botswana,2001,3206.1,8774.4
BWA,Botswana,2002,3117.3,8939.8
BWA,Botswana,2003,4230.1,8960.6
BWA,Botswana,2004,4956.7,8820.6
BWA,Botswana,2005,5391.1,9163.7
BWA,Botswana,2006,5291.6,9568.4
BWA,Botswana,2007,5529.1,9655.3
BWA,Botswana,2008,5503.1,9837.5
BWA,Botswana,2009,5082.9,9056.3
BWA,Botswana,2010,6215.7,9157.6
BWA,Botswana,2011,7287.4,9418.3
BWA,Botswana,2012,6595.5,9152.5
BWA,Botswana,2013,6666.9,8948.6
BWA,Botswana,2014,7122.4,8857.1
BWA,Botswana,2015,6141.2,10640.0
BWA,Botswana,2016,6749.1,11548.0
BWA,Botswana,2017,7105.0,10434.4
BWA,Botswana,2018,7408.0,10197.9
BWA,Botswana,2019,7172.1,9783.1
BWA,Botswana,2020,6323.3,9292.5
BWA,Botswana,2021,7807.9,9660.0
BWA,Botswana,2022,8328.7,12002.1
BWA,Botswana,2023,7827.3,9402.8
CAF,Central African Republic,2000,239.2,334.2
CAF,Central African Republic,2001,238.0,336.5
CAF,Central African Republic,2002,248.6,326.0
CAF,Central African Republic,2003,278.4,296.7
CAF,Central African Republic,2004,303.5,295.4
CAF,Central African Republic,2005,312.0,285.7
CAF,Central African Republic,2006,333.9,290.7
CAF,Central African Republic,2007,380.9,284.7
CAF,Central African Republic,2008,437.2,214.7
CAF,Central African Republic,2009,456.5,207.2
CAF,Central African Republic,2010,476.9,214.2
CAF,Central African Republic,2011,534.1,230.5
CAF,Central African Republic,2012,544.4,234.5
CAF,Central African Republic,2013,364.4,160.8
CAF,Central African Republic,2014,409.9,182.2
CAF,Central African Republic,2015,366.3,246.2
CAF,Central African Republic,2016,387.2,258.4
CAF,Central African Republic,2017,432.3,261.1
CAF,Central African Republic,2018,455.2,272.0
CAF,Central African Republic,2019,449.2,316.8
CAF,Central African Republic,2020,462.9,321.4
CAF,Central African Republic,2021,492.3,343.5
CAF,Central African Republic,2022,467.4,351.0
CAF,Central African Republic,2023,496.0,349.1
CAN,Canada,2000,24271.0,118073.1
CAN,Canada,2001,23822.1,114440.5
CAN,Canada,2002,24256.1,117118.3
CAN,Canada,2003,28301.9,116565.1
CAN,Canada,2004,32145.6,117265.9
CAN,Canada,2005,36384.0,117037.1
CAN,Canada,2006,40504.8,112017.8
CAN,Canada,2007,44660.1,118416.2
CAN,Canada,2008,46710.4,115754.2
CAN,Canada,2009,40875.0,109988.3
CAN,Canada,2010,47560.8,109967.7
CAN,Canada,2011,52224.1,112865.5
CAN,Canada,2012,52670.1,111724.3
CAN,Canada,2013,52637.7,113458.8
CAN,Canada,2014,50960.9,112508.4
CAN,Canada,2015,43594.2,111824.3
CAN,Canada,2016,42314.1,109289.4
CAN,Canada,2017,45129.7,109394.2
CAN,Canada,2018,46539.2,109464.8
CAN,Canada,2019,46353.0,107455.6
CAN,Canada,2020,43537.9,100465.1
CAN,Canada,2021,52886.6,100431.0
CAN,Canada,2022,56496.9,102122.4
CAN,Canada,2023,54847.5,98930.0
CHE,Switzerland,2000,39298.1,50714.9
CHE,Switzerland,2001,40133.6,53848.0
CHE,Switzerland,2002,43094.2,49767.4
CHE,Switzerland,2003,49947.4,48866.4
CHE,Switzerland,2004,55349.6,48368.0
CHE,Switzerland,2005,57080.1,45854.4
CHE,Switzerland,2006,59910.3,46813.2
CHE,Switzerland,2007,66082.1,47034.4
CHE,Switzerland,2008,75147.5,47442.3
CHE,Switzerland,2009,72788.2,45880.4
CHE,Switzerland,2010,77956.1,45935.2
CHE,Switzerland,2011,91910.4,42318.3
CHE,Switzerland,2012,87269.6,44264.0
CHE,Switzerland,2013,88851.2,44387.2
CHE,Switzerland,2014,90511.6,42054.9
CHE,Switzerland,2015,85265.1,40599.2
CHE,Switzerland,2016,83432.4,37761.1
CHE,Switzerland,2017,83610.2,37498.1
CHE,Switzerland,2018,87002.3,37746.0
CHE,Switzerland,2019,85873.0,39166.9
CHE,Switzerland,2020,87529.7,35831.2
CHE,Switzerland,2021,96582.9,33316.6
CHE,Switzerland,2022,97809.1,33835.2
CHE,Switzerland,2023,104449.8,35766.5
CHL,Chile,2000,5053.0,19827.0
CHL,Chile,2001,4563.6,19978.8
CHL,Chile,2002,4430.8,20229.7
CHL,Chile,2003,4773.4,20124.5
CHL,Chile,2004,6120.6,21269.7
CHL,Chile,2005,7480.3,21856.5
CHL,Chile,2006,9318.7,22392.5
CHL,Chile,2007,10346.4,22151.4
CHL,Chile,2008,10683.2,21931.6
CHL,Chile,2009,10098.8,20833.5
CHL,Chile,2010,12632.9,21182.6
CHL,Chile,2011,14487.4,22228.9
CHL,Chile,2012,15241.9,22989.0
CHL,Chile,2013,15683.5,23393.4
CHL,Chile,2014,14529.7,22924.9
CHL,Chile,2015,13433.9,22952.0
CHL,Chile,2016,13649.9,23753.1
CHL,Chile,2017,14879.9,24265.9
CHL,Chile,2018,15659.5,24785.5
CHL,Chile,2019,14496.9,24689.3
CHL,Chile,2020,13118.0,22842.7
CHL,Chile,2021,16216.2,24509.1
CHL,Chile,2022,15399.1,25750.8
CHL,Chile,2023,17081.5,25306.4
CHN,China,2000,969.2,9294.6
CHN,China,2001,1065.4,9752.0
CHN,China,2002,1163.6,10553.1
CHN,China,2003,1307.0,12219.8
CHN,China,2004,1530.9,14214.8
CHN,China,2005,1777.6,16050.9
CHN,China,2006,2129.3,17486.6
CHN,China,2007,2734.7,18893.7
CHN,China,2008,3523.4,19508.2
CHN,China,2009,3898.2,20229.8
CHN,China,2010,4629.2,21497.8
CHN,China,2011,5703.8,23037.3
CHN,China,2012,6405.1,23821.6
CHN,China,2013,7147.0,24548.5
CHN,China,2014,7781.1,25021.8
CHN,China,2015,8175.3,25166.6
CHN,China,2016,8254.9,25125.6
CHN,China,2017,8979.7,25949.1
CHN,China,2018,10085.7,27068.1
CHN,China,2019,10342.9,28231.9
CHN,China,2020,10627.5,29095.9
CHN,China,2021,12887.4,30738.9
CHN,China,2022,12970.6,31235.7
CHN,China,2023,12951.2,33089.1
CIV,Cote d'Ivoire,2000,936.6,1880.6
CIV,Cote d'Ivoire,2001,924.7,1804.5
CIV,Cote d'Ivoire,2002,967.8,1715.7
CIV,Cote d'Ivoire,2003,1111.2,1482.0
CIV,Cote d'Ivoire,2004,1199.8,1587.3
CIV,Cote d'Ivoire,2005,1197.7,1768.7
CIV,Cote d'Ivoire,2006,1230.4,1450.9
CIV,Cote d'Ivoire,2007,1367.5,1503.0
CIV,Cote d'Ivoire,2008,1584.0,1622.6
CIV,Cote d'Ivoire,2009,1540.5,1522.4
CIV,Cote d'Ivoire,2010,1553.5,1568.5
CIV,Cote d'Ivoire,2011,1596.6,1407.6
CIV,Cote d'Ivoire,2012,1546.9,1713.8
CIV,Cote d'Ivoire,2013,1786.2,1887.2
CIV,Cote d'Ivoire,2014,1991.4,1930.7
CIV,Cote d'Ivoire,2015,1814.7,1909.7
CIV,Cote d'Ivoire,2016,1862.6,2114.6
CIV,Cote d'Ivoire,2017,1964.3,2008.1
CIV,Cote d'Ivoire,2018,2130.9,1962.9
CIV,Cote d'Ivoire,2019,2141.8,2037.2
CIV,Cote d'Ivoire,2020,2179.7,1930.7
CIV,Cote d'Ivoire,2021,2456.0,2239.0
CIV,Cote d'Ivoire,2022,2333.4,2579.8
CIV,Cote d'Ivoire,2023,2592.0,2691.0
CMR,Cameroon,2000,708.6,1139.8
CMR,Cameroon,2001,715.5,1092.6
CMR,Cameroon,2002,789.6,1088.2
CMR,Cameroon,2003,988.2,1122.8
CMR,Cameroon,2004,1133.4,1117.8
CMR,Cameroon,2005,1142.6,1051.9
CMR,Cameroon,2006,1191.5,1312.8
CMR,Cameroon,2007,1325.7,1277.8
CMR,Cameroon,2008,1492.1,1229.3
CMR,Cameroon,2009,1461.4,1337.6
CMR,Cameroon,2010,1398.6,1516.1
CMR,Cameroon,2011,1514.0,1562.7
CMR,Cameroon,2012,1449.1,1539.5
CMR,Cameroon,2013,1575.9,1262.0
CMR,Cameroon,2014,1649.4,1619.6
CMR,Cameroon,2015,1415.0,1584.3
CMR,Cameroon,2016,1441.7,1495.5
CMR,Cameroon,2017,1496.1,1432.6
CMR,Cameroon,2018,1610.7,1512.5
CMR,Cameroon,2019,1555.2,1426.2
CMR,Cameroon,2020,1555.6,1444.3
CMR,Cameroon,2021,1672.3,1333.1
CMR,Cameroon,2022,1604.9,1309.4
CMR,Cameroon,2023,1720.5,1189.5
COD,"Congo, Dem. Rep.",2000,377.9,187.4
COD,"Congo, Dem. Rep.",2001,142.7,172.3
COD,"Congo, Dem. Rep.",2002,162.4,178.1
COD,"Congo, Dem. Rep.",2003,161.5,188.6
COD,"Congo, Dem. Rep.",2004,180.7,208.2
COD,"Congo, Dem. Rep.",2005,214.5,229.1
COD,"Congo, Dem. Rep.",2006,255.4,246.1
COD,"Congo, Dem. Rep.",2007,294.1,245.1
COD,"Congo, Dem. Rep.",2008,352.9,223.7
COD,"Congo, Dem. Rep.",2009,280.2,201.9
COD,"Congo, Dem. Rep.",2010,352.4,238.1
COD,"Congo, Dem. Rep.",2011,372.5,267.6
COD,"Congo, Dem. Rep.",2012,409.9,263.2
COD,"Congo, Dem. Rep.",2013,460.4,328.5
COD,"Congo, Dem. Rep.",2014,489.2,405.0
COD,"Congo, Dem. Rep.",2015,495.8,280.2
COD,"Congo, Dem. Rep.",2016,459.8,231.3
COD,"Congo, Dem. Rep.",2017,431.1,238.3
COD,"Congo, Dem. Rep.",2018,518.2,279.4
COD,"Congo, Dem. Rep.",2019,504.0,253.7
COD,"Congo, Dem. Rep.",2020,486.4,285.2
COD,"Congo, Dem. Rep.",2021,595.7,310.1
COD,"Congo, Dem. Rep.",2022,687.7,313.7
COD,"Congo, Dem. Rep.",2023,660.2,321.4
COG,"Congo, Rep.",2000,1024.3,1037.0
COG,"Congo, Rep.",2001,854.6,1252.2
COG,"Congo, Rep.",2002,905.5,1061.7
COG,"Congo, Rep.",2003,1016.8,1256.7
COG,"Congo, Rep.",2004,1306.1,1309.2
COG,"Congo, Rep.",2005,1799.1,1755.2
COG,"Congo, Rep.",2006,2103.6,2043.9
COG,"Congo, Rep.",2007,2206.5,2483.4
COG,"Congo, Rep.",2008,2832.1,2739.2
COG,"Congo, Rep.",2009,2271.2,3250.7
COG,"Congo, Rep.",2010,2946.6,4277.9
COG,"Congo, Rep.",2011,3396.2,4863.5
COG,"Congo, Rep.",2012,3732.3,4794.5
COG,"Congo, Rep.",2013,3697.4,6010.3
COG,"Congo, Rep.",2014,3601.2,5573.7
COG,"Congo, Rep.",2015,2439.4,5450.2
COG,"Congo, Rep.",2016,2093.1,5064.3
COG,"Congo, Rep.",2017,2211.6,3593.7
COG,"Congo, Rep.",2018,2694.4,3369.3
COG,"Congo, Rep.",2019,2488.4,3451.5
COG,"Congo, Rep.",2020,1993.6,3723.0
COG,"Congo, Rep.",2021,2516.2,3702.0
COG,"Congo, Rep.",2022,2620.8,3897.1
COG,"Congo, Rep.",2023,2478.0,3794.9
COL,Colombia,2000,2555.0,8037.5
COL,Colombia,2001,2473.0,7979.6
COL,Colombia,2002,2428.9,7859.6
COL,Colombia,2003,2311.9,7886.8
COL,Colombia,2004,2818.6,8173.0
COL,Colombia,2005,3456.1,7935.2
COL,Colombia,2006,3789.9,9041.4
COL,Colombia,2007,4769.9,9072.9
COL,Colombia,2008,5541.8,9334.8
COL,Colombia,2009,5251.0,9120.6
COL,Colombia,2010,6398.3,9482.5
COL,Colombia,2011,7401.0,9805.6
COL,Colombia,2012,8108.6,10323.2
COL,Colombia,2013,8279.1,10509.7
COL,Colombia,2014,8187.2,10964.9
COL,Colombia,2015,6248.5,10738.8
COL,Colombia,2016,5959.8,11569.5
COL,Colombia,2017,6479.5,11535.7
COL,Colombia,2018,6817.0,11653.0
COL,Colombia,2019,6472.5,11495.9
COL,Colombia,2020,5339.7,10227.4
COL,Colombia,2021,6222.6,11053.6
COL,Colombia,2022,6680.4,12123.1
COL,Colombia,2023,7012.5,11760.2
COM,Comoros,2000,633.3,810.3
COM,Comoros,2001,681.2,828.7
COM,Comoros,2002,764.6,813.2
COM,Comoros,2003,959.7,1018.9
COM,Comoros,2004,1072.3,1095.8
COM,Comoros,2005,1105.8,1030.7
COM,Comoros,2006,1138.5,1178.4
COM,Comoros,2007,1289.7,758.2
COM,Comoros,2008,1455.0,758.1
COM,Comoros,2009,1410.3,909.8
COM,Comoros,2010,1386.6,1061.9
COM,Comoros,2011,1531.4,933.8
COM,Comoros,2012,1490.3,957.6
COM,Comoros,2013,1603.3,1122.8
COM,Comoros,2014,1615.7,980.9
COM,Comoros,2015,1329.4,1036.7
COM,Comoros,2016,1365.5,1191.7
COM,Comoros,2017,1423.9,1501.4
COM,Comoros,2018,1540.7,1068.3
COM,Comoros,2019,1519.3,1154.3
COM,Comoros,2020,1527.2,1334.6
COM,Comoros,2021,1587.7,1966.6
COM,Comoros,2022,1533.9,2068.2
COM,Comoros,2023,1723.9,1760.4
CPV,Cabo Verde,2000,1189.5,2978.8
CPV,Cabo Verde,2001,1223.3,3277.8
CPV,Cabo Verde,2002,1328.6,3513.5
CPV,Cabo Verde,2003,1718.0,3449.7
CPV,Cabo Verde,2004,1929.5,3723.3
CPV,Cabo Verde,2005,2004.1,5751.8
CPV,Cabo Verde,2006,2257.0,6039.8
CPV,Cabo Verde,2007,3324.6,6660.4
CPV,Cabo Verde,2008,3908.6,6684.7
CPV,Cabo Verde,2009,3659.7,6267.3
CPV,Cabo Verde,2010,3579.5,6674.8
CPV,Cabo Verde,2011,4002.0,7844.4
CPV,Cabo Verde,2012,3736.8,6863.9
CPV,Cabo Verde,2013,3961.0,6704.6
CPV,Cabo Verde,2014,3985.6,7229.5
CPV,Cabo Verde,2015,3415.1,7164.9
CPV,Cabo Verde,2016,3609.0,7504.7
CPV,Cabo Verde,2017,3893.1,8000.9
CPV,Cabo Verde,2018,4295.0,6599.9
CPV,Cabo Verde,2019,4380.8,7017.1
CPV,Cabo Verde,2020,3539.2,5224.5
CPV,Cabo Verde,2021,3971.4,5781.9
CPV,Cabo Verde,2022,4323.3,5886.3
CPV,Cabo Verde,2023,4794.9,5755.9
CRI,Costa Rica,2000,3812.8,7388.2
CRI,Costa Rica,2001,3985.1,7386.5
CRI,Costa Rica,2002,4067.7,7551.2
CRI,Costa Rica,2003,4173.1,7776.2
CRI,Costa Rica,2004,4431.0,7672.9
CRI,Costa Rica,2005,4703.0,8036.1
CRI,Costa Rica,2006,5256.6,8383.2
CRI,Costa Rica,2007,6137.7,8884.3
CRI,Costa Rica,2008,6937.2,8737.5
CRI,Costa Rica,2009,6832.7,8330.9
CRI,Costa Rica,2010,8265.8,8397.7
CRI,Costa Rica,2011,9276.4,8370.7
CRI,Costa Rica,2012,10127.0,8368.4
CRI,Costa Rica,2013,10803.2,8453.2
CRI,Costa Rica,2014,10911.5,8564.4
CRI,Costa Rica,2015,11714.7,8542.5
CRI,Costa Rica,2016,12091.0,8940.3
CRI,Costa Rica,2017,12317.1,9141.5
CRI,Costa Rica,2018,12620.0,9442.0
CRI,Costa Rica,2019,12951.9,9343.6
CRI,Costa Rica,2020,12475.7,8103.2
CRI,Costa Rica,2021,12962.3,8974.5
CRI,Costa Rica,2022,13971.8,9215.2
CRI,Costa Rica,2023,17140.8,9928.4
CUB,Cuba,2000,2751.4,9865.1
CUB,Cuba,2001,2843.0,9057.5
CUB,Cuba,2002,3005.2,9133.6
CUB,Cuba,2003,3202.8,9241.1
CUB,Cuba,2004,3399.2,9339.6
CUB,Cuba,2005,3786.3,9173.9
CUB,Cuba,2006,4330.0,8924.5
CUB,Cuba,2007,4807.4,9002.2
CUB,Cuba,2008,4986.1,10292.9
CUB,Cuba,2009,5089.2,10366.8
CUB,Cuba,2010,5272.3,11787.5
CUB,Cuba,2011,6104.5,10581.1
CUB,Cuba,2012,6470.8,11512.6
CUB,Cuba,2013,6828.4,11051.1
CUB,Cuba,2014,7146.7,11269.3
CUB,Cuba,2015,7727.9,11314.9
CUB,Cuba,2016,8110.6,8825.6
CUB,Cuba,2017,8610.6,9404.8
CUB,Cuba,2018,8911.5,9839.6
CUB,Cuba,2019,9232.3,9034.7
CUB,Cuba,2020,9605.3,8354.5
CYM,Cayman Islands,2006,87085.1,45294.7
CYM,Cayman Islands,2007,89888.3,52547.6
CYM,Cayman Islands,2008,89655.1,52415.6
CYM,Cayman Islands,2009,81373.6,47285.7
CYM,Cayman Islands,2010,76837.7,46205.0
CYM,Cayman Islands,2011,75281.0,47323.5
CYM,Cayman Islands,2012,75101.6,42555.2
CYM,Cayman Islands,2013,75113.7,40917.3
CYM,Cayman Islands,2014,75845.3,40569.4
CYM,Cayman Islands,2015,76379.2,41879.0
CYM,Cayman Islands,2016,77802.3,40308.8
CYM,Cayman Islands,2017,80053.9,45538.1
CYM,Cayman Islands,2018,83865.6,46780.3
CYM,Cayman Islands,2019,88254.3,50321.8
CYM,Cayman Islands,2020,82338.8,42662.5
CYM,Cayman Islands,2021,86449.7,40276.6
CYM,Cayman Islands,2022,92937.9,43463.0
CYM,Cayman Islands,2023,100065.2,48111.2
CYP,Cyprus,2000,14388.4,31932.2
CYP,Cyprus,2001,14821.4,31748.5
CYP,Cyprus,2002,16093.2,30756.7
CYP,Cyprus,2003,20252.2,32101.1
CYP,Cyprus,2004,23792.6,30680.0
CYP,Cyprus,2005,24959.3,33771.7
CYP,Cyprus,2006,26729.3,32635.8
CYP,Cyprus,2007,31244.9,32614.6
CYP,Cyprus,2008,35541.9,32863.7
CYP,Cyprus,2009,32236.5,31552.5
CYP,Cyprus,2010,31105.0,30196.2
CYP,Cyprus,2011,32485.8,29415.9
CYP,Cyprus,2012,28991.9,27119.3
CYP,Cyprus,2013,27764.7,23885.9
CYP,Cyprus,2014,26993.1,23543.2
CYP,Cyprus,2015,23088.4,23931.4
CYP,Cyprus,2016,24280.0,25654.0
CYP,Cyprus,2017,26247.5,25987.7
CYP,Cyprus,2018,29120.4,25545.8
CYP,Cyprus,2019,29227.2,25254.0
CYP,Cyprus,2020,28130.3,21717.3
CYP,Cyprus,2021,32937.8,22653.7
CYP,Cyprus,2022,33231.1,23790.7
CYP,Cyprus,2023,36623.7,23877.7
CZE,Czechia,2000,6062.9,46352.7
CZE,Czechia,2001,6669.1,47427.2
CZE,Czechia,2002,8101.3,47537.3
CZE,Czechia,2003,9852.5,50205.4
CZE,Czechia,2004,11782.6,51437.6
CZE,Czechia,2005,13442.5,50547.1
CZE,Czechia,2006,15259.1,51380.5
CZE,Czechia,2007,18452.7,50660.5
CZE,Czechia,2008,22774.7,49489.7
CZE,Czechia,2009,19817.4,47290.2
CZE,Czechia,2010,20160.4,49087.1
CZE,Czechia,2011,22049.1,47827.7
CZE,Czechia,2012,20014.0,47532.3
CZE,Czechia,2013,20260.5,46638.1
CZE,Czechia,2014,20038.4,45633.4
CZE,Czechia,2015,17931.6,44726.1
CZE,Czechia,2016,18754.0,44092.0
CZE,Czechia,2017,20913.2,46538.8
CZE,Czechia,2018,23705.9,46357.7
CZE,Czechia,2019,24062.7,45278.1
CZE,Czechia,2020,23472.9,41949.0
CZE,Czechia,2021,27696.5,44290.2
CZE,Czechia,2022,28282.2,42043.4
CZE,Czechia,2023,31761.6,38043.7
DEU,Germany,2000,23925.9,48756.9
DEU,Germany,2001,23878.4,49586.3
DEU,Germany,2002,25486.6,48882.7
DEU,Germany,2003,30711.1,48841.7
DEU,Germany,2004,34566.7,48845.9
DEU,Germany,2005,35084.4,48297.3
DEU,Germany,2006,36980.3,49722.0
DEU,Germany,2007,42350.9,47890.4
DEU,Germany,2008,46379.2,48509.8
DEU,Germany,2009,42471.9,45618.9
DEU,Germany,2010,42397.0,47595.0
DEU,Germany,2011,47631.0,45890.2
DEU,Germany,2012,44718.0,46491.4
DEU,Germany,2013,47206.8,47735.0
DEU,Germany,2014,48959.6,45596.5
DEU,Germany,2015,41929.8,46064.5
DEU,Germany,2016,42948.9,46416.7
DEU,Germany,2017,45553.9,47525.5
DEU,Germany,2018,48916.2,46125.5
DEU,Germany,2019,47656.2,44922.7
DEU,Germany,2020,47394.9,41838.7
DEU,Germany,2021,52349.2,42994.2
DEU,Germany,2022,50506.5,41094.1
DEU,Germany,2023,54776.8,37598.5
DJI,Djibouti,2000,737.6,4728.5
DJI,Djibouti,2001,742.1,4564.5
DJI,Djibouti,2002,743.0,4438.2
DJI,Djibouti,2003,764.6,4502.2
DJI,Djibouti,2004,806.3,4312.2
DJI,Djibouti,2005,844.4,4014.4
DJI,Djibouti,2006,898.5,3678.7
DJI,Djibouti,2007,969.6,3747.0
DJI,Djibouti,2008,1119.2,4104.6
DJI,Djibouti,2009,1150.9,3490.8
DJI,Djibouti,2010,1213.2,3895.3
DJI,Djibouti,2011,1306.3,2885.7
DJI,Djibouti,2012,1400.2,3735.2
DJI,Djibouti,2013,2075.9,3784.9
DJI,Djibouti,2014,2214.6,4126.2
DJI,Djibouti,2015,2376.1,3576.2
DJI,Djibouti,2016,2510.4,3361.6
DJI,Djibouti,2017,2619.0,2993.3
DJI,Djibouti,2018,2718.1,2898.6
DJI,Djibouti,2019,2837.2,3235.8
DJI,Djibouti,2020,2844.9,2837.7
DJI,Djibouti,2021,3025.9,3197.4
DJI,Djibouti,2022,3133.3,2995.5
DJI,Djibouti,2023,3381.3,2999.7
DMA,Dominica,2000,4867.4,6794.6
DMA,Dominica,2001,5527.5,7494.8
DMA,Dominica,2002,5488.0,6939.5
DMA,Dominica,2003,5447.4,7858.1
DMA,Dominica,2004,5778.8,9320.4
DMA,Dominica,2005,5695.2,9073.7
DMA,Dominica,2006,6055.8,9045.5
DMA,Dominica,2007,6459.0,11245.6
DMA,Dominica,2008,6971.3,10095.8
DMA,Dominica,2009,7487.5,10169.3
DMA,Dominica,2010,7549.6,10666.6
DMA,Dominica,2011,7705.4,10466.0
DMA,Dominica,2012,7528.5,10275.3
DMA,Dominica,2013,7822.2,9915.6
DMA,Dominica,2014,8131.7,10325.7
DMA,Dominica,2015,8282.6,10921.8
DMA,Dominica,2016,8802.6,11295.8
DMA,Dominica,2017,8224.6,10885.7
DMA,Dominica,2018,9215.3,10637.6
DMA,Dominica,2019,9491.1,11137.0
DMA,Dominica,2020,7827.7,10187.7
DMA,Dominica,2021,8376.4,10379.5
DMA,Dominica,2022,9323.7,10770.7
DMA,Dominica,2023,9913.0,11349.0
DNK,Denmark,2000,30722.0,44294.8
DNK,Denmark,2001,30768.5,44266.5
DNK,Denmark,2002,33257.2,44039.6
DNK,Denmark,2003,40519.1,47347.5
DNK,Denmark,2004,46625.1,44712.3
DNK,Denmark,2005,48925.8,43106.3
DNK,Denmark,2006,52119.2,46985.7
DNK,Denmark,2007,58631.7,44565.9
DNK,Denmark,2008,64616.7,42752.5
DNK,Denmark,2009,58412.7,39978.3
DNK,Denmark,2010,58104.5,42534.7
DNK,Denmark,2011,61809.7,39666.2
DNK,Denmark,2012,58443.8,36703.6
DNK,Denmark,2013,61377.6,37700.8
DNK,Denmark,2014,62520.5,36068.6
DNK,Denmark,2015,53094.0,35007.9
DNK,Denmark,2016,54500.9,35194.6
DNK,Denmark,2017,57521.6,35208.8
DNK,Denmark,2018,61324.8,34539.8
DNK,Denmark,2019,59404.3,37285.7
DNK,Denmark,2020,60985.5,32953.0
DNK,Denmark,2021,69340.7,32756.9
DNK,Denmark,2022,67781.1,32903.9
DNK,Denmark,2023,68043.5,32816.7
DOM,Dominican Republic,2000,2831.5,9897.7
DOM,Dominican Republic,2001,2935.9,9479.2
DOM,Dominican Republic,2002,3065.6,9836.0
DOM,Dominican Republic,2003,2383.3,8811.7
DOM,Dominican Republic,2004,2451.7,7985.1
DOM,Dominican Republic,2005,3878.3,8632.5
DOM,Dominican Republic,2006,4055.1,8546.8
DOM,Dominican Republic,2007,4649.6,8700.5
DOM,Dominican Republic,2008,5023.6,8607.0
DOM,Dominican Republic,2009,4974.0,8380.9
DOM,Dominican Republic,2010,5478.6,8694.8
DOM,Dominican Republic,2011,5826.5,8425.7
DOM,Dominican Republic,2012,6013.8,9215.0
DOM,Dominican Republic,2013,6136.6,8620.2
DOM,Dominican Republic,2014,6496.5,8261.6
DOM,Dominican Republic,2015,6801.0,9146.4
DOM,Dominican Republic,2016,7160.4,9532.0
DOM,Dominican Republic,2017,7412.7,9189.0
DOM,Dominican Republic,2018,7883.0,10077.0
DOM,Dominican Republic,2019,8183.0,11143.8
DOM,Dominican Republic,2020,7135.2,9056.9
DOM,Dominican Republic,2021,8527.1,10685.7
DOM,Dominican Republic,2022,10104.2,11823.1
DOM,Dominican Republic,2023,10630.4,11660.2
DZA,Algeria,2000,1772.9,9705.8
DZA,Algeria,2001,1896.3,9920.2
DZA,Algeria,2002,1937.5,10139.9
DZA,Algeria,2003,2283.8,10471.3
DZA,Algeria,2004,2817.0,10720.1
DZA,Algeria,2005,3233.1,11062.5
DZA,Algeria,2006,3660.7,11278.4
DZA,Algeria,2007,4167.5,11689.0
DZA,Algeria,2008,5180.9,12165.2
DZA,Algeria,2009,4235.4,12647.3
DZA,Algeria,2010,4912.8,12130.9
DZA,Algeria,2011,5916.3,12586.6
DZA,Algeria,2012,6033.6,13485.4
DZA,Algeria,2013,5979.6,13978.6
DZA,Algeria,2014,6094.7,14937.2
DZA,Algeria,2015,4685.1,15430.4
DZA,Algeria,2016,4425.0,15103.7
DZA,Algeria,2017,4554.7,14962.9
DZA,Algeria,2018,4577.2,15753.9
DZA,Algeria,2019,4468.5,16037.8
DZA,Algeria,2020,3743.5,14733.6
DZA,Algeria,2021,4160.6,15809.0
DZA,Algeria,2022,4960.3,16145.3
DZA,Algeria,2023,5370.5,16994.4
ECU,Ecuador,2000,1382.2,8206.1
ECU,Ecuador,2001,1791.3,8170.2
ECU,Ecuador,2002,2059.2,7924.0
ECU,Ecuador,2003,2315.6,7972.3
ECU,Ecuador,2004,2586.2,8381.1
ECU,Ecuador,2005,2909.0,8719.0
ECU,Ecuador,2006,3243.7,9064.6
ECU,Ecuador,2007,3478.9,9369.4
ECU,Ecuador,2008,4194.8,9830.7
ECU,Ecuador,2009,4053.4,9429.8
ECU,Ecuador,2010,4520.3,10293.6
ECU,Ecuador,2011,5153.7,10742.6
ECU,Ecuador,2012,5634.1,11169.5
ECU,Ecuador,2013,6109.3,11356.2
ECU,Ecuador,2014,6405.8,11759.4
ECU,Ecuador,2015,5976.2,11560.5
ECU,Ecuador,2016,5917.6,11354.3
ECU,Ecuador,2017,6233.3,11641.7
ECU,Ecuador,2018,6303.9,12104.7
ECU,Ecuador,2019,6205.1,12187.6
ECU,Ecuador,2020,5463.6,10421.9
ECU,Ecuador,2021,6061.3,12023.0
ECU,Ecuador,2022,6515.6,12495.5
ECU,Ecuador,2023,6718.1,12916.2
EGY,"Egypt, Arab Rep.",2000,1366.1,7779.3
EGY,"Egypt, Arab Rep.",2001,1295.1,7947.7
EGY,"Egypt, Arab Rep.",2002,1116.8,8004.3
EGY,"Egypt, Arab Rep.",2003,1031.3,8297.5
EGY,"Egypt, Arab Rep.",2004,991.3,8581.7
EGY,"Egypt, Arab Rep.",2005,1105.5,8624.0
EGY,"Egypt, Arab Rep.",2006,1299.0,8907.4
EGY,"Egypt, Arab Rep.",2007,1547.7,9309.6
EGY,"Egypt, Arab Rep.",2008,1896.2,9687.8
EGY,"Egypt, Arab Rep.",2009,2161.6,9847.5
EGY,"Egypt, Arab Rep.",2010,2455.1,10035.3
EGY,"Egypt, Arab Rep.",2011,2590.6,10336.4
EGY,"Egypt, Arab Rep.",2012,2996.1,10518.4
EGY,"Egypt, Arab Rep.",2013,3025.5,10209.1
EGY,"Egypt, Arab Rep.",2014,3133.4,9863.5
EGY,"Egypt, Arab Rep.",2015,3307.0,9800.5
EGY,"Egypt, Arab Rep.",2016,3270.6,10135.9
EGY,"Egypt, Arab Rep.",2017,2395.1,10325.8
EGY,"Egypt, Arab Rep.",2018,2484.7,10137.4
EGY,"Egypt, Arab Rep.",2019,2963.0,9749.4
EGY,"Egypt, Arab Rep.",2020,3511.1,9028.1
EGY,"Egypt, Arab Rep.",2021,3827.4,9564.9
EGY,"Egypt, Arab Rep.",2022,4233.3,9857.6
EGY,"Egypt, Arab Rep.",2023,3456.8,9566.2
ERI,Eritrea,2000,314.4,1155.9
ERI,Eritrea,2001,325.4,1230.7
ERI,Eritrea,2002,304.8,1084.1
ERI,Eritrea,2003,349.0,1247.0
ERI,Eritrea,2004,426.8,1303.5
ERI,Eritrea,2005,412.8,1273.5
ERI,Eritrea,2006,448.0,861.3
ERI,Eritrea,2007,480.4,871.7
ERI,Eritrea,2008,490.1,605.0
ERI,Eritrea,2009,642.9,713.4
ERI,Eritrea,2010,539.7,697.4
ERI,Eritrea,2011,688.7,698.0
ESP,Spain,2000,14743.3,37185.7
ESP,Spain,2001,15368.2,38478.7
ESP,Spain,2002,17111.1,38668.4
ESP,Spain,2003,21522.0,39871.1
ESP,Spain,2004,24925.0,40348.7
ESP,Spain,2005,26451.0,40272.4
ESP,Spain,2006,28421.7,39893.7
ESP,Spain,2007,32652.0,40170.2
ESP,Spain,2008,35603.2,38382.0
ESP,Spain,2009,32279.8,35426.0
ESP,Spain,2010,30658.7,36130.0
ESP,Spain,2011,31824.6,35349.5
ESP,Spain,2012,28456.4,35039.8
ESP,Spain,2013,29228.8,33685.8
ESP,Spain,2014,29707.8,33266.5
ESP,Spain,2015,25982.4,33697.9
ESP,Spain,2016,26755.6,33871.6
ESP,Spain,2017,28381.3,34181.6
ESP,Spain,2018,30602.4,34584.3
ESP,Spain,2019,29786.5,33390.3
ESP,Spain,2020,27233.9,29844.3
ESP,Spain,2021,30799.5,32091.3
ESP,Spain,2022,30319.5,33289.1
ESP,Spain,2023,33493.2,32761.0
EST,Estonia,2000,4070.6,39725.3
EST,Estonia,2001,4502.7,41670.4
EST,Estonia,2002,5343.2,41761.3
EST,Estonia,2003,7205.4,45822.4
EST,Estonia,2004,8916.1,47044.4
EST,Estonia,2005,10414.6,47580.2
EST,Estonia,2006,12641.5,47279.7
EST,Estonia,2007,16745.4,55004.9
EST,Estonia,2008,18205.9,50749.5
EST,Estonia,2009,14712.4,44006.0
EST,Estonia,2010,14663.7,54937.6
EST,Estonia,2011,17555.5,54968.1
EST,Estonia,2012,17568.2,55562.6
EST,Estonia,2013,19310.4,58777.0
EST,Estonia,2014,20581.8,56419.9
EST,Estonia,2015,17722.2,52204.1
EST,Estonia,2016,18666.4,53777.4
EST,Estonia,2017,20851.5,59573.9
EST,Estonia,2018,23618.1,58911.2
EST,Estonia,2019,24021.3,47301.5
EST,Estonia,2020,23934.0,44171.2
EST,Estonia,2021,27951.2,46137.7
EST,Estonia,2022,28340.4,46890.3
EST,Estonia,2023,30264.0,41162.7
ETH,Ethiopia,2000,122.3,238.0
ETH,Ethiopia,2001,118.5,245.0
ETH,Ethiopia,2002,109.6,246.0
ETH,Ethiopia,2003,116.8,256.4
ETH,Ethiopia,2004,133.2,264.9
ETH,Ethiopia,2005,158.2,297.3
ETH,Ethiopia,2006,189.3,313.9
ETH,Ethiopia,2007,237.1,342.7
ETH,Ethiopia,2008,316.4,354.0
ETH,Ethiopia,2009,368.6,354.2
ETH,Ethiopia,2010,330.6,360.9
ETH,Ethiopia,2011,343.0,383.2
ETH,Ethiopia,2012,452.1,408.9
ETH,Ethiopia,2013,484.0,466.5
ETH,Ethiopia,2014,550.0,521.4
ETH,Ethiopia,2015,597.9,533.2
ETH,Ethiopia,2016,641.7,597.7
ETH,Ethiopia,2017,696.3,581.1
ETH,Ethiopia,2018,739.7,614.4
ETH,Ethiopia,2019,793.5,688.2
ETH,Ethiopia,2020,829.8,578.0
ETH,Ethiopia,2021,893.0,636.5
ETH,Ethiopia,2022,982.1,651.3
ETH,Ethiopia,2023,1055.8,686.2
FIN,Finland,2000,24335.9,69377.1
FIN,Finland,2001,24965.2,70720.1
FIN,Finland,2002,26989.4,70909.5
FIN,Finland,2003,32920.1,75758.9
FIN,Finland,2004,37768.1,75218.6
FIN,Finland,2005,39049.9,68155.2
FIN,Finland,2006,41214.0,72824.6
FIN,Finland,2007,48473.0,72265.7
FIN,Finland,2008,53769.5,69352.4
FIN,Finland,2009,47478.3,63925.3
FIN,Finland,2010,46506.3,69227.4
FIN,Finland,2011,51060.3,64942.0
FIN,Finland,2012,47551.7,62885.1
FIN,Finland,2013,49691.0,62841.9
FIN,Finland,2014,50073.8,60388.5
FIN,Finland,2015,42560.3,60020.1
FIN,Finland,2016,43451.3,60792.5
FIN,Finland,2017,46085.0,59403.1
FIN,Finland,2018,49654.2,60525.3
FIN,Finland,2019,48358.2,59218.8
FIN,Finland,2020,48828.7,56776.1
FIN,Finland,2021,53099.1,57854.7
FIN,Finland,2022,50440.6,57499.4
FIN,Finland,2023,52864.7,59655.7
FJI,Fiji,2000,1995.7,8367.8
FJI,Fiji,2001,1945.0,8554.3
FJI,Fiji,2002,2136.6,6992.0
FJI,Fiji,2003,2655.6,7978.9
FJI,Fiji,2004,3097.2,10608.4
FJI,Fiji,2005,3377.7,8964.3
FJI,Fiji,2006,3455.1,9767.2
FJI,Fiji,2007,3762.7,8910.3
FJI,Fiji,2008,3899.9,6637.7
FJI,Fiji,2009,3164.1,5664.7
FJI,Fiji,2010,3449.1,8167.1
FJI,Fiji,2011,4139.6,6010.8
FJI,Fiji,2012,4341.4,5984.6
FJI,Fiji,2013,4572.4,6535.2
FJI,Fiji,2014,5293.4,7192.6
FJI,Fiji,2015,5097.5,8396.5
FJI,Fiji,2016,5363.8,8567.1
FJI,Fiji,2017,5826.8,8747.1
FJI,Fiji,2018,6085.4,9598.9
FJI,Fiji,2019,5842.1,9839.5
FJI,Fiji,2020,4620.6,7372.4
FJI,Fiji,2021,4536.7,6450.6
FJI,Fiji,2022,5414.1,8510.4
FJI,Fiji,2023,5926.2,10733.7
FRA,France,2000,22340.6,52416.2
FRA,France,2001,22331.8,52467.1
FRA,France,2002,24144.6,51700.0
FRA,France,2003,29479.5,51909.5
FRA,France,2004,33644.9,51983.9
FRA,France,2005,34696.4,51181.8
FRA,France,2006,36431.6,50426.1
FRA,France,2007,41486.2,49265.9
FRA,France,2008,45464.8,49137.2
FRA,France,2009,41728.1,46095.3
FRA,France,2010,40694.8,47325.1
FRA,France,2011,43929.8,45465.8
FRA,France,2012,40863.6,45190.9
FRA,France,2013,42669.2,45428.7
FRA,France,2014,43148.0,43247.4
FRA,France,2015,36702.4,43493.3
FRA,France,2016,37024.2,42506.2
FRA,France,2017,38687.2,42218.6
FRA,France,2018,41418.2,42589.3
FRA,France,2019,40408.3,41554.4
FRA,France,2020,39169.9,37087.6
FRA,France,2021,43725.1,39307.2
FRA,France,2022,40988.6,34796.0
FRA,France,2023,44700.1,36221.5
FRO,Faroe Islands,2000,23322.8,66991.6
FRO,Faroe Islands,2001,24879.8,73115.4
FRO,Faroe Islands,2002,26937.7,69818.1
FRO,Faroe Islands,2003,31269.6,69047.7
FRO,Faroe Islands,2004,35647.5,69676.7
FRO,Faroe Islands,2005,36389.1,67423.7
FRO,Faroe Islands,2006,41743.7,66438.4
FRO,Faroe Islands,2007,48348.7,69226.2
FRO,Faroe Islands,2008,51287.9,64121.3
FRO,Faroe Islands,2009,47060.2,59341.2
FRO,Faroe Islands,2010,47924.1,63168.4
FRO,Faroe Islands,2011,51620.1,59551.4
FRO,Faroe Islands,2012,50263.0,60721.0
FRO,Faroe Islands,2013,55759.4,66176.4
FRO,Faroe Islands,2014,60173.3,59955.4
FRO,Faroe Islands,2015,52638.3,63065.3
FRO,Faroe Islands,2016,56876.4,63143.9
FRO,Faroe Islands,2017,59388.5,70292.4
FRO,Faroe Islands,2018,62525.3,71303.8
FRO,Faroe Islands,2019,63070.7,65248.8
FRO,Faroe Islands,2020,62247.9,68202.6
FRO,Faroe Islands,2021,69421.7,69850.2
FRO,Faroe Islands,2022,67069.4,64506.1
FRO,Faroe Islands,2023,72486.7,65446.0
FSM,"Micronesia, Fed. Sts.",2000,2049.3,4693.7
FSM,"Micronesia, Fed. Sts.",2001,2103.7,5317.9
FSM,"Micronesia, Fed. Sts.",2002,2113.5,4942.7
FSM,"Micronesia, Fed. Sts.",2003,2145.9,5338.6
FSM,"Micronesia, Fed. Sts.",2004,2104.4,5153.9
FSM,"Micronesia, Fed. Sts.",2005,2217.0,4418.7
FSM,"Micronesia, Fed. Sts.",2006,2257.8,4578.7
FSM,"Micronesia, Fed. Sts.",2007,2302.5,5145.3
FSM,"Micronesia, Fed. Sts.",2008,2395.9,4518.1
FSM,"Micronesia, Fed. Sts.",2009,2565.8,6295.4
FSM,"Micronesia, Fed. Sts.",2010,2715.3,4416.8
FSM,"Micronesia, Fed. Sts.",2011,2859.8,5095.0
FSM,"Micronesia, Fed. Sts.",2012,3003.1,5662.9
FSM,"Micronesia, Fed. Sts.",2013,2904.2,5951.2
FSM,"Micronesia, Fed. Sts.",2014,2915.2,6217.4
FSM,"Micronesia, Fed. Sts.",2015,2869.9,6516.5
FSM,"Micronesia, Fed. Sts.",2016,2997.9,6870.5
FSM,"Micronesia, Fed. Sts.",2017,3297.4,6916.5
FSM,"Micronesia, Fed. Sts.",2018,3584.8,6183.8
FSM,"Micronesia, Fed. Sts.",2019,3581.7,6184.9
FSM,"Micronesia, Fed. Sts.",2020,3362.0,6090.2
FSM,"Micronesia, Fed. Sts.",2021,3508.2,5979.9
FSM,"Micronesia, Fed. Sts.",2022,3703.7,6059.9
FSM,"Micronesia, Fed. Sts.",2023,3933.0,6079.9
GAB,Gabon,2000,3982.9,7757.8
GAB,Gabon,2001,3835.8,8111.2
GAB,Gabon,2002,3966.5,7863.2
GAB,Gabon,2003,4710.7,7451.3
GAB,Gabon,2004,5465.8,7436.6
GAB,Gabon,2005,6547.9,7925.0
GAB,Gabon,2006,6847.0,7758.8
GAB,Gabon,2007,8003.5,7646.2
GAB,Gabon,2008,9688.6,7470.0
GAB,Gabon,2009,7290.6,7094.4
GAB,Gabon,2010,8356.7,8195.3
GAB,Gabon,2011,10219.1,8191.3
GAB,Gabon,2012,9297.0,10072.7
GAB,Gabon,2013,9197.7,9807.2
GAB,Gabon,2014,9201.4,10070.4
GAB,Gabon,2015,7047.1,9274.1
GAB,Gabon,2016,6677.1,8849.8
GAB,Gabon,2017,6921.7,9252.1
GAB,Gabon,2018,7624.3,7534.5
GAB,Gabon,2019,7441.2,7261.9
GAB,Gabon,2020,6605.8,6859.3
GAB,Gabon,2021,8181.4,6564.8
GAB,Gabon,2022,8409.2,6844.6
GAB,Gabon,2023,7802.8,6684.3
GBR,United Kingdom,2000,28383.9,45110.7
GBR,United Kingdom,2001,28013.9,45402.1
GBR,United Kingdom,2002,30158.7,44185.5
GBR,United Kingdom,2003,34556.8,44612.5
GBR,United Kingdom,2004,40504.4,44717.5
GBR,United Kingdom,2005,42240.2,44766.6
GBR,United Kingdom,2006,44695.2,43870.4
GBR,United Kingdom,2007,50629.1,42319.9
GBR,United Kingdom,2008,47652.4,41253.1
GBR,United Kingdom,2009,39009.4,38761.1
GBR,United Kingdom,2010,39778.3,39284.0
GBR,United Kingdom,2011,42295.9,36722.0
GBR,United Kingdom,2012,42688.3,37134.6
GBR,United Kingdom,2013,43607.7,37094.2
GBR,United Kingdom,2014,47747.0,34774.9
GBR,United Kingdom,2015,45256.0,34863.8
GBR,United Kingdom,2016,41258.5,34099.4
GBR,United Kingdom,2017,40918.1,33924.5
GBR,United Kingdom,2018,43704.3,33653.1
GBR,United Kingdom,2019,43160.7,32677.0
GBR,United Kingdom,2020,40815.1,29440.1
GBR,United Kingdom,2021,47695.6,29422.2
GBR,United Kingdom,2022,47034.8,29480.3
GBR,United Kingdom,2023,49919.7,28094.7
GEO,Georgia,2000,749.9,6619.6
GEO,Georgia,2001,802.0,6177.1
GEO,Georgia,2002,853.5,7386.7
GEO,Georgia,2003,1010.0,6423.0
GEO,Georgia,2004,1305.0,7060.6
GEO,Georgia,2005,1642.8,8406.7
GEO,Georgia,2006,1996.0,7841.4
GEO,Georgia,2007,2635.4,9815.2
GEO,Georgia,2008,3324.8,9738.2
GEO,Georgia,2009,2822.7,9947.3
GEO,Georgia,2010,3281.7,10140.1
GEO,Georgia,2011,4119.7,9922.7
GEO,Georgia,2012,4530.7,10914.4
GEO,Georgia,2013,4712.0,12308.2
GEO,Georgia,2014,4830.3,13072.3
GEO,Georgia,2015,4086.6,14169.7
GEO,Georgia,2016,4143.4,14855.3
GEO,Georgia,2017,4418.8,14774.4
GEO,Georgia,2018,4804.1,14901.2
GEO,Georgia,2019,4741.3,15727.6
GEO,Georgia,2020,4300.9,14982.4
GEO,Georgia,2021,5083.6,16342.0
GEO,Georgia,2022,6729.8,18080.9
GEO,Georgia,2023,8283.7,17783.2
GHA,Ghana,2000,253.7,1456.8
GHA,Ghana,2001,263.5,1418.0
GHA,Ghana,2002,297.5,1372.2
GHA,Ghana,2003,358.4,1292.5
GHA,Ghana,2004,406.1,1433.0
GHA,Ghana,2005,478.6,1418.5
GHA,Ghana,2006,906.4,1338.4
GHA,Ghana,2007,1050.1,1358.3
GHA,Ghana,2008,1182.7,1428.3
GHA,Ghana,2009,1047.7,1628.6
GHA,Ghana,2010,1263.9,1644.8
GHA,Ghana,2011,1507.4,2109.0
GHA,Ghana,2012,1543.8,2108.7
GHA,Ghana,2013,2294.8,2177.5
GHA,Ghana,2014,1949.9,2158.5
GHA,Ghana,2015,1722.8,2515.1
GHA,Ghana,2016,1912.5,2512.5
GHA,Ghana,2017,2012.3,2457.9
GHA,Ghana,2018,2195.3,2403.1
GHA,Ghana,2019,2186.7,2559.0
GHA,Ghana,2020,2195.5,2952.9
GHA,Ghana,2021,2445.2,3170.0
GHA,Ghana,2022,2229.9,3061.5
GHA,Ghana,2023,2383.9,3158.5
GIN,Guinea,2000,518.2,827.2
GIN,Guinea,2001,483.1,868.5
GIN,Guinea,2002,495.9,889.3
GIN,Guinea,2003,566.5,884.9
GIN,Guinea,2004,584.9,912.3
GIN,Guinea,2005,463.2,917.8
GIN,Guinea,2006,447.0,923.6
GIN,Guinea,2007,650.1,948.9
GIN,Guinea,2008,703.5,938.5
GIN,Guinea,2009,662.2,968.7
GIN,Guinea,2010,659.2,1101.5
GIN,Guinea,2011,636.7,1108.7
GIN,Guinea,2012,699.4,1037.6
GIN,Guinea,2013,748.5,892.7
GIN,Guinea,2014,765.1,911.5
GIN,Guinea,2015,747.4,1024.5
GIN,Guinea,2016,712.0,1114.5
GIN,Guinea,2017,833.6,1077.2
GIN,Guinea,2018,933.3,1257.4
GIN,Guinea,2019,1031.3,1416.3
GIN,Guinea,2020,1053.7,1554.8
GIN,Guinea,2021,1245.0,1529.5
GIN,Guinea,2022,1416.6,1532.4
GIN,Guinea,2023,1555.5,1484.0
GMB,"Gambia, The",2000,538.1,869.8
GMB,"Gambia, The",2001,459.8,922.1
GMB,"Gambia, The",2002,376.5,893.9
GMB,"Gambia, The",2003,308.7,870.2
GMB,"Gambia, The",2004,593.3,893.5
GMB,"Gambia, The",2005,616.5,877.0
GMB,"Gambia, The",2006,614.5,926.2
GMB,"Gambia, The",2007,724.7,932.3
GMB,"Gambia, The",2008,859.1,940.8
GMB,"Gambia, The",2009,774.9,981.0
GMB,"Gambia, The",2010,801.0,1039.4
GMB,"Gambia, The",2011,710.6,1061.1
GMB,"Gambia, The",2012,692.6,1004.8
GMB,"Gambia, The",2013,653.9,971.2
GMB,"Gambia, The",2014,568.0,1043.9
GMB,"Gambia, The",2015,619.5,1039.7
GMB,"Gambia, The",2016,650.1,1020.9
GMB,"Gambia, The",2017,642.5,1012.6
GMB,"Gambia, The",2018,696.2,805.2
GMB,"Gambia, The",2019,738.2,804.5
GMB,"Gambia, The",2020,720.3,707.1
GMB,"Gambia, The",2021,781.9,792.1
GMB,"Gambia, The",2022,836.2,796.3
GMB,"Gambia, The",2023,883.0,827.3
GNB,Guinea-Bissau,2000,316.9,807.3
GNB,Guinea-Bissau,2001,327.1,804.8
GNB,Guinea-Bissau,2002,362.0,804.4
GNB,Guinea-Bissau,2003,419.8,914.2
GNB,Guinea-Bissau,2004,431.4,924.4
GNB,Guinea-Bissau,2005,463.1,914.6
GNB,Guinea-Bissau,2006,448.5,913.1
GNB,Guinea-Bissau,2007,519.1,946.3
GNB,Guinea-Bissau,2008,640.2,898.7
GNB,Guinea-Bissau,2009,583.2,907.7
GNB,Guinea-Bissau,2010,600.2,907.7
GNB,Guinea-Bissau,2011,719.5,897.1
GNB,Guinea-Bissau,2012,635.5,890.8
GNB,Guinea-Bissau,2013,654.3,887.9
GNB,Guinea-Bissau,2014,652.0,908.4
GNB,Guinea-Bissau,2015,645.1,915.2
GNB,Guinea-Bissau,2016,679.7,929.2
GNB,Guinea-Bissau,2017,783.1,733.8
GNB,Guinea-Bissau,2018,808.5,489.6
GNB,Guinea-Bissau,2019,811.2,600.1
GNB,Guinea-Bissau,2020,846.9,697.9
GNB,Guinea-Bissau,2021,926.5,738.2
GNB,Guinea-Bissau,2022,881.6,733.9
GNB,Guinea-Bissau,2023,964.4,670.2
GNQ,Equatorial Guinea,2000,1487.3,4588.0
GNQ,Equatorial Guinea,2001,1948.6,2431.7
GNQ,Equatorial Guinea,2002,2264.2,35377.8
GNQ,Equatorial Guinea,2003,2930.6,36078.6
GNQ,Equatorial Guinea,2004,4901.3,6878.6
GNQ,Equatorial Guinea,2005,8673.9,23845.2
GNQ,Equatorial Guinea,2006,10184.9,27874.1
GNQ,Equatorial Guinea,2007,12617.0,29474.9
GNQ,Equatorial Guinea,2008,18210.6,27828.4
GNQ,Equatorial Guinea,2009,13232.5,28164.0
GNQ,Equatorial Guinea,2010,13720.2,25870.3
GNQ,Equatorial Guinea,2011,17198.2,26635.1
GNQ,Equatorial Guinea,2012,17308.6,24796.1
GNQ,Equatorial Guinea,2013,16304.1,24355.9
GNQ,Equatorial Guinea,2014,15548.7,21868.4
GNQ,Equatorial Guinea,2015,9068.9,18663.4
GNQ,Equatorial Guinea,2016,7453.2,17766.7
GNQ,Equatorial Guinea,2017,7809.1,23779.7
GNQ,Equatorial Guinea,2018,8102.5,16651.6
GNQ,Equatorial Guinea,2019,6804.1,15984.6
GNQ,Equatorial Guinea,2020,5764.1,17686.5
GNQ,Equatorial Guinea,2021,6945.6,19906.1
GNQ,Equatorial Guinea,2022,7589.3,20471.1
GNQ,Equatorial Guinea,2023,6788.4,19511.7
GRC,Greece,2000,11638.2,34597.5
GRC,Greece,2001,12157.0,34678.5
GRC,Greece,2002,13782.2,34560.2
GRC,Greece,2003,18020.6,36480.9
GRC,Greece,2004,21449.3,36377.0
GRC,Greece,2005,22054.1,36389.6
GRC,Greece,2006,24416.0,37336.8
GRC,Greece,2007,28440.8,37964.9
GRC,Greece,2008,31695.8,37157.2
GRC,Greece,2009,29425.5,35685.6
GRC,Greece,2010,26653.0,34017.9
GRC,Greece,2011,25504.8,33422.4
GRC,Greece,2012,21624.3,31615.9
GRC,Greece,2013,21573.3,29934.1
GRC,Greece,2014,21474.7,28266.4
GRC,Greece,2015,17980.7,28807.5
GRC,Greece,2016,17919.2,28489.9
GRC,Greece,2017,18632.0,29962.0
GRC,Greece,2018,19873.4,30199.5
GRC,Greece,2019,19335.4,29564.3
GRC,Greece,2020,17886.7,25885.3
GRC,Greece,2021,20652.9,28596.3
GRC,Greece,2022,20884.7,30188.2
GRC,Greece,2023,23343.7,29864.3
GRD,Grenada,2000,4839.8,8029.2
GRD,Grenada,2001,4819.5,8315.5
GRD,Grenada,2002,4984.5,8511.8
GRD,Grenada,2003,5428.0,8964.3
GRD,Grenada,2004,5480.3,8669.8
GRD,Grenada,2005,6338.6,9082.9
GRD,Grenada,2006,6344.0,9363.2
GRD,Grenada,2007,6864.5,9904.0
GRD,Grenada,2008,7448.2,10495.3
GRD,Grenada,2009,6932.6,10157.7
GRD,Grenada,2010,6909.6,10496.2
GRD,Grenada,2011,6947.4,10426.5
GRD,Grenada,2012,7092.7,10542.4
GRD,Grenada,2013,7424.8,11826.3
GRD,Grenada,2014,7986.3,9935.0
GRD,Grenada,2015,8694.1,10309.0
GRD,Grenada,2016,9221.2,10564.2
GRD,Grenada,2017,9751.4,11447.5
GRD,Grenada,2018,10083.0,12157.8
GRD,Grenada,2019,10462.8,13225.6
GRD,Grenada,2020,8968.6,11376.1
GRD,Grenada,2021,9617.3,12173.6
GRD,Grenada,2022,10469.4,12408.8
GRD,Grenada,2023,11414.5,13788.2
GRL,Greenland,2000,19009.1,46938.6
GRL,Greenland,2001,19265.5,43604.7
GRL,Greenland,2002,20658.0,41181.5
GRL,Greenland,2003,27466.6,45736.9
GRL,Greenland,2004,32031.0,43469.8
GRL,Greenland,2005,32489.7,53274.0
GRL,Greenland,2006,35457.6,48684.6
GRL,Greenland,2007,39780.9,55708.4
GRL,Greenland,2008,44366.8,48979.2
GRL,Greenland,2009,44918.8,52439.0
GRL,Greenland,2010,44277.2,67521.3
GRL,Greenland,2011,47186.9,65084.9
GRL,Greenland,2012,45937.0,52684.7
GRL,Greenland,2013,47535.5,52265.4
GRL,Greenland,2014,50485.2,47838.5
GRL,Greenland,2015,44536.4,51530.8
GRL,Greenland,2016,48181.7,51527.2
GRL,Greenland,2017,50765.7,51618.4
GRL,Greenland,2018,54545.1,46662.2
GRL,Greenland,2019,53309.2,48099.6
GRL,Greenland,2020,54812.7,46130.3
GRL,Greenland,2021,58136.0,45366.5
GRL,Greenland,2022,55635.0,48012.0
GRL,Greenland,2023,58499.0,48129.9
GTM,Guatemala,2000,1649.0,3602.2
GTM,Guatemala,2001,1537.7,3732.1
GTM,Guatemala,2002,1669.3,3725.8
GTM,Guatemala,2003,1722.5,3735.4
GTM,Guatemala,2004,1840.9,3438.8
GTM,Guatemala,2005,2046.5,3554.7
GTM,Guatemala,2006,2225.1,3682.3
GTM,Guatemala,2007,2458.8,3958.8
GTM,Guatemala,2008,2763.1,3529.4
GTM,Guatemala,2009,2611.6,3721.8
GTM,Guatemala,2010,2805.3,3625.9
GTM,Guatemala,2011,3169.0,3525.1
GTM,Guatemala,2012,3286.6,3655.4
GTM,Guatemala,2013,3444.2,3848.2
GTM,Guatemala,2014,3689.1,3989.3
GTM,Guatemala,2015,3893.5,4535.2
GTM,Guatemala,2016,4060.1,4868.0
GTM,Guatemala,2017,4325.0,4950.3
GTM,Guatemala,2018,4352.9,5012.2
GTM,Guatemala,2019,4512.0,5315.9
GTM,Guatemala,2020,4477.6,5145.1
GTM,Guatemala,2021,4912.6,5875.4
GTM,Guatemala,2022,5356.9,5372.2
GTM,Guatemala,2023,5754.4,5310.6
GUM,Guam,2002,20910.0,82897.8
GUM,Guam,2003,21877.3,69829.3
GUM,Guam,2004,23618.8,80845.3
GUM,Guam,2005,25632.0,94348.5
GUM,Guam,2006,25709.9,99214.5
GUM,Guam,2007,26605.4,71486.1
GUM,Guam,2008,28112.2,44898.6
GUM,Guam,2009,29054.1,71118.9
GUM,Guam,2010,29719.8,39643.5
GUM,Guam,2011,29926.2,29293.5
GUM,Guam,2012,31653.8,32763.6
GUM,Guam,2013,32530.8,30516.0
GUM,Guam,2014,33900.1,28813.5
GUM,Guam,2015,35165.7,31702.8
GUM,Guam,2016,35930.7,31706.4
GUM,Guam,2017,36779.0,24529.1
GUM,Guam,2018,37196.0,24740.1
GUM,Guam,2019,39274.9,24891.6
GUM,Guam,2020,36482.9,23638.8
GUM,Guam,2021,38074.9,24659.6
GUM,Guam,2022,41833.2,34932.4
GUY,Guyana,2000,931.8,8932.0
GUY,Guyana,2001,931.6,8706.0
GUY,Guyana,2002,950.9,8808.7
GUY,Guyana,2003,973.7,9105.1
GUY,Guyana,2004,1033.3,8880.4
GUY,Guyana,2005,1084.1,8049.3
GUY,Guyana,2006,3135.6,7209.9
GUY,Guyana,2007,3608.3,8971.6
GUY,Guyana,2008,4009.0,8550.1
GUY,Guyana,2009,4209.1,8835.0
GUY,Guyana,2010,4581.8,9674.2
GUY,Guyana,2011,4947.2,10104.5
GUY,Guyana,2012,5444.4,11371.5
GUY,Guyana,2013,5556.9,11009.9
GUY,Guyana,2014,5472.7,10963.7
GUY,Guyana,2015,5640.4,11120.0
GUY,Guyana,2016,5870.9,12392.1
GUY,Guyana,2017,6178.7,12176.1
GUY,Guyana,2018,6048.4,12823.9
GUY,Guyana,2019,6405.8,14371.4
GUY,Guyana,2020,6775.7,13916.2
GUY,Guyana,2021,9860.9,14537.2
GUY,Guyana,2022,17913.5,17358.4
GUY,Guyana,2023,20473.7,19893.8
HKG,"Hong Kong SAR, China",2000,25756.8,29453.4
HKG,"Hong Kong SAR, China",2001,25230.4,36818.9
HKG,"Hong Kong SAR, China",2002,24665.8,35686.5
HKG,"Hong Kong SAR, China",2003,23977.2,36653.9
HKG,"Hong Kong SAR, China",2004,24928.1,40871.1
HKG,"Hong Kong SAR, China",2005,26649.6,39095.5
HKG,"Hong Kong SAR, China",2006,28224.1,41227.6
HKG,"Hong Kong SAR, China",2007,30594.0,43609.2
HKG,"Hong Kong SAR, China",2008,31515.5,40288.5
HKG,"Hong Kong SAR, China",2009,30697.5,43720.0
HKG,"Hong Kong SAR, China",2010,32550.1,45225.7
HKG,"Hong Kong SAR, China",2011,35142.5,46105.6
HKG,"Hong Kong SAR, China",2012,36730.8,43950.4
HKG,"Hong Kong SAR, China",2013,38403.8,44743.0
HKG,"Hong Kong SAR, China",2014,40315.4,43337.3
HKG,"Hong Kong SAR, China",2015,42432.2,44316.2
HKG,"Hong Kong SAR, China",2016,43734.2,45228.5
HKG,"Hong Kong SAR, China",2017,46160.4,48266.8
HKG,"Hong Kong SAR, China",2018,48537.6,48663.4
HKG,"Hong Kong SAR, China",2019,48359.0,46026.3
HKG,"Hong Kong SAR, China",2020,46109.2,34437.7
HKG,"Hong Kong SAR, China",2021,49770.6,32558.4
HKG,"Hong Kong SAR, China",2022,48825.0,29120.3
HKG,"Hong Kong SAR, China",2023,50525.1,33757.8
HND,Honduras,2000,1092.6,3028.3
HND,Honduras,2001,1132.2,3388.8
HND,Honduras,2002,1132.5,3444.3
HND,Honduras,2003,1156.1,3726.0
HND,Honduras,2004,1215.1,4041.0
HND,Honduras,2005,1304.7,3841.4
HND,Honduras,2006,1425.8,3524.8
HND,Honduras,2007,1577.7,4360.9
HND,Honduras,2008,1732.5,4195.5
HND,Honduras,2009,1781.2,3863.6
HND,Honduras,2010,1893.3,3909.1
HND,Honduras,2011,2073.7,3926.4
HND,Honduras,2012,2126.0,4155.4
HND,Honduras,2013,2081.1,4132.7
HND,Honduras,2014,2179.9,4291.6
HND,Honduras,2015,2271.2,4682.7
HND,Honduras,2016,2307.3,4362.4
HND,Honduras,2017,2413.0,4448.2
HND,Honduras,2018,2464.6,4433.1
HND,Honduras,2019,2502.3,4765.9
HND,Honduras,2020,2307.6,4248.2
HND,Honduras,2021,2735.1,4825.9
HND,Honduras,2022,3003.3,4957.0
HND,Honduras,2023,3227.5,5392.5
HRV,Croatia,2000,4953.6,22318.0
HRV,Croatia,2001,5364.9,23602.4
HRV,Croatia,2002,6219.6,23601.3
HRV,Croatia,2003,8190.0,24687.1
HRV,Croatia,2004,9718.9,25647.3
HRV,Croatia,2005,10443.4,25332.9
HRV,Croatia,2006,11501.2,25012.7
HRV,Croatia,2007,13755.8,25128.8
HRV,Croatia,2008,15888.1,24999.7
HRV,Croatia,2009,14474.5,24704.3
HRV,Croatia,2010,13729.7,25171.0
HRV,Croatia,2011,14691.6,22063.1
HRV,Croatia,2012,13507.6,20565.8
HRV,Croatia,2013,14135.1,22645.9
HRV,Croatia,2014,14186.8,22753.7
HRV,Croatia,2015,12283.9,21755.7
HRV,Croatia,2016,12820.2,22901.5
HRV,Croatia,2017,13901.6,23235.8
HRV,Croatia,2018,15460.5,24388.5
HRV,Croatia,2019,15563.7,24035.4
HRV,Croatia,2020,14807.6,23110.6
HRV,Croatia,2021,17788.8,25050.2
HRV,Croatia,2022,18465.5,23846.1
HRV,Croatia,2023,22183.5,26982.5
HTI,Haiti,2000,820.6,774.7
HTI,Haiti,2001,748.8,832.1
HTI,Haiti,2002,721.0,908.5
HTI,Haiti,2003,579.0,823.1
HTI,Haiti,2004,683.2,940.1
HTI,Haiti,2005,775.8,965.7
HTI,Haiti,2006,828.8,972.6
HTI,Haiti,2007,984.6,1059.4
HTI,Haiti,2008,1094.7,1044.7
HTI,Haiti,2009,1196.9,970.7
HTI,Haiti,2010,1209.7,892.7
HTI,Haiti,2011,1312.0,940.0
HTI,Haiti,2012,1361.4,1002.8
HTI,Haiti,2013,1457.8,1055.1
HTI,Haiti,2014,1460.2,1131.3
HTI,Haiti,2015,1411.1,1275.7
HTI,Haiti,2016,1318.4,1308.6
HTI,Haiti,2017,1395.2,1271.9
HTI,Haiti,2018,1496.4,1315.8
HTI,Haiti,2019,1352.2,1203.7
HTI,Haiti,2020,1290.3,1264.6
HTI,Haiti,2021,1824.7,1322.3
HTI,Haiti,2022,1748.4,1068.6
HTI,Haiti,2023,1681.8,612.1
HUN,Hungary,2000,4629.9,27555.0
HUN,Hungary,2001,5280.9,28292.8
HUN,Hungary,2002,6658.0,27707.6
HUN,Hungary,2003,8410.1,28132.2
HUN,Hungary,2004,10291.3,28646.9
HUN,Hungary,2005,11212.2,30606.6
HUN,Hungary,2006,11478.5,30055.9
HUN,Hungary,2007,13934.6,29707.3
HUN,Hungary,2008,15762.6,29340.8
HUN,Hungary,2009,13051.2,27265.1
HUN,Hungary,2010,13189.8,27840.8
HUN,Hungary,2011,14211.5,27090.9
HUN,Hungary,2012,12950.2,25322.7
HUN,Hungary,2013,13739.5,24070.5
HUN,Hungary,2014,14352.5,24158.2
HUN,Hungary,2015,12782.9,25514.2
HUN,Hungary,2016,13215.9,26042.9
HUN,Hungary,2017,14736.2,27519.3
HUN,Hungary,2018,16605.1,27746.2
HUN,Hungary,2019,17012.9,28135.4
HUN,Hungary,2020,16386.9,27727.4
HUN,Hungary,2021,19030.6,29250.4
HUN,Hungary,2022,18428.0,27575.2
HUN,Hungary,2023,22208.7,26357.8
IDN,Indonesia,2000,763.7,5387.9
IDN,Indonesia,2001,732.3,5690.1
IDN,Indonesia,2002,881.0,5768.1
IDN,Indonesia,2003,1043.2,6183.9
IDN,Indonesia,2004,1126.8,6040.2
IDN,Indonesia,2005,1238.2,6137.1
IDN,Indonesia,2006,1558.3,6159.9
IDN,Indonesia,2007,1823.2,6524.4
IDN,Indonesia,2008,2124.6,6514.8
IDN,Indonesia,2009,2218.5,6608.3
IDN,Indonesia,2010,3065.7,7062.3
IDN,Indonesia,2011,3579.5,7366.0
IDN,Indonesia,2012,3632.3,7665.8
IDN,Indonesia,2013,3566.6,7131.1
IDN,Indonesia,2014,3441.1,7171.9
IDN,Indonesia,2015,3288.2,7244.0
IDN,Indonesia,2016,3521.5,7120.3
IDN,Indonesia,2017,3798.9,7569.6
IDN,Indonesia,2018,3861.0,7896.1
IDN,Indonesia,2019,4106.9,8271.7
IDN,Indonesia,2020,3853.7,7700.9
IDN,Indonesia,2021,4287.2,7937.2
IDN,Indonesia,2022,4730.8,9859.9
IDN,Indonesia,2023,4876.3,9904.8
IND,India,2000,442.8,3521.4
IND,India,2001,450.4,3470.5
IND,India,2002,469.1,3526.6
IND,India,2003,544.1,3589.5
IND,India,2004,624.3,3831.6
IND,India,2005,710.5,3991.1
IND,India,2006,801.7,4139.3
IND,India,2007,1021.9,4425.2
IND,India,2008,992.5,4616.6
IND,India,2009,1094.9,4886.4
IND,India,2010,1347.5,5024.5
IND,India,2011,1445.5,5222.7
IND,India,2012,1429.3,5425.8
IND,India,2013,1432.8,5527.8
IND,India,2014,1553.9,5831.6
IND,India,2015,1584.0,5943.0
IND,India,2016,1707.5,6148.2
IND,India,2017,1950.1,6304.3
IND,India,2018,1966.3,6593.2
IND,India,2019,2041.4,6682.1
IND,India,2020,1907.0,6268.4
IND,India,2021,2239.6,6749.4
IND,India,2022,2280.0,7057.2
IND,India,2023,2434.4,7529.4
IRL,Ireland,2000,26334.6,45587.1
IRL,Ireland,2001,28282.4,47416.1
IRL,Ireland,2002,32705.4,46164.4
IRL,Ireland,2003,41203.5,44291.9
IRL,Ireland,2004,47754.2,44357.8
IRL,Ireland,2005,50933.0,45285.5
IRL,Ireland,2006,54329.2,45515.3
IRL,Ireland,2007,61396.4,44912.6
IRL,Ireland,2008,61353.1,43776.1
IRL,Ireland,2009,52133.1,38954.8
IRL,Ireland,2010,48624.0,39108.8
IRL,Ireland,2011,52613.9,37178.3
IRL,Ireland,2012,49335.8,36405.1
IRL,Ireland,2013,52537.6,35677.5
IRL,Ireland,2014,57214.5,35325.2
IRL,Ireland,2015,64250.1,36983.1
IRL,Ireland,2016,64129.6,38268.5
IRL,Ireland,2017,72161.4,37987.6
IRL,Ireland,2018,80804.1,38348.0
IRL,Ireland,2019,81827.7,38065.6
IRL,Ireland,2020,86514.1,35439.9
IRL,Ireland,2021,103783.4,35773.0
IRL,Ireland,2022,105190.7,36487.5
IRL,Ireland,2023,106818.9,34725.5
IRN,"Iran, Islamic Rep.",2000,1650.0,21026.7
IRN,"Iran, Islamic Rep.",2001,1881.0,22121.5
IRN,"Iran, Islamic Rep.",2002,1891.3,23913.2
IRN,"Iran, Islamic Rep.",2003,2209.0,24083.3
IRN,"Iran, Islamic Rep.",2004,2672.4,26075.3
IRN,"Iran, Islamic Rep.",2005,3132.1,27013.0
IRN,"Iran, Islamic Rep.",2006,3618.9,28889.4
IRN,"Iran, Islamic Rep.",2007,4688.0,30213.3
IRN,"Iran, Islamic Rep.",2008,5377.4,30767.3
IRN,"Iran, Islamic Rep.",2009,5415.5,31119.0
IRN,"Iran, Islamic Rep.",2010,6291.2,31753.6
IRN,"Iran, Islamic Rep.",2011,8025.7,32584.8
IRN,"Iran, Islamic Rep.",2012,8114.1,32428.1
IRN,"Iran, Islamic Rep.",2013,6222.7,33255.7
IRN,"Iran, Islamic Rep.",2014,5672.1,34196.2
IRN,"Iran, Islamic Rep.",2015,4952.7,33441.3
IRN,"Iran, Islamic Rep.",2016,5710.6,34845.2
IRN,"Iran, Islamic Rep.",2017,6000.9,35561.8
IRN,"Iran, Islamic Rep.",2018,4783.0,36251.9
IRN,"Iran, Islamic Rep.",2019,3997.5,37875.2
IRN,"Iran, Islamic Rep.",2020,3202.5,39001.8
IRN,"Iran, Islamic Rep.",2021,4605.1,38159.3
IRN,"Iran, Islamic Rep.",2022,4721.2,38985.2
IRN,"Iran, Islamic Rep.",2023,5049.3,39688.3
IRQ,Iraq,2000,1980.2,13208.8
IRQ,Iraq,2001,1435.7,14302.6
IRQ,Iraq,2002,1266.2,13171.3
IRQ,Iraq,2003,817.9,11343.0
IRQ,Iraq,2004,1328.4,11821.4
IRQ,Iraq,2005,1762.4,10851.6
IRQ,Iraq,2006,2276.6,10470.6
IRQ,Iraq,2007,3129.0,10642.6
IRQ,Iraq,2008,4543.0,11938.8
IRQ,Iraq,2009,3714.7,11294.1
IRQ,Iraq,2010,4461.8,12635.3
IRQ,Iraq,2011,5775.5,12595.8
IRQ,Iraq,2012,6477.6,13112.6
IRQ,Iraq,2013,6650.4,13759.1
IRQ,Iraq,2014,6249.4,13055.9
IRQ,Iraq,2015,4440.1,12548.3
IRQ,Iraq,2016,4334.4,13119.0
IRQ,Iraq,2017,4759.3,15213.6
IRQ,Iraq,2018,5646.7,15464.5
IRQ,Iraq,2019,5671.9,16212.4
IRQ,Iraq,2020,4295.2,14121.9
IRQ,Iraq,2021,4868.5,14358.4
IRQ,Iraq,2022,6520.7,15429.9
IRQ,Iraq,2023,5965.3,15925.6
ISL,Iceland,2000,32503.6,118131.7
ISL,Iceland,2001,29208.2,117870.2
ISL,Iceland,2002,32749.4,121384.8
ISL,Iceland,2003,39944.2,121148.0
ISL,Iceland,2004,47809.6,122464.9
ISL,Iceland,2005,57783.8,120949.8
ISL,Iceland,2006,58172.1,129596.8
ISL,Iceland,2007,70483.0,144452.8
ISL,Iceland,2008,57489.3,177787.0
ISL,Iceland,2009,41483.8,176872.8
ISL,Iceland,2010,43776.5,177223.7
ISL,Iceland,2011,48255.0,176654.9
ISL,Iceland,2012,46595.0,177335.0
ISL,Iceland,2013,50173.3,181285.4
ISL,Iceland,2014,55140.4,179012.8
ISL,Iceland,2015,53505.7,184937.6
ISL,Iceland,2016,62854.1,183095.9
ISL,Iceland,2017,72976.4,187012.2
ISL,Iceland,2018,75633.9,188342.6
ISL,Iceland,2019,69296.3,175565.7
ISL,Iceland,2020,60127.9,158421.7
ISL,Iceland,2021,70425.4,162740.0
ISL,Iceland,2022,76377.0,167531.6
ISL,Iceland,2023,82201.3,165312.7
ISR,Israel,2000,21690.2,37205.7
ISR,Israel,2001,20948.8,36296.1
ISR,Israel,2002,19058.7,36285.7
ISR,Israel,2003,19624.0,36728.1
ISR,Israel,2004,20550.1,36808.2
ISR,Israel,2005,21261.7,36361.7
ISR,Israel,2006,22499.8,35937.8
ISR,Israel,2007,25688.9,36637.2
ISR,Israel,2008,30231.0,37052.3
ISR,Israel,2009,28469.7,35380.6
ISR,Israel,2010,31398.9,36127.6
ISR,Israel,2011,34476.7,36147.9
ISR,Israel,2012,33268.7,37162.9
ISR,Israel,2013,36980.6,34478.1
ISR,Israel,2014,38265.4,33001.9
ISR,Israel,2015,36138.1,34152.7
ISR,Israel,2016,37571.3,34174.2
ISR,Israel,2017,41013.3,34165.6
ISR,Israel,2018,42269.4,34337.2
ISR,Israel,2019,44091.9,34826.1
ISR,Israel,2020,44590.8,32400.4
ISR,Israel,2021,52258.5,32656.5
ISR,Israel,2022,54947.2,33816.7
ISR,Israel,2023,52126.4,30723.9
ITA,Italy,2000,20190.0,36668.4
ITA,Italy,2001,20570.4,36587.2
ITA,Italy,2002,22451.4,36598.1
ITA,Italy,2003,27577.6,37583.4
ITA,Italy,2004,31348.2,38239.6
ITA,Italy,2005,32062.7,37986.0
ITA,Italy,2006,33537.1,37816.1
ITA,Italy,2007,37826.2,36801.3
ITA,Italy,2008,40828.6,36098.6
ITA,Italy,2009,37099.6,33300.1
ITA,Italy,2010,35856.9,34277.4
ITA,Italy,2011,38432.4,33468.0
ITA,Italy,2012,34854.4,32379.4
ITA,Italy,2013,35701.7,30716.3
ITA,Italy,2014,36028.3,29940.5
ITA,Italy,2015,30639.9,30350.1
ITA,Italy,2016,31391.6,30333.9
ITA,Italy,2017,32844.1,30594.7
ITA,Italy,2018,35062.3,30853.7
ITA,Italy,2019,33812.8,30599.5
ITA,Italy,2020,32091.5,27764.1
ITA,Italy,2021,36852.5,29887.2
ITA,Italy,2022,35653.9,29444.7
ITA,Italy,2023,39279.7,28246.6
JAM,Jamaica,2000,3453.1,16599.9
JAM,Jamaica,2001,3503.6,16758.6
JAM,Jamaica,2002,3680.6,16495.2
JAM,Jamaica,2003,3549.7,17072.9
JAM,Jamaica,2004,3807.6,16572.2
JAM,Jamaica,2005,4184.4,16972.5
JAM,Jamaica,2006,4417.0,19292.9
JAM,Jamaica,2007,4716.5,19579.2
JAM,Jamaica,2008,5029.8,16516.6
JAM,Jamaica,2009,4428.4,13012.7
JAM,Jamaica,2010,4810.0,11906.1
JAM,Jamaica,2011,5232.6,12538.9
JAM,Jamaica,2012,5340.8,11726.5
JAM,Jamaica,2013,5124.2,12705.9
JAM,Jamaica,2014,4975.1,12441.4
JAM,Jamaica,2015,5339.3,12817.1
JAM,Jamaica,2016,5302.3,13239.6
JAM,Jamaica,2017,5605.4,11680.2
JAM,Jamaica,2018,5976.9,13204.3
JAM,Jamaica,2019,6030.7,14605.6
JAM,Jamaica,2020,5299.0,10215.1
JAM,Jamaica,2021,5625.7,11208.7
JAM,Jamaica,2022,6626.5,11773.9
JAM,Jamaica,2023,7542.4,12950.9
JOR,Jordan,2000,1570.6,12299.4
JOR,Jordan,2001,1632.3,11567.2
JOR,Jordan,2002,1706.3,11879.5
JOR,Jordan,2003,1775.7,12693.7
JOR,Jordan,2004,1940.1,13459.6
JOR,Jordan,2005,2087.9,14255.9
JOR,Jordan,2006,2342.6,13830.3
JOR,Jordan,2007,2506.2,12519.0
JOR,Jordan,2008,3669.8,11778.2
JOR,Jordan,2009,3845.3,11990.0
JOR,Jordan,2010,4139.0,12214.3
JOR,Jordan,2011,4363.4,12479.0
JOR,Jordan,2012,4593.8,13055.9
JOR,Jordan,2013,4739.0,12309.0
JOR,Jordan,2014,4610.6,11480.6
JOR,Jordan,2015,4441.6,11395.7
JOR,Jordan,2016,4366.1,11480.5
JOR,Jordan,2017,4449.3,11529.9
JOR,Jordan,2018,4534.0,10871.1
JOR,Jordan,2019,4557.8,10452.9
JOR,Jordan,2020,4411.5,9150.6
JOR,Jordan,2021,4581.7,9497.3
JOR,Jordan,2022,4754.4,10170.1
JOR,Jordan,2023,4906.2,9430.4
JPN,Japan,2000,39752.9,49228.0
JPN,Japan,2001,34910.2,48606.8
JPN,Japan,2002,33315.9,48365.8
JPN,Japan,2003,35808.7,48271.7
JPN,Japan,2004,38677.6,48875.9
JPN,Japan,2005,38158.7,49673.8
JPN,Japan,2006,36354.4,49501.9
JPN,Japan,2007,36130.0,48993.2
JPN,Japan,2008,40294.2,48051.5
JPN,Japan,2009,41678.2,43858.5
JPN,Japan,2010,45378.1,46675.9
JPN,Japan,2011,49122.1,44260.4
JPN,Japan,2012,49626.7,43894.0
JPN,Japan,2013,41369.2,43658.5
JPN,Japan,2014,39172.8,42606.8
JPN,Japan,2015,35664.6,42138.9
JPN,Japan,2016,40215.0,41646.9
JPN,Japan,2017,39679.9,42137.6
JPN,Japan,2018,40645.5,41900.0
JPN,Japan,2019,41424.9,41086.2
JPN,Japan,2020,41099.0,38203.2
JPN,Japan,2021,41580.7,40020.2
JPN,Japan,2022,35548.3,39974.9
JPN,Japan,2023,35215.0,39064.8
KAZ,Kazakhstan,2000,1180.0,23853.0
KAZ,Kazakhstan,2001,1422.3,26720.8
KAZ,Kazakhstan,2002,1573.6,27077.5
KAZ,Kazakhstan,2003,1958.0,29509.1
KAZ,Kazakhstan,2004,2722.5,30953.8
KAZ,Kazakhstan,2005,3577.4,31602.1
KAZ,Kazakhstan,2006,5030.1,33743.2
KAZ,Kazakhstan,2007,6449.4,37084.3
KAZ,Kazakhstan,2008,8123.5,38683.3
KAZ,Kazakhstan,2009,6938.0,34236.5
KAZ,Kazakhstan,2010,8793.1,36301.1
KAZ,Kazakhstan,2011,11287.1,40666.6
KAZ,Kazakhstan,2012,12018.8,42173.2
KAZ,Kazakhstan,2013,13478.5,41671.5
KAZ,Kazakhstan,2014,12427.7,43169.0
KAZ,Kazakhstan,2015,10196.1,35163.9
KAZ,Kazakhstan,2016,7475.6,38735.7
KAZ,Kazakhstan,2017,8943.1,41010.5
KAZ,Kazakhstan,2018,9472.5,41684.3
KAZ,Kazakhstan,2019,9457.1,41578.9
KAZ,Kazakhstan,2020,8781.5,37775.0
KAZ,Kazakhstan,2021,9983.6,41644.1
KAZ,Kazakhstan,2022,11255.3,40893.4
KAZ,Kazakhstan,2023,12879.4,41624.9
KEN,Kenya,2000,414.6,1350.8
KEN,Kenya,2001,410.7,1260.5
KEN,Kenya,2002,402.9,1247.1
KEN,Kenya,2003,442.9,1111.8
KEN,Kenya,2004,463.7,1188.5
KEN,Kenya,2005,523.5,1259.6
KEN,Kenya,2006,699.8,1350.3
KEN,Kenya,2007,840.2,1309.0
KEN,Kenya,2008,915.5,1288.5
KEN,Kenya,2009,1048.0,1398.1
KEN,Kenya,2010,1091.5,1447.1
KEN,Kenya,2011,1096.1,1465.1
KEN,Kenya,2012,1285.0,1354.3
KEN,Kenya,2013,1370.9,1423.8
KEN,Kenya,2014,1482.8,1470.0
KEN,Kenya,2015,1489.1,1671.8
KEN,Kenya,2016,1554.1,1743.3
KEN,Kenya,2017,1667.5,1727.5
KEN,Kenya,2018,1836.5,1644.7
KEN,Kenya,2019,1960.4,1678.6
KEN,Kenya,2020,1927.7,1565.2
KEN,Kenya,2021,2061.4,1634.9
KEN,Kenya,2022,2109.6,1609.9
KEN,Kenya,2023,1942.6,1609.9
KGZ,Kyrgyz Republic,2000,279.6,8554.2
KGZ,Kyrgyz Republic,2001,308.4,8168.0
KGZ,Kyrgyz Republic,2002,321.7,6944.1
KGZ,Kyrgyz Republic,2003,380.5,6508.6
KGZ,Kyrgyz Republic,2004,433.2,6561.3
KGZ,Kyrgyz Republic,2005,476.5,6315.1
KGZ,Kyrgyz Republic,2006,543.1,6649.1
KGZ,Kyrgyz Republic,2007,721.8,7616.7
KGZ,Kyrgyz Republic,2008,966.4,7964.6
KGZ,Kyrgyz Republic,2009,870.2,8012.0
KGZ,Kyrgyz Republic,2010,877.0,7097.5
KGZ,Kyrgyz Republic,2011,1117.4,7469.3
KGZ,Kyrgyz Republic,2012,1168.6,9026.4
KGZ,Kyrgyz Republic,2013,1269.7,8369.9
KGZ,Kyrgyz Republic,2014,1264.5,8409.3
KGZ,Kyrgyz Republic,2015,1105.7,7766.9
KGZ,Kyrgyz Republic,2016,1103.3,7790.1
KGZ,Kyrgyz Republic,2017,1221.4,7503.8
KGZ,Kyrgyz Republic,2018,1283.5,8185.5
KGZ,Kyrgyz Republic,2019,1422.0,7083.4
KGZ,Kyrgyz Republic,2020,1229.5,6305.9
KGZ,Kyrgyz Republic,2021,1350.0,6376.4
KGZ,Kyrgyz Republic,2022,1739.7,7590.5
KGZ,Kyrgyz Republic,2023,2138.2,8018.5
KHM,Cambodia,2000,296.4,711.6
KHM,Cambodia,2001,327.5,745.0
KHM,Cambodia,2002,350.1,732.3
KHM,Cambodia,2003,386.7,782.7
KHM,Cambodia,2004,444.2,797.9
KHM,Cambodia,2005,525.8,890.3
KHM,Cambodia,2006,612.3,949.6
KHM,Cambodia,2007,731.7,1099.2
KHM,Cambodia,2008,866.3,1137.2
KHM,Cambodia,2009,875.7,1385.5
KHM,Cambodia,2010,952.3,1574.5
KHM,Cambodia,2011,1089.0,1602.3
KHM,Cambodia,2012,1192.8,1704.0
KHM,Cambodia,2013,1305.7,1725.3
KHM,Cambodia,2014,1431.6,1792.5
KHM,Cambodia,2015,1547.3,2046.0
KHM,Cambodia,2016,1675.2,2504.2
KHM,Cambodia,2017,1826.4,2612.8
KHM,Cambodia,2018,2036.7,3033.6
KHM,Cambodia,2019,2225.9,3629.6
KHM,Cambodia,2020,2081.7,3623.2
KHM,Cambodia,2021,2167.4,3779.0
KHM,Cambodia,2022,2325.0,3667.3
KHM,Cambodia,2023,2429.7,4316.1
KIR,Kiribati,2000,845.4,1640.8
KIR,Kiribati,2001,718.8,1373.5
KIR,Kiribati,2002,810.1,1970.9
KIR,Kiribati,2003,1020.5,2007.5
KIR,Kiribati,2004,1083.3,2107.5
KIR,Kiribati,2005,1161.8,2698.8
KIR,Kiribati,2006,1123.2,2943.6
KIR,Kiribati,2007,1352.6,2632.7
KIR,Kiribati,2008,1410.6,2887.0
KIR,Kiribati,2009,1316.6,2466.2
KIR,Kiribati,2010,1522.1,2402.1
KIR,Kiribati,2011,1771.1,2178.5
KIR,Kiribati,2012,1843.6,2119.4
KIR,Kiribati,2013,1772.1,2114.6
KIR,Kiribati,2014,1736.7,2094.6
KIR,Kiribati,2015,1639.9,2193.6
KIR,Kiribati,2016,1742.7,2312.0
KIR,Kiribati,2017,1854.3,2577.6
KIR,Kiribati,2018,1915.6,2569.7
KIR,Kiribati,2019,1750.2,2550.5
KIR,Kiribati,2020,1751.9,2468.4
KIR,Kiribati,2021,2223.5,2424.6
KIR,Kiribati,2022,2078.8,2414.9
KIR,Kiribati,2023,2200.7,2421.1
KNA,St. Kitts and Nevis,2000,9319.7,17035.7
KNA,St. Kitts and Nevis,2001,10022.6,17412.3
KNA,St. Kitts and Nevis,2002,10453.7,18940.2
KNA,St. Kitts and Nevis,2003,10175.6,18908.3
KNA,St. Kitts and Nevis,2004,10944.6,20389.6
KNA,St. Kitts and Nevis,2005,11783.8,18946.2
KNA,St. Kitts and Nevis,2006,13837.8,19577.3
KNA,St. Kitts and Nevis,2007,14758.0,20636.0
KNA,St. Kitts and Nevis,2008,16604.9,20558.5
KNA,St. Kitts and Nevis,2009,16503.4,21000.0
KNA,St. Kitts and Nevis,2010,16622.9,21180.3
KNA,St. Kitts and Nevis,2011,17832.5,21975.4
KNA,St. Kitts and Nevis,2012,17532.1,21692.8
KNA,St. Kitts and Nevis,2013,18580.1,21596.0
KNA,St. Kitts and Nevis,2014,20219.4,21861.3
KNA,St. Kitts and Nevis,2015,20328.8,22399.1
KNA,St. Kitts and Nevis,2016,21387.5,23007.7
KNA,St. Kitts and Nevis,2017,22465.0,23117.5
KNA,St. Kitts and Nevis,2018,22901.4,23590.6
KNA,St. Kitts and Nevis,2019,23595.5,23980.8
KNA,St. Kitts and Nevis,2020,18859.0,22395.1
KNA,St. Kitts and Nevis,2021,18361.1,22304.9
KNA,St. Kitts and Nevis,2022,21011.6,24238.5
KNA,St. Kitts and Nevis,2023,22576.9,24521.6
KOR,"Korea, Rep.",2000,12710.3,48342.1
KOR,"Korea, Rep.",2001,11981.5,49219.9
KOR,"Korea, Rep.",2002,13642.9,51178.9
KOR,"Korea, Rep.",2003,15211.5,52558.2
KOR,"Korea, Rep.",2004,17121.6,53768.1
KOR,"Korea, Rep.",2005,20167.0,55225.6
KOR,"Korea, Rep.",2006,22609.7,55951.6
KOR,"Korea, Rep.",2007,25078.5,57405.4
KOR,"Korea, Rep.",2008,22252.3,58237.0
KOR,"Korea, Rep.",2009,19937.3,58354.6
KOR,"Korea, Rep.",2010,24071.3,62667.0
KOR,"Korea, Rep.",2011,26175.2,65306.4
KOR,"Korea, Rep.",2012,26600.5,65380.5
KOR,"Korea, Rep.",2013,28449.4,64755.3
KOR,"Korea, Rep.",2014,30667.1,64690.0
KOR,"Korea, Rep.",2015,30171.8,65128.6
KOR,"Korea, Rep.",2016,30832.1,67038.7
KOR,"Korea, Rep.",2017,33297.0,67581.5
KOR,"Korea, Rep.",2018,35364.0,68987.4
KOR,"Korea, Rep.",2019,33826.9,67917.3
KOR,"Korea, Rep.",2020,33645.8,65364.6
KOR,"Korea, Rep.",2021,37518.5,68918.6
KOR,"Korea, Rep.",2022,34822.4,69899.4
KOR,"Korea, Rep.",2023,35674.1,68753.3
KWT,Kuwait,2000,19296.3,111608.1
KWT,Kuwait,2001,17374.2,109465.5
KWT,Kuwait,2002,18512.8,113044.6
KWT,Kuwait,2003,22690.7,131814.3
KWT,Kuwait,2004,27552.3,143647.5
KWT,Kuwait,2005,36122.6,152611.7
KWT,Kuwait,2006,42946.6,138972.2
KWT,Kuwait,2007,45709.4,127463.5
KWT,Kuwait,2008,55585.2,130233.8
KWT,Kuwait,2009,37907.1,125259.4
KWT,Kuwait,2010,39212.3,137603.6
KWT,Kuwait,2011,49169.6,130844.3
KWT,Kuwait,2012,52155.2,126699.7
KWT,Kuwait,2013,49651.0,127883.8
KWT,Kuwait,2014,44368.8,119275.0
KWT,Kuwait,2015,29882.2,122225.3
KWT,Kuwait,2016,27323.7,116373.0
KWT,Kuwait,2017,29047.7,112401.0
KWT,Kuwait,2018,32068.0,111575.0
KWT,Kuwait,2019,31707.9,99692.9
KWT,Kuwait,2020,25236.1,95378.4
KWT,Kuwait,2021,34018.6,107581.4
KWT,Kuwait,2022,39981.8,102111.3
KWT,Kuwait,2023,34092.0,103089.8
LAO,Lao PDR,2000,318.7,927.4
LAO,Lao PDR,2001,320.3,972.9
LAO,Lao PDR,2002,313.4,1003.5
LAO,Lao PDR,2003,355.1,1075.7
LAO,Lao PDR,2004,409.3,1096.2
LAO,Lao PDR,2005,466.1,1243.3
LAO,Lao PDR,2006,579.4,1515.8
LAO,Lao PDR,2007,697.3,1579.6
LAO,Lao PDR,2008,885.7,1728.9
LAO,Lao PDR,2009,935.0,1953.0
LAO,Lao PDR,2010,1125.9,2160.7
LAO,Lao PDR,2011,1361.5,2263.2
LAO,Lao PDR,2012,1563.6,2548.3
LAO,Lao PDR,2013,1812.5,2815.8
LAO,Lao PDR,2014,1981.0,2958.9
LAO,Lao PDR,2015,2121.0,5482.2
LAO,Lao PDR,2016,2303.2,8507.0
LAO,Lao PDR,2017,2432.4,9871.3
LAO,Lao PDR,2018,2545.1,10029.2
LAO,Lao PDR,2019,2589.3,10095.8
LAO,Lao PDR,2020,2583.8,9092.2
LAO,Lao PDR,2021,2526.1,9377.4
LAO,Lao PDR,2022,2046.4,8549.8
LAO,Lao PDR,2023,2066.9,10151.0
LBN,Lebanon,2000,3986.8,13793.7
LBN,Lebanon,2001,4009.6,14536.2
LBN,Lebanon,2002,4290.9,14182.4
LBN,Lebanon,2003,4437.7,13828.3
LBN,Lebanon,2004,4600.7,13764.0
LBN,Lebanon,2005,4602.2,12968.1
LBN,Lebanon,2006,4635.3,11933.2
LBN,Lebanon,2007,5125.3,10372.4
LBN,Lebanon,2008,5912.0,13316.9
LBN,Lebanon,2009,7090.9,16190.1
LBN,Lebanon,2010,7625.8,15401.9
LBN,Lebanon,2011,7835.0,15405.1
LBN,Lebanon,2012,8407.0,16755.3
LBN,Lebanon,2013,8162.4,15143.7
LBN,Lebanon,2014,7577.6,14433.1
LBN,Lebanon,2015,7714.1,15547.4
LBN,Lebanon,2016,8089.0,16397.0
LBN,Lebanon,2017,8608.2,17961.7
LBN,Lebanon,2018,9174.5,17403.6
LBN,Lebanon,2019,8905.9,18132.6
LBN,Lebanon,2020,5561.2,17467.4
LBN,Lebanon,2021,4045.4,14463.0
LBN,Lebanon,2022,3654.4,11560.6
LBN,Lebanon,2023,3477.7,12173.1
LBR,Liberia,2000,298.5,645.8
LBR,Liberia,2001,300.5,668.8
LBR,Liberia,2002,299.5,642.8
LBR,Liberia,2003,239.8,698.4
LBR,Liberia,2004,284.1,748.7
LBR,Liberia,2005,287.5,838.1
LBR,Liberia,2006,320.6,811.8
LBR,Liberia,2007,374.2,720.9
LBR,Liberia,2008,451.7,613.3
LBR,Liberia,2009,448.4,542.5
LBR,Liberia,2010,492.3,829.7
LBR,Liberia,2011,568.1,888.3
LBR,Liberia,2012,638.4,951.0
LBR,Liberia,2013,710.7,823.0
LBR,Liberia,2014,706.7,1061.4
LBR,Liberia,2015,692.6,1043.5
LBR,Liberia,2016,714.6,1175.5
LBR,Liberia,2017,699.3,995.3
LBR,Liberia,2018,692.2,440.8
LBR,Liberia,2019,658.2,718.3
LBR,Liberia,2020,616.8,548.4
LBR,Liberia,2021,668.0,508.5
LBR,Liberia,2022,744.6,579.4
LBR,Liberia,2023,799.2,568.1
LBY,Libya,2000,7214.1,40140.5
LBY,Libya,2001,6312.8,39725.2
LBY,Libya,2002,3718.3,40171.9
LBY,Libya,2003,4674.1,38797.0
LBY,Libya,2004,5773.8,38933.1
LBY,Libya,2005,8079.2,39424.7
LBY,Libya,2006,10048.8,35416.4
LBY,Libya,2007,11144.9,34466.8
LBY,Libya,2008,13906.1,35030.7
LBY,Libya,2009,9551.1,39264.8
LBY,Libya,2010,11600.9,40569.1
LBY,Libya,2011,7593.8,27274.7
LBY,Libya,2012,14975.9,34885.8
LBY,Libya,2013,11951.7,36775.6
LBY,Libya,2014,8926.4,35231.0
LBY,Libya,2015,7458.5,27587.3
LBY,Libya,2016,7525.8,26594.1
LBY,Libya,2017,9965.8,41165.1
LBY,Libya,2018,11196.6,38953.4
LBY,Libya,2019,9963.2,32845.7
LBY,Libya,2020,6650.3,25645.6
LBY,Libya,2021,4935.8,30892.9
LBY,Libya,2022,5986.6,31237.6
LBY,Libya,2023,6026.5,30565.0
LCA,St. Lucia,2000,5879.6,9235.7
LCA,St. Lucia,2001,5570.5,9914.1
LCA,St. Lucia,2002,5567.9,8880.0
LCA,St. Lucia,2003,6058.6,9746.1
LCA,St. Lucia,2004,6494.6,9705.4
LCA,St. Lucia,2005,6863.4,9938.1
LCA,St. Lucia,2006,7611.2,9953.0
LCA,St. Lucia,2007,7964.4,10222.3
LCA,St. Lucia,2008,8517.0,10440.9
LCA,St. Lucia,2009,8250.5,10121.0
LCA,St. Lucia,2010,8673.7,10514.0
LCA,St. Lucia,2011,9129.0,10616.0
LCA,St. Lucia,2012,9260.3,10518.8
LCA,St. Lucia,2013,9577.2,10444.2
LCA,St. Lucia,2014,10044.8,10499.4
LCA,St. Lucia,2015,10335.0,10514.7
LCA,St. Lucia,2016,10638.1,10583.1
LCA,St. Lucia,2017,11333.1,11427.6
LCA,St. Lucia,2018,11642.7,14370.9
LCA,St. Lucia,2019,11764.4,14145.4
LCA,St. Lucia,2020,8537.1,13442.0
LCA,St. Lucia,2021,10481.1,13946.9
LCA,St. Lucia,2022,12976.1,14172.2
LCA,St. Lucia,2023,13616.6,14475.0
LKA,Sri Lanka,2000,860.2,2775.4
LKA,Sri Lanka,2001,803.5,2654.7
LKA,Sri Lanka,2002,834.9,2701.7
LKA,Sri Lanka,2003,946.4,2759.8
LKA,Sri Lanka,2004,1028.6,2663.7
LKA,Sri Lanka,2005,1207.2,3056.2
LKA,Sri Lanka,2006,1388.9,3259.3
LKA,Sri Lanka,2007,1578.6,3291.0
LKA,Sri Lanka,2008,1973.6,3081.8
LKA,Sri Lanka,2009,2026.7,3105.5
LKA,Sri Lanka,2010,2808.4,3334.2
LKA,Sri Lanka,2011,3225.0,3597.4
LKA,Sri Lanka,2012,3327.8,3682.3
LKA,Sri Lanka,2013,3739.4,3708.7
LKA,Sri Lanka,2014,3972.0,3986.1
LKA,Sri Lanka,2015,4057.7,4201.6
LKA,Sri Lanka,2016,4149.2,4603.8
LKA,Sri Lanka,2017,4398.9,4832.2
LKA,Sri Lanka,2018,4358.6,5049.6
LKA,Sri Lanka,2019,4081.9,5043.8
LKA,Sri Lanka,2020,3847.6,4653.0
LKA,Sri Lanka,2021,3997.0,4795.0
LKA,Sri Lanka,2022,3342.6,4265.7
LKA,Sri Lanka,2023,3815.4,4356.6
LSO,Lesotho,2000,442.8,946.3
LSO,Lesotho,2001,412.7,961.4
LSO,Lesotho,2002,388.9,977.3
LSO,Lesotho,2003,583.3,995.7
LSO,Lesotho,2004,766.7,1040.3
LSO,Lesotho,2005,861.4,1130.0
LSO,Lesotho,2006,925.5,1175.1
LSO,Lesotho,2007,861.2,1495.3
LSO,Lesotho,2008,898.5,1270.8
LSO,Lesotho,2009,878.8,1469.5
LSO,Lesotho,2010,1119.5,1557.6
LSO,Lesotho,2011,1280.7,1505.9
LSO,Lesotho,2012,1217.9,1613.9
LSO,Lesotho,2013,1151.0,1610.6
LSO,Lesotho,2014,1173.5,1641.6
LSO,Lesotho,2015,1121.2,1577.3
LSO,Lesotho,2016,992.5,1737.0
LSO,Lesotho,2017,1069.4,1842.4
LSO,Lesotho,2018,1170.7,1771.3
LSO,Lesotho,2019,1082.1,1821.1
LSO,Lesotho,2020,918.6,1613.2
LSO,Lesotho,2021,1066.6,1755.9
LSO,Lesotho,2022,1030.1,2108.5
LSO,Lesotho,2023,921.4,1843.9
LTU,Lithuania,2000,3300.6,22425.5
LTU,Lithuania,2001,3532.5,26014.4
LTU,Lithuania,2002,4148.1,28448.0
LTU,Lithuania,2003,5507.5,29933.3
LTU,Lithuania,2004,6734.6,30611.7
LTU,Lithuania,2005,7857.0,28395.8
LTU,Lithuania,2006,9210.1,27434.3
LTU,Lithuania,2007,12295.1,30665.4
LTU,Lithuania,2008,14955.5,30585.2
LTU,Lithuania,2009,11854.4,28460.3
LTU,Lithuania,2010,11829.1,21369.9
LTU,Lithuania,2011,14261.8,22682.4
LTU,Lithuania,2012,14288.2,22966.5
LTU,Lithuania,2013,15636.5,21436.0
LTU,Lithuania,2014,16446.2,20866.4
LTU,Lithuania,2015,14269.8,22063.8
LTU,Lithuania,2016,14934.3,22908.3
LTU,Lithuania,2017,16800.2,24440.6
LTU,Lithuania,2018,19247.2,25323.8
LTU,Lithuania,2019,19608.8,25257.8
LTU,Lithuania,2020,20428.6,25143.2
LTU,Lithuania,2021,23882.9,25102.8
LTU,Lithuania,2022,24946.6,23098.2
LTU,Lithuania,2023,27983.4,24025.4
LUX,Luxembourg,2000,48659.6,85302.9
LUX,Luxembourg,2001,48440.2,90246.4
LUX,Luxembourg,2002,53005.7,97632.0
LUX,Luxembourg,2003,65689.3,101149.5
LUX,Luxembourg,2004,76544.9,112981.1
LUX,Luxembourg,2005,80988.2,112927.5
LUX,Luxembourg,2006,90788.8,109177.5
LUX,Luxembourg,2007,107475.3,104368.2
LUX,Luxembourg,2008,120422.1,101761.3
LUX,Luxembourg,2009,109419.7,95530.6
LUX,Luxembourg,2010,110886.0,98766.2
LUX,Luxembourg,2011,119025.1,94143.3
LUX,Luxembourg,2012,112584.7,90315.2
LUX,Luxembourg,2013,120000.1,84092.6
LUX,Luxembourg,2014,123678.7,79589.1
LUX,Luxembourg,2015,105462.0,75560.0
LUX,Luxembourg,2016,106899.3,72765.1
LUX,Luxembourg,2017,110193.2,74357.8
LUX,Luxembourg,2018,116926.8,76353.0
LUX,Luxembourg,2019,112696.6,76250.8
LUX,Luxembourg,2020,116860.0,64289.5
LUX,Luxembourg,2021,134965.8,67493.6
LUX,Luxembourg,2022,123719.7,59423.3
LUX,Luxembourg,2023,133230.6,56679.5
LVA,Latvia,2000,3278.2,16068.6
LVA,Latvia,2001,3504.6,17519.5
LVA,Latvia,2002,4003.6,17873.8
LVA,Latvia,2003,4914.6,17838.2
LVA,Latvia,2004,6109.7,20282.9
LVA,Latvia,2005,7283.8,21149.7
LVA,Latvia,2006,9211.7,20249.4
LVA,Latvia,2007,13371.0,21040.7
LVA,Latvia,2008,15677.6,21398.7
LVA,Latvia,2009,11996.0,20577.3
LVA,Latvia,2010,11188.4,23815.1
LVA,Latvia,2011,12902.6,21669.3
LVA,Latvia,2012,13329.3,22749.3
LVA,Latvia,2013,14484.5,22147.4
LVA,Latvia,2014,15185.8,20567.9
LVA,Latvia,2015,13322.0,21292.6
LVA,Latvia,2016,13838.5,22950.2
LVA,Latvia,2017,15132.5,25378.9
LVA,Latvia,2018,17252.2,22825.8
LVA,Latvia,2019,17295.0,23645.1
LVA,Latvia,2020,17564.2,21682.4
LVA,Latvia,2021,20261.9,22845.3
LVA,Latvia,2022,20221.1,20474.3
LVA,Latvia,2023,22710.3,21655.0
MAC,"Macao SAR, China",2000,15731.4,15780.1
MAC,"Macao SAR, China",2001,15810.7,16362.2
MAC,"Macao SAR, China",2002,16815.0,17263.0
MAC,"Macao SAR, China",2003,18589.9,17705.2
MAC,"Macao SAR, China",2004,23407.2,20296.9
MAC,"Macao SAR, China",2005,25681.2,20307.6
MAC,"Macao SAR, China",2006,29813.8,21026.6
MAC,"Macao SAR, China",2007,35400.2,20978.6
MAC,"Macao SAR, China",2008,38888.5,18332.2
MAC,"Macao SAR, China",2009,40354.3,19031.0
MAC,"Macao SAR, China",2010,52596.2,19226.9
MAC,"Macao SAR, China",2011,67046.7,18956.6
MAC,"Macao SAR, China",2012,76058.0,18773.2
MAC,"Macao SAR, China",2013,87107.8,18737.0
MAC,"Macao SAR, China",2014,88355.3,19851.9
MAC,"Macao SAR, China",2015,69903.0,20828.8
MAC,"Macao SAR, China",2016,68911.7,20759.7
MAC,"Macao SAR, China",2017,77571.0,24844.1
MAC,"Macao SAR, China",2018,83588.3,20693.6
MAC,"Macao SAR, China",2019,81882.7,21195.8
MAC,"Macao SAR, China",2020,36883.7,18887.8
MAC,"Macao SAR, China",2021,44884.9,17717.0
MAC,"Macao SAR, China",2022,36806.9,17630.8
MAC,"Macao SAR, China",2023,67216.4,18437.5
MAR,Morocco,2000,1499.1,4132.6
MAR,Morocco,2001,1506.2,4404.2
MAR,Morocco,2002,1596.0,4455.5
MAR,Morocco,2003,1941.9,4411.4
MAR,Morocco,2004,2183.6,4959.9
MAR,Morocco,2005,2243.0,5314.4
MAR,Morocco,2006,2438.1,5351.3
MAR,Morocco,2007,2755.6,5233.9
MAR,Morocco,2008,3183.2,5699.1
MAR,Morocco,2009,3119.6,5488.1
MAR,Morocco,2010,3068.0,6004.8
MAR,Morocco,2011,3302.0,6220.9
MAR,Morocco,2012,3164.2,6248.5
MAR,Morocco,2013,3379.7,6333.1
MAR,Morocco,2014,3435.4,6344.9
MAR,Morocco,2015,3146.2,6381.8
MAR,Morocco,2016,3140.9,6376.4
MAR,Morocco,2017,3296.5,6595.9
MAR,Morocco,2018,3501.7,6747.1
MAR,Morocco,2019,3508.1,7286.2
MAR,Morocco,2020,3268.0,6625.9
MAR,Morocco,2021,3785.9,7276.0
MAR,Morocco,2022,3463.1,7146.3
MAR,Morocco,2023,3813.7,7189.8
MDA,Moldova,2000,440.5,7592.8
MDA,Moldova,2001,507.4,7669.4
MDA,Moldova,2002,570.8,8402.0
MDA,Moldova,2003,682.3,9454.3
MDA,Moldova,2004,897.2,8928.0
MDA,Moldova,2005,1034.4,9927.6
MDA,Moldova,2006,1183.0,10696.1
MDA,Moldova,2007,1531.2,9459.5
MDA,Moldova,2008,2110.6,9947.7
MDA,Moldova,2009,1898.4,9140.9
MDA,Moldova,2010,2436.8,8803.4
MDA,Moldova,2011,2941.4,9124.4
MDA,Moldova,2012,3044.8,12861.7
MDA,Moldova,2013,3321.0,12900.7
MDA,Moldova,2014,3290.0,12573.0
MDA,Moldova,2015,2749.6,11441.2
MDA,Moldova,2016,2847.1,11629.3
MDA,Moldova,2017,3453.3,11930.7
MDA,Moldova,2018,4156.4,12904.7
MDA,Moldova,2019,4405.3,13260.3
MDA,Moldova,2020,4375.8,13000.6
MDA,Moldova,2021,5274.6,14503.4
MDA,Moldova,2022,5744.3,12621.7
MDA,Moldova,2023,6799.6,10312.9
MDG,Madagascar,2000,280.3,516.7
MDG,Madagascar,2001,319.3,490.9
MDG,Madagascar,2002,304.9,355.1
MDG,Madagascar,2003,352.6,450.4
MDG,Madagascar,2004,272.2,479.5
MDG,Madagascar,2005,305.8,448.1
MDG,Madagascar,2006,324.1,429.4
MDG,Madagascar,2007,419.5,441.5
MDG,Madagascar,2008,512.6,460.3
MDG,Madagascar,2009,446.3,384.6
MDG,Madagascar,2010,450.0,400.7
MDG,Madagascar,2011,506.2,445.3
MDG,Madagascar,2012,493.5,518.1
MDG,Madagascar,2013,515.3,526.9
MDG,Madagascar,2014,505.7,556.6
MDG,Madagascar,2015,445.3,597.4
MDG,Madagascar,2016,454.0,616.7
MDG,Madagascar,2017,491.9,552.9
MDG,Madagascar,2018,500.5,462.9
MDG,Madagascar,2019,499.8,551.2
MDG,Madagascar,2020,450.8,409.3
MDG,Madagascar,2021,483.5,527.3
MDG,Madagascar,2022,504.1,544.3
MDG,Madagascar,2023,514.1,518.0
MDV,Maldives,2000,2213.8,10147.5
MDV,Maldives,2001,3033.9,8367.7
MDV,Maldives,2002,3076.1,9838.5
MDV,Maldives,2003,3548.6,8413.0
MDV,Maldives,2004,4070.3,10825.3
MDV,Maldives,2005,3796.5,9640.4
MDV,Maldives,2006,5018.9,11927.2
MDV,Maldives,2007,5758.1,11941.9
MDV,Maldives,2008,6757.4,12532.4
MDV,Maldives,2009,6734.0,12852.8
MDV,Maldives,2010,7173.6,12541.0
MDV,Maldives,2011,7424.5,13086.6
MDV,Maldives,2012,7461.3,16100.8
MDV,Maldives,2013,8236.1,16418.6
MDV,Maldives,2014,8939.1,21282.6
MDV,Maldives,2015,9644.9,15375.4
MDV,Maldives,2016,9947.8,15741.3
MDV,Maldives,2017,10509.6,15783.8
MDV,Maldives,2018,11423.3,12040.5
MDV,Maldives,2019,11740.3,12777.1
MDV,Maldives,2020,7393.9,10117.3
MDV,Maldives,2021,10176.1,12536.2
MDV,Maldives,2022,11786.0,14143.4
MDV,Maldives,2023,12587.6,14354.3
MEX,Mexico,2000,7524.0,17198.2
MEX,Mexico,2001,7952.8,16786.1
MEX,Mexico,2002,7983.0,16948.5
MEX,Mexico,2003,7434.1,16915.8
MEX,Mexico,2004,7849.7,17662.8
MEX,Mexico,2005,8671.8,19092.1
MEX,Mexico,2006,9512.6,19108.3
MEX,Mexico,2007,10134.3,19017.1
MEX,Mexico,2008,10523.8,19512.0
MEX,Mexico,2009,8423.6,18904.0
MEX,Mexico,2010,9728.8,18706.0
MEX,Mexico,2011,10664.5,19279.9
MEX,Mexico,2012,10744.1,19191.3
MEX,Mexico,2013,11216.8,18952.1
MEX,Mexico,2014,11391.4,18621.6
MEX,Mexico,2015,10021.2,18215.7
MEX,Mexico,2016,9097.9,18618.8
MEX,Mexico,2017,9649.3,18879.3
MEX,Mexico,2018,10084.8,18337.2
MEX,Mexico,2019,10369.6,17971.6
MEX,Mexico,2020,8841.3,16329.5
MEX,Mexico,2021,10314.1,17223.5
MEX,Mexico,2022,11405.8,17858.7
MEX,Mexico,2023,13830.8,17682.7
MKD,North Macedonia,2000,1861.9,14994.6
MKD,North Macedonia,2001,1823.0,14046.6
MKD,North Macedonia,2002,1989.1,13671.6
MKD,North Macedonia,2003,2445.4,15362.4
MKD,North Macedonia,2004,2818.6,15133.4
MKD,North Macedonia,2005,3121.0,15591.9
MKD,North Macedonia,2006,3440.4,15883.4
MKD,North Macedonia,2007,4204.1,15791.8
MKD,North Macedonia,2008,5026.4,15354.3
MKD,North Macedonia,2009,4799.8,15111.8
MKD,North Macedonia,2010,4833.4,16523.7
MKD,North Macedonia,2011,5416.9,16560.5
MKD,North Macedonia,2012,5049.8,15466.2
MKD,North Macedonia,2013,5626.3,14960.8
MKD,North Macedonia,2014,5925.4,13996.5
MKD,North Macedonia,2015,5262.7,14884.4
MKD,North Macedonia,2016,5598.5,15598.1
MKD,North Macedonia,2017,5955.3,15164.9
MKD,North Macedonia,2018,6714.0,15849.3
MKD,North Macedonia,2019,6718.9,16366.4
MKD,North Macedonia,2020,6659.6,14801.1
MKD,North Macedonia,2021,7620.8,15665.1
MKD,North Macedonia,2022,7606.2,16701.2
MKD,North Macedonia,2023,8674.4,17752.9
MLI,Mali,2000,304.7,354.2
MLI,Mali,2001,346.2,347.4
MLI,Mali,2002,378.2,325.9
MLI,Mali,2003,441.9,300.5
MLI,Mali,2004,495.0,306.5
MLI,Mali,2005,548.7,316.0
MLI,Mali,2006,587.0,364.0
MLI,Mali,2007,670.9,425.3
MLI,Mali,2008,767.2,488.1
MLI,Mali,2009,787.5,602.2
MLI,Mali,2010,797.2,600.6
MLI,Mali,2011,938.3,673.2
MLI,Mali,2012,872.5,654.5
MLI,Mali,2013,901.9,692.1
MLI,Mali,2014,947.9,720.2
MLI,Mali,2015,838.1,838.4
MLI,Mali,2016,872.5,1012.1
MLI,Mali,2017,924.1,1082.2
MLI,Mali,2018,996.4,1088.3
MLI,Mali,2019,971.9,1148.2
MLI,Mali,2020,953.2,1222.1
MLI,Mali,2021,1027.3,1387.1
MLI,Mali,2022,976.9,1269.2
MLI,Mali,2023,1042.4,1184.6
MLT,Malta,2000,10348.5,46297.7
MLT,Malta,2001,10357.7,50635.2
MLT,Malta,2002,11251.2,49065.8
MLT,Malta,2003,13594.0,56651.1
MLT,Malta,2004,15212.1,59101.8
MLT,Malta,2005,15831.3,50114.1
MLT,Malta,2006,16653.6,50950.8
MLT,Malta,2007,19444.2,55272.4
MLT,Malta,2008,22405.6,57001.2
MLT,Malta,2009,21261.5,60474.4
MLT,Malta,2010,21946.6,71871.5
MLT,Malta,2011,23517.0,67998.9
MLT,Malta,2012,22878.3,64478.3
MLT,Malta,2013,25415.6,60896.3
MLT,Malta,2014,27424.6,61302.9
MLT,Malta,2015,25529.7,65432.0
MLT,Malta,2016,26459.1,71012.4
MLT,Malta,2017,30317.3,78640.6
MLT,Malta,2018,33382.3,79115.2
MLT,Malta,2019,32421.9,79261.2
MLT,Malta,2020,31823.4,71572.9
MLT,Malta,2021,38078.0,67572.7
MLT,Malta,2022,35658.8,71854.4
MLT,Malta,2023,40932.5,75718.2
MMR,Myanmar,2000,196.6,978.6
MMR,Myanmar,2001,141.5,889.0
MMR,Myanmar,2002,146.6,1016.5
MMR,Myanmar,2003,224.3,1146.1
MMR,Myanmar,2004,224.5,1195.2
MMR,Myanmar,2005,252.7,1532.6
MMR,Myanmar,2006,303.5,1418.1
MMR,Myanmar,2007,419.4,1519.3
MMR,Myanmar,2008,658.4,1359.0
MMR,Myanmar,2009,758.4,1190.1
MMR,Myanmar,2010,1010.5,1228.7
MMR,Myanmar,2011,1213.6,1239.9
MMR,Myanmar,2012,1202.7,1518.7
MMR,Myanmar,2013,1199.1,1748.0
MMR,Myanmar,2014,1293.0,2080.0
MMR,Myanmar,2015,1166.7,1895.0
MMR,Myanmar,2016,1229.2,2201.7
MMR,Myanmar,2017,1272.8,2868.2
MMR,Myanmar,2018,1298.2,2971.1
MMR,Myanmar,2019,1426.0,2882.9
MMR,Myanmar,2020,1490.2,2963.5
MMR,Myanmar,2021,1242.7,2759.2
MMR,Myanmar,2022,1158.1,2493.0
MMR,Myanmar,2023,1233.2,2383.7
MNE,Montenegro,2006,4422.6,19364.3
MNE,Montenegro,2007,5979.4,18849.2
MNE,Montenegro,2008,7390.0,20630.1
MNE,Montenegro,2009,6726.7,15406.0
MNE,Montenegro,2010,6678.6,18621.5
MNE,Montenegro,2011,7265.5,18449.0
MNE,Montenegro,2012,6552.5,17151.0
MNE,Montenegro,2013,7102.8,15910.2
MNE,Montenegro,2014,7342.2,15636.3
MNE,Montenegro,2015,6421.0,17168.6
MNE,Montenegro,2016,6968.0,16357.0
MNE,Montenegro,2017,7674.3,17004.3
MNE,Montenegro,2018,8673.6,18089.1
MNE,Montenegro,2019,8749.3,18501.8
MNE,Montenegro,2020,7555.5,16963.9
MNE,Montenegro,2021,9315.9,18418.8
MNE,Montenegro,2022,10038.2,18458.9
MNE,Montenegro,2023,12258.2,18402.7
MNG,Mongolia,2000,476.0,6921.9
MNG,Mongolia,2001,524.5,6804.8
MNG,Mongolia,2002,570.2,7188.7
MNG,Mongolia,2003,643.2,7071.2
MNG,Mongolia,2004,794.2,7747.9
MNG,Mongolia,2005,994.9,7940.1
MNG,Mongolia,2006,1329.9,8310.0
MNG,Mongolia,2007,1627.7,9135.5
MNG,Mongolia,2008,2127.4,9536.3
MNG,Mongolia,2009,1703.3,9992.2
MNG,Mongolia,2010,2625.2,12244.2
MNG,Mongolia,2011,3736.0,12809.3
MNG,Mongolia,2012,4328.9,14956.3
MNG,Mongolia,2013,4340.1,16651.8
MNG,Mongolia,2014,4126.2,16812.3
MNG,Mongolia,2015,3838.9,15730.6
MNG,Mongolia,2016,3619.9,15564.2
MNG,Mongolia,2017,3646.0,16759.9
MNG,Mongolia,2018,4107.6,17967.1
MNG,Mongolia,2019,4347.5,19338.6
MNG,Mongolia,2020,4001.3,18992.5
MNG,Mongolia,2021,4517.6,18218.0
MNG,Mongolia,2022,4993.5,15611.4
MNG,Mongolia,2023,5838.6,21177.1
MOZ,Mozambique,2000,327.1,563.9
MOZ,Mozambique,2001,304.8,738.6
MOZ,Mozambique,2002,313.9,687.2
MOZ,Mozambique,2003,339.5,886.3
MOZ,Mozambique,2004,400.1,900.0
MOZ,Mozambique,2005,436.8,924.6
MOZ,Mozambique,2006,457.5,977.4
MOZ,Mozambique,2007,507.9,1094.6
MOZ,Mozambique,2008,592.2,1013.0
MOZ,Mozambique,2009,547.7,1037.6
MOZ,Mozambique,2010,496.2,1031.4
MOZ,Mozambique,2011,618.2,1287.6
MOZ,Mozambique,2012,685.7,1601.9
MOZ,Mozambique,2013,686.5,1768.1
MOZ,Mozambique,2014,697.1,1905.3
MOZ,Mozambique,2015,610.6,1990.9
MOZ,Mozambique,2016,441.5,2136.8
MOZ,Mozambique,2017,470.9,2194.5
MOZ,Mozambique,2018,517.5,1625.5
MOZ,Mozambique,2019,519.1,1650.0
MOZ,Mozambique,2020,462.4,1478.3
MOZ,Mozambique,2021,509.9,1655.6
MOZ,Mozambique,2022,578.3,1721.5
MOZ,Mozambique,2023,622.2,1684.5
MRT,Mauritania,2000,680.9,1906.4
MRT,Mauritania,2001,651.8,1940.4
MRT,Mauritania,2002,648.9,2040.3
MRT,Mauritania,2003,732.0,2085.0
MRT,Mauritania,2004,823.6,2190.6
MRT,Mauritania,2005,999.0,2229.6
MRT,Mauritania,2006,1300.6,2115.8
MRT,Mauritania,2007,1405.2,2330.4
MRT,Mauritania,2008,1635.6,2789.7
MRT,Mauritania,2009,1435.4,2656.9
MRT,Mauritania,2010,1660.0,2552.9
MRT,Mauritania,2011,1931.2,2658.2
MRT,Mauritania,2012,1859.1,2852.7
MRT,Mauritania,2013,1936.3,2473.5
MRT,Mauritania,2014,1719.0,2886.8
MRT,Mauritania,2015,1558.8,2800.8
MRT,Mauritania,2016,1568.0,2542.4
MRT,Mauritania,2017,1617.9,3739.2
MRT,Mauritania,2018,1723.4,3996.5
MRT,Mauritania,2019,1767.1,4034.9
MRT,Mauritania,2020,1795.7,4025.5
MRT,Mauritania,2021,1947.5,3712.0
MRT,Mauritania,2022,1961.3,4159.3
MRT,Mauritania,2023,2128.0,3811.7
MUS,Mauritius,2000,3982.0,13104.3
MUS,Mauritius,2001,3908.6,13332.9
MUS,Mauritius,2002,4073.1,12972.0
MUS,Mauritius,2003,4858.3,13112.6
MUS,Mauritius,2004,5460.6,13432.7
MUS,Mauritius,2005,5354.0,14340.2
MUS,Mauritius,2006,5784.2,14961.2
MUS,Mauritius,2007,6677.4,15454.5
MUS,Mauritius,2008,8140.5,15743.6
MUS,Mauritius,2009,7426.9,15110.8
MUS,Mauritius,2010,8113.2,16275.1
MUS,Mauritius,2011,9324.2,16704.7
MUS,Mauritius,2012,9421.5,16781.1
MUS,Mauritius,2013,9877.1,16960.3
MUS,Mauritius,2014,10490.3,17446.7
MUS,Mauritius,2015,9630.5,18059.0
MUS,Mauritius,2016,10095.1,18795.4
MUS,Mauritius,2017,10986.7,20664.5
MUS,Mauritius,2018,11818.7,19499.1
MUS,Mauritius,2019,11568.3,20152.3
MUS,Mauritius,2020,9135.8,17047.5
MUS,Mauritius,2021,9177.7,16870.0
MUS,Mauritius,2022,10246.5,16850.5
MUS,Mauritius,2023,11270.0,17726.1
MWI,Malawi,2000,224.2,430.2
MWI,Malawi,2001,215.5,401.7
MWI,Malawi,2002,428.2,379.3
MWI,Malawi,2003,383.3,393.6
MWI,Malawi,2004,404.7,404.2
MWI,Malawi,2005,414.4,367.9
MWI,Malawi,2006,440.8,373.2
MWI,Malawi,2007,475.2,358.3
MWI,Malawi,2008,554.0,402.0
MWI,Malawi,2009,625.9,356.5
MWI,Malawi,2010,683.1,420.7
MWI,Malawi,2011,763.1,407.0
MWI,Malawi,2012,558.5,394.3
MWI,Malawi,2013,496.9,391.2
MWI,Malawi,2014,529.5,388.8
MWI,Malawi,2015,539.6,361.8
MWI,Malawi,2016,450.5,385.0
MWI,Malawi,2017,495.8,402.7
MWI,Malawi,2018,533.2,368.8
MWI,Malawi,2019,580.9,419.9
MWI,Malawi,2020,602.5,402.5
MWI,Malawi,2021,617.4,391.6
MWI,Malawi,2022,604.3,392.6
MWI,Malawi,2023,633.2,382.2
MYS,Malaysia,2000,4083.5,26659.5
MYS,Malaysia,2001,3943.8,26646.2
MYS,Malaysia,2002,4184.0,27395.0
MYS,Malaysia,2003,4465.3,28984.5
MYS,Malaysia,2004,4939.2,30602.8
MYS,Malaysia,2005,5555.6,32374.3
MYS,Malaysia,2006,6158.4,31993.5
MYS,Malaysia,2007,7168.9,33389.0
MYS,Malaysia,2008,8371.8,33899.6
MYS,Malaysia,2009,7191.4,32186.5
MYS,Malaysia,2010,8899.3,32635.2
MYS,Malaysia,2011,10217.1,32616.8
MYS,Malaysia,2012,10600.6,35083.6
MYS,Malaysia,2013,10713.6,36091.8
MYS,Malaysia,2014,11013.3,35757.5
MYS,Malaysia,2015,9648.7,35686.0
MYS,Malaysia,2016,9476.5,36876.8
MYS,Malaysia,2017,9862.5,36732.1
MYS,Malaysia,2018,10901.8,36769.8
MYS,Malaysia,2019,10920.2,37119.5
MYS,Malaysia,2020,9957.5,35317.5
MYS,Malaysia,2021,10903.1,36500.8
MYS,Malaysia,2022,11754.6,39068.7
MYS,Malaysia,2023,11386.0,37724.6
NAM,Namibia,2000,2156.7,5556.7
NAM,Namibia,2001,1915.6,6452.1
NAM,Namibia,2002,1772.1,5751.1
NAM,Namibia,2003,2569.2,6010.3
NAM,Namibia,2004,3403.2,6295.2
NAM,Namibia,2005,3685.8,6712.8
NAM,Namibia,2006,4017.2,6620.8
NAM,Namibia,2007,4379.0,6833.5
NAM,Namibia,2008,4204.8,7235.1
NAM,Namibia,2009,4302.9,7396.0
NAM,Namibia,2010,5418.2,7701.0
NAM,Namibia,2011,5834.8,7822.1
NAM,Namibia,2012,5942.6,7876.9
NAM,Namibia,2013,5346.6,8094.9
NAM,Namibia,2014,5378.3,8291.8
NAM,Namibia,2015,4774.1,8520.5
NAM,Namibia,2016,4395.7,8412.1
NAM,Namibia,2017,5144.0,8261.7
NAM,Namibia,2018,5308.6,8095.8
NAM,Namibia,2019,4731.9,7681.1
NAM,Namibia,2020,3878.6,6991.0
NAM,Namibia,2021,4412.8,6798.7
NAM,Namibia,2022,4349.8,6222.1
NAM,Namibia,2023,4226.0,6295.4
NCL,New Caledonia,2000,15329.7,40982.8
NCL,New Caledonia,2001,14482.4,38821.2
NCL,New Caledonia,2002,16104.6,41889.0
NCL,New Caledonia,2003,20768.1,44709.7
NCL,New Caledonia,2004,24475.6,42506.3
NCL,New Caledonia,2005,25528.3,46059.7
NCL,New Caledonia,2006,28193.3,45058.1
NCL,New Caledonia,2007,35177.7,47088.5
NCL,New Caledonia,2008,35723.9,46293.1
NCL,New Caledonia,2009,33836.5,46386.1
NCL,New Caledonia,2010,35798.9,54476.8
NCL,New Caledonia,2011,38835.9,52115.2
NCL,New Caledonia,2012,35559.6,54380.0
NCL,New Caledonia,2013,36671.2,57012.3
NCL,New Caledonia,2014,37817.0,66096.5
NCL,New Caledonia,2015,30858.7,66969.8
NCL,New Caledonia,2016,30782.9,72312.4
NCL,New Caledonia,2017,32354.7,69078.0
NCL,New Caledonia,2018,34902.9,77017.2
NCL,New Caledonia,2019,33411.3,72879.4
NCL,New Caledonia,2020,33270.3,67648.1
NCL,New Caledonia,2021,35311.6,59830.7
NCL,New Caledonia,2022,33516.4,63128.0
NCL,New Caledonia,2023,33701.9,63397.1
NER,Niger,2000,194.8,288.2
NER,Niger,2001,205.4,272.5
NER,Niger,2002,225.3,279.7
NER,Niger,2003,265.2,296.8
NER,Niger,2004,283.5,314.2
NER,Niger,2005,318.6,285.7
NER,Niger,2006,333.3,274.1
NER,Niger,2007,387.2,287.4
NER,Niger,2008,475.0,307.9
NER,Niger,2009,461.1,349.2
NER,Niger,2010,474.4,416.4
NER,Niger,2011,510.8,402.5
NER,Niger,2012,528.5,514.3
NER,Niger,2013,552.1,557.5
NER,Niger,2014,565.3,509.8
NER,Niger,2015,485.7,518.9
NER,Niger,2016,499.9,466.9
NER,Niger,2017,529.9,438.0
NER,Niger,2018,576.9,381.8
NER,Niger,2019,541.3,535.5
NER,Niger,2020,575.5,522.7
NER,Niger,2021,609.6,459.2
NER,Niger,2022,613.6,534.4
NER,Niger,2023,647.9,565.5
NGA,Nigeria,2000,547.3,1704.1
NGA,Nigeria,2001,566.4,1880.9
NGA,Nigeria,2002,712.2,1880.2
NGA,Nigeria,2003,763.4,1947.0
NGA,Nigeria,2004,962.5,1961.0
NGA,Nigeria,2005,1211.4,2102.2
NGA,Nigeria,2006,1599.5,1838.1
NGA,Nigeria,2007,1815.5,1643.5
NGA,Nigeria,2008,2154.1,1969.0
NGA,Nigeria,2009,1820.5,1211.6
NGA,Nigeria,2010,2202.3,1445.3
NGA,Nigeria,2011,2418.4,2022.9
NGA,Nigeria,2012,2633.2,1987.3
NGA,Nigeria,2013,2872.8,2503.9
NGA,Nigeria,2014,3088.7,2658.4
NGA,Nigeria,2015,2585.7,2458.9
NGA,Nigeria,2016,2070.4,2421.7
NGA,Nigeria,2017,1876.3,2284.9
NGA,Nigeria,2018,2057.9,2383.9
NGA,Nigeria,2019,3189.8,2446.2
NGA,Nigeria,2020,2797.2,2256.1
NGA,Nigeria,2021,2787.5,2388.6
NGA,Nigeria,2022,2899.2,2363.2
NGA,Nigeria,2023,2138.8,2194.6
NIC,Nicaragua,2000,1017.3,3181.1
NIC,Nicaragua,2001,1051.9,3275.8
NIC,Nicaragua,2002,1014.3,3245.8
NIC,Nicaragua,2003,1021.4,3403.2
NIC,Nicaragua,2004,1098.6,3534.0
NIC,Nicaragua,2005,1183.3,3518.6
NIC,Nicaragua,2006,1248.2,3523.3
NIC,Nicaragua,2007,1350.4,3652.4
NIC,Nicaragua,2008,1523.7,3469.0
NIC,Nicaragua,2009,1467.1,3474.5
NIC,Nicaragua,2010,1526.6,3465.2
NIC,Nicaragua,2011,1679.7,3623.9
NIC,Nicaragua,2012,1784.7,3512.6
NIC,Nicaragua,2013,1835.4,3574.8
NIC,Nicaragua,2014,1958.4,3700.0
NIC,Nicaragua,2015,2074.5,4094.4
NIC,Nicaragua,2016,2131.7,4045.4
NIC,Nicaragua,2017,2182.6,3990.3
NIC,Nicaragua,2018,2035.2,3713.2
NIC,Nicaragua,2019,1958.6,3813.5
NIC,Nicaragua,2020,1938.4,3477.8
NIC,Nicaragua,2021,2138.4,3787.7
NIC,Nicaragua,2022,2322.9,3820.0
NIC,Nicaragua,2023,2609.4,3861.8
NLD,Netherlands,2000,26225.2,62696.0
NLD,Netherlands,2001,26955.7,64609.5
NLD,Netherlands,2002,29446.5,64222.6
NLD,Netherlands,2003,35896.8,64341.8
NLD,Netherlands,2004,40611.3,66283.5
NLD,Netherlands,2005,42165.4,67549.0
NLD,Netherlands,2006,45123.5,66059.5
NLD,Netherlands,2007,52100.8,66995.3
NLD,Netherlands,2008,58246.7,65937.9
NLD,Netherlands,2009,53172.0,64689.6
NLD,Netherlands,2010,51305.7,69801.1
NLD,Netherlands,2011,54701.8,66173.4
NLD,Netherlands,2012,50473.9,64776.1
NLD,Netherlands,2013,52602.3,62644.0
NLD,Netherlands,2014,53457.2,59678.5
NLD,Netherlands,2015,45793.8,60001.3
NLD,Netherlands,2016,46808.5,60683.6
NLD,Netherlands,2017,49513.7,60761.1
NLD,Netherlands,2018,53955.1,58901.5
NLD,Netherlands,2019,53554.9,58248.7
NLD,Netherlands,2020,53467.9,56095.6
NLD,Netherlands,2021,60142.0,57247.3
NLD,Netherlands,2022,59123.3,53288.4
NLD,Netherlands,2023,63515.6,51949.6
NOR,Norway,2000,37991.9,129858.6
NOR,Norway,2001,38458.3,115019.9
NOR,Norway,2002,43048.3,119752.2
NOR,Norway,2003,50208.1,105140.3
NOR,Norway,2004,57854.6,105950.9
NOR,Norway,2005,67358.4,120792.1
NOR,Norway,2006,75047.7,109687.4
NOR,Norway,2007,86600.2,117374.9
NOR,Norway,2008,99001.5,117427.8
NOR,Norway,2009,81939.7,106436.7
NOR,Norway,2010,90020.3,101844.1
NOR,Norway,2011,103545.2,101764.8
NOR,Norway,2012,104627.9,111775.8
NOR,Norway,2013,106333.1,102996.7
NOR,Norway,2014,100410.0,105489.1
NOR,Norway,2015,77221.0,105836.9
NOR,Norway,2016,73222.4,106500.5
NOR,Norway,2017,78771.2,106154.7
NOR,Norway,2018,85579.1,103850.7
NOR,Norway,2019,79329.3,96479.2
NOR,Norway,2020,71057.6,103430.6
NOR,Norway,2021,96442.6,105249.9
NOR,Norway,2022,113122.1,97780.4
NOR,Norway,2023,90984.4,99923.8
NPL,Nepal,2000,223.8,468.4
NPL,Nepal,2001,240.8,478.2
NPL,Nepal,2002,238.9,477.5
NPL,Nepal,2003,246.4,498.7
NPL,Nepal,2004,279.6,483.3
NPL,Nepal,2005,309.0,495.1
NPL,Nepal,2006,340.4,468.0
NPL,Nepal,2007,385.4,456.1
NPL,Nepal,2008,464.8,521.4
NPL,Nepal,2009,473.1,602.9
NPL,Nepal,2010,585.3,646.8
NPL,Nepal,2011,785.5,682.3
NPL,Nepal,2012,788.2,731.9
NPL,Nepal,2013,803.3,785.8
NPL,Nepal,2014,821.5,848.2
NPL,Nepal,2015,875.5,757.9
NPL,Nepal,2016,877.3,1162.3
NPL,Nepal,2017,1034.3,1333.3
NPL,Nepal,2018,1179.2,1495.2
NPL,Nepal,2019,1203.1,1280.7
NPL,Nepal,2020,1154.2,1574.5
NPL,Nepal,2021,1252.8,1633.5
NPL,Nepal,2022,1385.9,1820.4
NPL,Nepal,2023,1382.4,1679.5
NRU,Naoero,2000,2648.6,44937.6
NRU,Naoero,2001,2232.3,40890.4
NRU,Naoero,2002,2084.6,38541.9
NRU,Naoero,2003,2463.3,34617.9
NRU,Naoero,2004,3040.5,32495.3
NRU,Naoero,2005,2992.4,31884.9
NRU,Naoero,2006,2910.1,23238.6
NRU,Naoero,2007,2272.2,22675.7
NRU,Naoero,2008,3756.8,23086.7
NRU,Naoero,2009,4410.6,22420.7
NRU,Naoero,2010,4735.9,23572.0
NRU,Naoero,2011,6444.0,23058.3
NRU,Naoero,2012,9842.8,24056.7
NRU,Naoero,2013,8974.5,27437.0
NRU,Naoero,2014,9230.1,29001.5
NRU,Naoero,2015,7747.3,30294.2
NRU,Naoero,2016,8748.2,32657.6
NRU,Naoero,2017,9657.0,25127.2
NRU,Naoero,2018,11413.7,28063.2
NRU,Naoero,2019,10801.8,27454.7
NRU,Naoero,2020,10709.1,26711.5
NRU,Naoero,2021,12748.2,27542.6
NRU,Naoero,2022,15309.8,27801.1
NRU,Naoero,2023,13602.6,28723.7
NZL,New Zealand,2000,13641.1,59508.2
NZL,New Zealand,2001,13882.9,58452.4
NZL,New Zealand,2002,16874.2,59550.9
NZL,New Zealand,2003,21913.7,56697.6
NZL,New Zealand,2004,25420.2,57464.5
NZL,New Zealand,2005,27751.1,55322.5
NZL,New Zealand,2006,26654.6,55061.6
NZL,New Zealand,2007,32480.0,54329.9
NZL,New Zealand,2008,31324.7,53992.2
NZL,New Zealand,2009,28276.7,53324.1
NZL,New Zealand,2010,33761.9,54081.4
NZL,New Zealand,2011,38425.8,53868.2
NZL,New Zealand,2012,40041.8,53913.8
NZL,New Zealand,2013,42985.0,53789.9
NZL,New Zealand,2014,44599.9,55422.6
NZL,New Zealand,2015,38648.7,54663.1
NZL,New Zealand,2016,40088.3,54230.5
NZL,New Zealand,2017,42912.2,53988.8
NZL,New Zealand,2018,43204.1,52734.9
NZL,New Zealand,2019,42872.3,52824.8
NZL,New Zealand,2020,42054.7,47200.8
NZL,New Zealand,2021,49902.2,46175.4
NZL,New Zealand,2022,49141.6,45347.2
NZL,New Zealand,2023,49302.3,46344.7
OMN,Oman,2000,9753.8,48620.9
OMN,Oman,2001,9612.0,53324.8
OMN,Oman,2002,9869.1,56120.3
OMN,Oman,2003,10463.5,57588.8
OMN,Oman,2004,11800.9,58819.9
OMN,Oman,2005,14434.9,63469.5
OMN,Oman,2006,16930.9,67833.4
OMN,Oman,2007,18792.7,66942.8
OMN,Oman,2008,26576.8,76528.7
OMN,Oman,2009,20655.9,74281.9
OMN,Oman,2010,23570.2,85979.0
OMN,Oman,2011,25188.0,84460.3
OMN,Oman,2012,24642.3,79910.4
OMN,Oman,2013,23458.0,82844.8
OMN,Oman,2014,23160.7,78943.9
OMN,Oman,2015,18808.3,80629.1
OMN,Oman,2016,17110.2,77124.5
OMN,Oman,2017,17820.1,77559.0
OMN,Oman,2018,19901.8,81778.4
OMN,Oman,2019,19180.2,81330.6
OMN,Oman,2020,16784.9,79945.4
OMN,Oman,2021,19403.5,88512.2
OMN,Oman,2022,23223.6,89754.8
OMN,Oman,2023,21027.7,86222.5
PAK,Pakistan,2000,642.3,3123.4
PAK,Pakistan,2001,609.9,3108.9
PAK,Pakistan,2002,599.9,3149.7
PAK,Pakistan,2003,672.4,3316.6
PAK,Pakistan,2004,771.9,3613.3
PAK,Pakistan,2005,827.6,3655.3
PAK,Pakistan,2006,900.9,3782.4
PAK,Pakistan,2007,998.1,3886.6
PAK,Pakistan,2008,1067.0,3792.5
PAK,Pakistan,2009,963.8,3834.6
PAK,Pakistan,2010,987.3,3761.7
PAK,Pakistan,2011,1131.7,3697.4
PAK,Pakistan,2012,1204.4,3379.4
PAK,Pakistan,2013,1225.4,3673.5
PAK,Pakistan,2014,1266.6,3669.8
PAK,Pakistan,2015,1380.5,3816.6
PAK,Pakistan,2016,1424.7,4090.3
PAK,Pakistan,2017,1519.2,4263.8
PAK,Pakistan,2018,1569.3,4263.4
PAK,Pakistan,2019,1390.4,4218.5
PAK,Pakistan,2020,1278.4,4083.7
PAK,Pakistan,2021,1455.3,4451.4
PAK,Pakistan,2022,1538.3,4017.6
PAK,Pakistan,2023,1360.3,3653.4
PAN,Panama,2000,3975.1,20032.0
PAN,Panama,2001,3991.8,20579.6
PAN,Panama,2002,4090.6,19399.1
PAN,Panama,2003,4264.7,19575.8
PAN,Panama,2004,4644.6,19062.0
PAN,Panama,2005,5017.7,18729.9
PAN,Panama,2006,5528.8,20216.6
PAN,Panama,2007,6317.8,18597.8
PAN,Panama,2008,7347.6,21616.1
PAN,Panama,2009,7796.9,20571.9
PAN,Panama,2010,8331.5,23041.7
PAN,Panama,2011,9662.3,22911.6
PAN,Panama,2012,11064.8,24667.2
PAN,Panama,2013,12273.3,23914.5
PAN,Panama,2014,13213.2,24101.7
PAN,Panama,2015,14082.7,25493.6
PAN,Panama,2016,14832.4,26459.4
PAN,Panama,2017,15694.6,27922.6
PAN,Panama,2018,16151.3,26785.8
PAN,Panama,2019,16477.9,29524.0
PAN,Panama,2020,13290.6,19829.7
PAN,Panama,2021,15509.8,21343.2
PAN,Panama,2022,17378.6,23285.1
PAN,Panama,2023,18797.2,23371.0
PER,Peru,2000,1945.4,5540.2
PER,Peru,2001,1929.6,5417.3
PER,Peru,2002,2007.4,5481.4
PER,Peru,2003,2129.4,5354.2
PER,Peru,2004,2397.3,5651.1
PER,Peru,2005,2706.7,5826.4
PER,Peru,2006,3129.6,5846.3
PER,Peru,2007,3581.1,6319.0
PER,Peru,2008,4197.6,6777.5
PER,Peru,2009,4181.2,6867.2
PER,Peru,2010,5072.1,7745.5
PER,Peru,2011,5861.4,8482.0
PER,Peru,2012,6519.4,8687.7
PER,Peru,2013,6746.8,8806.2
PER,Peru,2014,6667.1,8926.5
PER,Peru,2015,6231.7,9247.9
PER,Peru,2016,6217.0,9684.9
PER,Peru,2017,6736.2,9691.7
PER,Peru,2018,6978.5,9982.7
PER,Peru,2019,7037.0,10064.5
PER,Peru,2020,6133.3,8766.6
PER,Peru,2021,6828.5,9877.4
PER,Peru,2022,7353.7,10099.0
PER,Peru,2023,7919.0,10143.1
PHL,Philippines,2000,1050.8,3864.5
PHL,Philippines,2001,969.5,3695.9
PHL,Philippines,2002,1014.9,3639.0
PHL,Philippines,2003,1027.2,3680.8
PHL,Philippines,2004,1099.6,3695.4
PHL,Philippines,2005,1220.5,3628.2
PHL,Philippines,2006,1426.1,3410.9
PHL,Philippines,2007,1712.7,3478.4
PHL,Philippines,2008,1959.3,3533.5
PHL,Philippines,2009,1864.5,3511.2
PHL,Philippines,2010,2162.9,3540.0
PHL,Philippines,2011,2383.9,3540.4
PHL,Philippines,2012,2614.6,3592.6
PHL,Philippines,2013,2781.3,3778.9
PHL,Philippines,2014,2866.8,3909.5
PHL,Philippines,2015,2909.9,4220.3
PHL,Philippines,2016,2985.2,4547.9
PHL,Philippines,2017,3038.1,4925.3
PHL,Philippines,2018,3168.5,5028.5
PHL,Philippines,2019,3400.8,5109.2
PHL,Philippines,2020,3227.6,4583.8
PHL,Philippines,2021,3484.4,4823.6
PHL,Philippines,2022,3548.1,5010.2
PHL,Philippines,2023,3804.1,5298.7
PNG,Papua New Guinea,2000,636.0,2395.1
PNG,Papua New Guinea,2001,537.8,2688.4
PNG,Papua New Guinea,2002,506.3,2743.3
PNG,Papua New Guinea,2003,577.5,3039.9
PNG,Papua New Guinea,2004,620.6,3341.2
PNG,Papua New Guinea,2005,744.5,3044.4
PNG,Papua New Guinea,2006,1238.2,3042.3
PNG,Papua New Guinea,2007,1370.8,3176.2
PNG,Papua New Guinea,2008,1624.8,2705.4
PNG,Papua New Guinea,2009,1568.8,2919.9
PNG,Papua New Guinea,2010,1866.9,2536.6
PNG,Papua New Guinea,2011,2288.4,2569.4
PNG,Papua New Guinea,2012,2635.1,2409.9
PNG,Papua New Guinea,2013,2560.8,2406.4
PNG,Papua New Guinea,2014,2723.2,2494.9
PNG,Papua New Guinea,2015,2484.6,2864.0
PNG,Papua New Guinea,2016,2316.4,2987.7
PNG,Papua New Guinea,2017,2477.8,2848.8
PNG,Papua New Guinea,2018,2566.4,3249.4
PNG,Papua New Guinea,2019,2575.8,3149.0
PNG,Papua New Guinea,2020,2429.6,2866.9
PNG,Papua New Guinea,2021,2608.0,2756.8
PNG,Papua New Guinea,2022,3102.3,3436.6
PNG,Papua New Guinea,2023,2966.1,2873.6
POL,Poland,2000,4520.6,26596.3
POL,Poland,2001,5015.2,26419.0
POL,Poland,2002,5223.5,26146.9
POL,Poland,2003,5720.8,27071.0
POL,Poland,2004,6711.7,27280.2
POL,Poland,2005,8043.9,27854.5
POL,Poland,2006,9068.9,29165.4
POL,Poland,2007,11272.5,29054.0
POL,Poland,2008,14048.6,29593.4
POL,Poland,2009,11556.3,28556.0
POL,Poland,2010,12567.7,30377.7
POL,Poland,2011,13867.7,30429.4
POL,Poland,2012,13087.4,29489.9
POL,Poland,2013,13621.9,29569.8
POL,Poland,2014,14262.3,28468.6
POL,Poland,2015,12637.5,28824.6
POL,Poland,2016,12464.0,30061.3
POL,Poland,2017,13913.3,31585.2
POL,Poland,2018,15658.2,31957.3
POL,Poland,2019,15874.5,31059.3
POL,Poland,2020,16150.9,29845.5
POL,Poland,2021,18635.5,32196.3
POL,Poland,2022,18891.2,30919.5
POL,Poland,2023,22145.3,29225.9
PRI,Puerto Rico (US),2000,16192.1,33881.2
PRI,Puerto Rico (US),2001,18123.2,36863.5
PRI,Puerto Rico (US),2002,18731.5,37881.8
PRI,Puerto Rico (US),2003,19557.1,39487.4
PRI,Puerto Rico (US),2004,20989.0,40848.8
PRI,Puerto Rico (US),2005,21959.3,39673.1
PRI,Puerto Rico (US),2006,22935.9,36137.7
PRI,Puerto Rico (US),2007,23664.9,34984.7
PRI,Puerto Rico (US),2008,24898.3,32871.2
PRI,Puerto Rico (US),2009,25768.7,30873.6
PRI,Puerto Rico (US),2010,26414.9,26313.1
PRI,Puerto Rico (US),2011,27170.1,28745.9
PRI,Puerto Rico (US),2012,27742.0,30611.0
PRI,Puerto Rico (US),2013,28212.0,27153.6
PRI,Puerto Rico (US),2014,28576.1,26141.9
PRI,Puerto Rico (US),2015,29242.0,26456.9
PRI,Puerto Rico (US),2016,29978.1,25075.6
PRI,Puerto Rico (US),2017,30328.5,25098.6
PRI,Puerto Rico (US),2018,30679.9,25991.4
PRI,Puerto Rico (US),2019,31830.5,24425.9
PRI,Puerto Rico (US),2020,31427.1,21306.6
PRI,Puerto Rico (US),2021,32618.9,24091.3
PRI,Puerto Rico (US),2022,35353.6,22552.4
PRI,Puerto Rico (US),2023,36980.8,27193.6
PRT,Portugal,2000,11526.4,28593.1
PRT,Portugal,2001,11734.8,28855.3
PRT,Portugal,2002,12936.7,28511.5
PRT,Portugal,2003,15797.8,29191.7
PRT,Portugal,2004,18064.2,28503.0
PRT,Portugal,2005,18780.1,28397.9
PRT,Portugal,2006,19839.5,28113.9
PRT,Portugal,2007,22811.1,28206.7
PRT,Portugal,2008,24949.0,27026.0
PRT,Portugal,2009,23151.2,27252.9
PRT,Portugal,2010,22551.9,28747.0
PRT,Portugal,2011,23246.5,27453.8
PRT,Portugal,2012,20593.4,25155.8
PRT,Portugal,2013,21676.5,27696.8
PRT,Portugal,2014,22120.7,28038.4
PRT,Portugal,2015,19215.8,27918.5
PRT,Portugal,2016,19980.3,29949.3
PRT,Portugal,2017,21442.4,29221.0
PRT,Portugal,2018,23541.1,29450.8
PRT,Portugal,2019,23343.4,28333.2
PRT,Portugal,2020,22299.4,25577.1
PRT,Portugal,2021,24711.5,25646.3
PRT,Portugal,2022,24620.5,25206.7
PRT,Portugal,2023,27634.6,25498.7
PRY,Paraguay,2000,1736.1,3894.2
PRY,Paraguay,2001,1637.7,3921.1
PRY,Paraguay,2002,1367.8,4077.3
PRY,Paraguay,2003,1444.0,4163.8
PRY,Paraguay,2004,1786.2,4196.2
PRY,Paraguay,2005,1970.9,4012.8
PRY,Paraguay,2006,2439.4,4308.3
PRY,Paraguay,2007,3211.9,4481.3
PRY,Paraguay,2008,4385.0,4646.7
PRY,Paraguay,2009,3941.8,4823.4
PRY,Paraguay,2010,4751.0,5318.6
PRY,Paraguay,2011,5805.4,5436.1
PRY,Paraguay,2012,5642.2,5757.5
PRY,Paraguay,2013,6435.7,5759.7
PRY,Paraguay,2014,6652.3,5999.3
PRY,Paraguay,2015,5879.3,6838.8
PRY,Paraguay,2016,5775.2,7659.0
PRY,Paraguay,2017,6152.3,7744.3
PRY,Paraguay,2018,6258.4,8063.9
PRY,Paraguay,2019,5821.2,7898.0
PRY,Paraguay,2020,5365.5,7560.7
PRY,Paraguay,2021,5974.9,8164.1
PRY,Paraguay,2022,6189.1,7732.7
PRY,Paraguay,2023,6303.3,6629.6
PSE,West Bank and Gaza,2000,1476.2,1828.9
PSE,West Bank and Gaza,2001,1335.6,2412.2
PSE,West Bank and Gaza,2002,1156.2,2179.7
PSE,West Bank and Gaza,2003,1257.7,2286.1
PSE,West Bank and Gaza,2004,1422.2,3399.9
PSE,West Bank and Gaza,2005,1543.7,4070.3
PSE,West Bank and Gaza,2006,1570.1,3507.5
PSE,West Bank and Gaza,2007,1664.2,3523.9
PSE,West Bank and Gaza,2008,2035.2,3298.4
PSE,West Bank and Gaza,2009,2191.8,3303.5
PSE,West Bank and Gaza,2010,2557.1,3223.2
PSE,West Bank and Gaza,2011,2880.8,3497.8
PSE,West Bank and Gaza,2012,3067.4,3416.8
PSE,West Bank and Gaza,2013,3315.3,3544.6
PSE,West Bank and Gaza,2014,3352.1,3736.3
PSE,West Bank and Gaza,2015,3272.2,4048.8
PSE,West Bank and Gaza,2016,3527.6,4137.1
PSE,West Bank and Gaza,2017,3620.4,4055.8
PSE,West Bank and Gaza,2018,3562.3,3805.8
PSE,West Bank and Gaza,2019,3656.9,4149.4
PSE,West Bank and Gaza,2020,3233.6,4169.6
PSE,West Bank and Gaza,2021,3678.6,4366.5
PSE,West Bank and Gaza,2022,3800.0,5117.9
PSE,West Bank and Gaza,2023,3607.4,4955.5
PYF,French Polynesia,2000,14978.3,13868.7
PYF,French Polynesia,2001,14640.9,15148.2
PYF,French Polynesia,2002,16004.1,15723.7
PYF,French Polynesia,2003,19582.9,16664.0
PYF,French Polynesia,2004,21764.2,16135.0
PYF,French Polynesia,2005,21984.2,16605.6
PYF,French Polynesia,2006,22330.9,16040.5
PYF,French Polynesia,2007,24888.2,16722.2
PYF,French Polynesia,2008,26592.0,17011.9
PYF,French Polynesia,2009,24434.2,16860.3
PYF,French Polynesia,2010,22494.8,17059.2
PYF,French Polynesia,2011,22831.5,16201.0
PYF,French Polynesia,2012,20846.5,15657.8
PYF,French Polynesia,2013,21955.6,15599.6
PYF,French Polynesia,2014,22258.6,15258.1
PYF,French Polynesia,2015,19167.0,15854.0
PYF,French Polynesia,2016,19690.1,15582.0
PYF,French Polynesia,2017,20826.9,15126.8
PYF,French Polynesia,2018,21925.6,13918.9
PYF,French Polynesia,2019,21582.6,14102.9
PYF,French Polynesia,2020,19966.5,13222.4
PYF,French Polynesia,2021,21426.4,13841.9
PYF,French Polynesia,2022,20054.0,18995.1
PYF,French Polynesia,2023,21832.3,19590.1
QAT,Qatar,2000,27535.2,209063.5
QAT,Qatar,2001,25870.8,191210.3
QAT,Qatar,2002,27226.7,227637.8
QAT,Qatar,2003,31602.5,219715.4
QAT,Qatar,2004,41035.5,255475.9
QAT,Qatar,2005,53949.7,270980.6
QAT,Qatar,2006,62582.4,252214.7
QAT,Qatar,2007,65954.1,231557.1
QAT,Qatar,2008,80781.2,202220.7
QAT,Qatar,2009,60785.7,181811.4
QAT,Qatar,2010,77387.3,196225.3
QAT,Qatar,2011,103261.5,217097.2
QAT,Qatar,2012,108470.4,235144.4
QAT,Qatar,2013,103697.0,237978.6
QAT,Qatar,2014,95840.6,233130.5
QAT,Qatar,2015,68985.3,245295.0
QAT,Qatar,2016,61253.6,225636.4
QAT,Qatar,2017,63279.9,208396.8
QAT,Qatar,2018,71039.8,207650.5
QAT,Qatar,2019,66841.3,209158.0
QAT,Qatar,2020,51683.5,183122.6
QAT,Qatar,2021,71751.9,192920.7
QAT,Qatar,2022,88701.5,195336.3
QAT,Qatar,2023,80195.9,208038.8
ROU,Romania,2000,1659.9,19065.9
ROU,Romania,2001,1825.2,19393.6
ROU,Romania,2002,2119.9,20271.3
ROU,Romania,2003,2679.4,20434.2
ROU,Romania,2004,3495.0,21456.9
ROU,Romania,2005,4618.0,21705.6
ROU,Romania,2006,5757.5,22229.3
ROU,Romania,2007,8360.3,21609.4
ROU,Romania,2008,10435.2,21709.7
ROU,Romania,2009,8548.5,19056.4
ROU,Romania,2010,8399.5,19401.6
ROU,Romania,2011,9560.7,20133.2
ROU,Romania,2012,8930.0,19512.0
ROU,Romania,2013,9497.7,18420.9
ROU,Romania,2014,10031.8,18986.0
ROU,Romania,2015,8977.0,19180.5
ROU,Romania,2016,9404.5,19269.1
ROU,Romania,2017,10728.0,19702.8
ROU,Romania,2018,12416.1,20004.8
ROU,Romania,2019,12909.6,19681.4
ROU,Romania,2020,13009.2,19053.2
ROU,Romania,2021,14908.0,20261.8
ROU,Romania,2022,15503.5,18791.1
ROU,Romania,2023,18244.4,18796.9
RUS,Russian Federation,2000,1771.6,49169.8
RUS,Russian Federation,2001,2100.4,50153.3
RUS,Russian Federation,2002,2377.5,50010.2
RUS,Russian Federation,2003,2975.1,51088.9
RUS,Russian Federation,2004,4102.4,51757.0
RUS,Russian Federation,2005,5323.5,51895.0
RUS,Russian Federation,2006,6920.2,54384.3
RUS,Russian Federation,2007,9101.2,54764.0
RUS,Russian Federation,2008,11635.3,55034.6
RUS,Russian Federation,2009,8562.8,52284.9
RUS,Russian Federation,2010,10675.0,54290.2
RUS,Russian Federation,2011,14305.3,56097.9
RUS,Russian Federation,2012,15401.9,56333.1
RUS,Russian Federation,2013,15941.4,55548.4
RUS,Russian Federation,2014,14055.5,55599.3
RUS,Russian Federation,2015,9277.7,54577.7
RUS,Russian Federation,2016,8663.2,55468.1
RUS,Russian Federation,2017,10658.9,55653.1
RUS,Russian Federation,2018,11211.9,57585.2
RUS,Russian Federation,2019,11447.7,57120.4
RUS,Russian Federation,2020,10108.3,55172.8
RUS,Russian Federation,2021,12425.0,57127.6
RUS,Russian Federation,2022,15625.6,59257.9
RUS,Russian Federation,2023,13987.0,60237.0
RWA,Rwanda,2000,251.9,326.0
RWA,Rwanda,2001,237.3,323.0
RWA,Rwanda,2002,234.0,324.6
RWA,Rwanda,2003,249.0,311.9
RWA,Rwanda,2004,269.5,299.3
RWA,Rwanda,2005,324.0,289.6
RWA,Rwanda,2006,352.1,284.9
RWA,Rwanda,2007,420.7,281.7
RWA,Rwanda,2008,522.3,284.9
RWA,Rwanda,2009,557.0,284.7
RWA,Rwanda,2010,586.6,305.0
RWA,Rwanda,2011,643.4,331.1
RWA,Rwanda,2012,697.8,359.0
RWA,Rwanda,2013,695.4,367.0
RWA,Rwanda,2014,715.4,370.5
RWA,Rwanda,2015,725.7,390.7
RWA,Rwanda,2016,721.3,387.8
RWA,Rwanda,2017,751.0,404.0
RWA,Rwanda,2018,772.8,391.7
RWA,Rwanda,2019,823.4,430.3
RWA,Rwanda,2020,802.6,440.1
RWA,Rwanda,2021,842.6,488.1
RWA,Rwanda,2022,1007.1,498.2
RWA,Rwanda,2023,1061.1,563.5
SAU,Saudi Arabia,2000,11714.6,82513.4
SAU,Saudi Arabia,2001,10805.3,83463.3
SAU,Saudi Arabia,2002,10586.1,82708.4
SAU,Saudi Arabia,2003,11487.2,83526.4
SAU,Saudi Arabia,2004,13154.5,86552.7
SAU,Saudi Arabia,2005,15975.7,88089.3
SAU,Saudi Arabia,2006,17563.6,88548.3
SAU,Saudi Arabia,2007,18596.2,86911.2
SAU,Saudi Arabia,2008,22320.5,91397.9
SAU,Saudi Arabia,2009,17718.4,91055.0
SAU,Saudi Arabia,2010,22028.4,97431.9
SAU,Saudi Arabia,2011,27126.7,97959.3
SAU,Saudi Arabia,2012,28733.4,100294.4
SAU,Saudi Arabia,2013,27865.5,97450.2
SAU,Saudi Arabia,2014,27805.5,101100.2
SAU,Saudi Arabia,2015,23256.2,101972.7
SAU,Saudi Arabia,2016,22267.7,103517.9
SAU,Saudi Arabia,2017,23929.3,103364.9
SAU,Saudi Arabia,2018,29360.1,102146.1
SAU,Saudi Arabia,2019,29566.8,97377.9
SAU,Saudi Arabia,2020,24338.8,93195.9
SAU,Saudi Arabia,2021,31920.8,95196.3
SAU,Saudi Arabia,2022,38510.2,97902.7
SAU,Saudi Arabia,2023,36156.9,96221.5
SDN,Sudan,2000,362.1,1034.3
SDN,Sudan,2001,451.3,1082.4
SDN,Sudan,2002,506.3,1267.0
SDN,Sudan,2003,580.3,1296.3
SDN,Sudan,2004,705.1,1402.6
SDN,Sudan,2005,905.5,1593.2
SDN,Sudan,2006,1132.5,1865.2
SDN,Sudan,2007,1444.4,1933.8
SDN,Sudan,2008,1527.6,2060.7
SDN,Sudan,2009,1178.2,2072.5
SDN,Sudan,2010,1305.6,2158.8
SDN,Sudan,2011,1332.7,2017.9
SDN,Sudan,2012,1019.2,1899.2
SDN,Sudan,2013,1138.6,1888.2
SDN,Sudan,2014,1275.4,1872.0
SDN,Sudan,2015,1292.4,1915.5
SDN,Sudan,2016,1033.2,2244.0
SDN,Sudan,2017,966.5,2182.0
SDN,Sudan,2018,731.0,2160.2
SDN,Sudan,2019,710.0,2116.5
SDN,Sudan,2020,577.8,1715.9
SDN,Sudan,2021,712.1,1703.6
SDN,Sudan,2022,1046.2,1854.0
SDN,Sudan,2023,797.3,1347.1
SEN,Senegal,2000,603.2,1996.7
SEN,Senegal,2001,637.2,2123.9
SEN,Senegal,2002,669.4,2114.2
SEN,Senegal,2003,817.9,2055.6
SEN,Senegal,2004,918.1,2135.9
SEN,Senegal,2005,979.8,2171.3
SEN,Senegal,2006,1017.2,2088.5
SEN,Senegal,2007,1188.9,2212.4
SEN,Senegal,2008,1398.8,2208.4
SEN,Senegal,2009,1308.7,2062.1
SEN,Senegal,2010,1275.9,2088.5
SEN,Senegal,2011,1374.7,2137.0
SEN,Senegal,2012,1326.8,2036.7
SEN,Senegal,2013,1379.8,2060.0
SEN,Senegal,2014,1398.9,2220.1
SEN,Senegal,2015,1218.0,2501.0
SEN,Senegal,2016,1266.4,2342.3
SEN,Senegal,2017,1354.8,2407.8
SEN,Senegal,2018,1452.6,2492.9
SEN,Senegal,2019,1431.2,2556.1
SEN,Senegal,2020,1461.1,2295.9
SEN,Senegal,2021,1598.1,2586.9
SEN,Senegal,2022,1574.0,2651.4
SEN,Senegal,2023,1698.0,2745.7
SGP,Singapore,2000,23852.8,109786.1
SGP,Singapore,2001,21699.7,121647.2
SGP,Singapore,2002,22159.8,116289.4
SGP,Singapore,2003,23730.4,109774.6
SGP,Singapore,2004,27608.1,123064.8
SGP,Singapore,2005,29961.3,127051.6
SGP,Singapore,2006,33768.5,135878.3
SGP,Singapore,2007,39432.9,141082.2
SGP,Singapore,2008,40008.6,143673.1
SGP,Singapore,2009,38926.8,149339.2
SGP,Singapore,2010,47236.7,156003.5
SGP,Singapore,2011,53891.5,159035.4
SGP,Singapore,2012,55547.6,157040.9
SGP,Singapore,2013,56967.4,156552.8
SGP,Singapore,2014,57564.8,157654.8
SGP,Singapore,2015,55645.6,164988.6
SGP,Singapore,2016,57204.0,172266.6
SGP,Singapore,2017,61436.1,175960.0
SGP,Singapore,2018,67032.8,176342.4
SGP,Singapore,2019,66068.7,171884.1
SGP,Singapore,2020,61772.5,162517.1
SGP,Singapore,2021,80884.9,164442.6
SGP,Singapore,2022,91227.7,158521.7
SGP,Singapore,2023,86382.6,171241.1
SLB,Solomon Islands,2000,953.2,2398.0
SLB,Solomon Islands,2001,911.8,2459.8
SLB,Solomon Islands,2002,756.9,2494.6
SLB,Solomon Islands,2003,896.0,2559.7
SLB,Solomon Islands,2004,986.1,2674.0
SLB,Solomon Islands,2005,1144.5,2692.5
SLB,Solomon Islands,2006,1255.6,2744.9
SLB,Solomon Islands,2007,1390.1,2875.9
SLB,Solomon Islands,2008,1525.8,2869.0
SLB,Solomon Islands,2009,1554.7,2915.6
SLB,Solomon Islands,2010,1685.1,2920.4
SLB,Solomon Islands,2011,1924.1,2919.2
SLB,Solomon Islands,2012,2066.3,2822.1
SLB,Solomon Islands,2013,2161.4,2709.9
SLB,Solomon Islands,2014,2165.0,2459.2
SLB,Solomon Islands,2015,2045.5,2167.2
SLB,Solomon Islands,2016,2082.6,2009.2
SLB,Solomon Islands,2017,2143.6,1927.1
SLB,Solomon Islands,2018,2278.2,1908.4
SLB,Solomon Islands,2019,2223.7,1829.3
SLB,Solomon Islands,2020,2063.3,1751.7
SLB,Solomon Islands,2021,2043.4,1691.6
SLB,Solomon Islands,2022,1877.8,1602.1
SLB,Solomon Islands,2023,1882.6,1597.5
SLE,Sierra Leone,2000,143.7,417.4
SLE,Sierra Leone,2001,358.3,495.2
SLE,Sierra Leone,2002,389.0,470.1
SLE,Sierra Leone,2003,413.8,463.9
SLE,Sierra Leone,2004,417.7,447.6
SLE,Sierra Leone,2005,462.6,393.4
SLE,Sierra Leone,2006,580.3,471.7
SLE,Sierra Leone,2007,631.9,431.2
SLE,Sierra Leone,2008,705.4,413.7
SLE,Sierra Leone,2009,652.8,404.4
SLE,Sierra Leone,2010,685.0,437.3
SLE,Sierra Leone,2011,761.1,541.2
SLE,Sierra Leone,2012,937.5,601.2
SLE,Sierra Leone,2013,1117.5,690.5
SLE,Sierra Leone,2014,1117.8,738.9
SLE,Sierra Leone,2015,964.6,585.6
SLE,Sierra Leone,2016,844.4,585.5
SLE,Sierra Leone,2017,779.2,565.9
SLE,Sierra Leone,2018,845.9,607.2
SLE,Sierra Leone,2019,843.7,646.6
SLE,Sierra Leone,2020,845.3,663.2
SLE,Sierra Leone,2021,885.4,799.5
SLE,Sierra Leone,2022,860.4,766.9
SLE,Sierra Leone,2023,758.3,797.8
SLV,El Salvador,2000,1982.9,4442.2
SLV,El Salvador,2001,2058.0,4427.6
SLV,El Salvador,2002,2115.4,4612.7
SLV,El Salvador,2003,2207.8,4833.1
SLV,El Salvador,2004,2285.7,4849.7
SLV,El Salvador,2005,2447.4,4925.6
SLV,El Salvador,2006,2665.6,5134.9
SLV,El Salvador,2007,2830.7,5342.9
SLV,El Salvador,2008,2983.2,5063.3
SLV,El Salvador,2009,2910.2,5005.6
SLV,El Salvador,2010,3040.1,5024.5
SLV,El Salvador,2011,3330.6,5032.2
SLV,El Salvador,2012,3497.9,5140.1
SLV,El Salvador,2013,3582.3,4972.0
SLV,El Salvador,2014,3666.0,5116.3
SLV,El Salvador,2015,3790.3,5442.9
SLV,El Salvador,2016,3901.3,5503.4
SLV,El Salvador,2017,4020.1,5317.6
SLV,El Salvador,2018,4183.5,5810.1
SLV,El Salvador,2019,4320.1,6477.0
SLV,El Salvador,2020,3997.2,5385.4
SLV,El Salvador,2021,4642.6,6263.2
SLV,El Salvador,2022,5074.6,6872.6
SLV,El Salvador,2023,5319.7,7717.7
SOM,"Somalia, Fed. Rep.",2000,386.1,335.6
SOM,"Somalia, Fed. Rep.",2001,244.9,327.8
SOM,"Somalia, Fed. Rep.",2002,229.6,341.3
SOM,"Somalia, Fed. Rep.",2003,286.3,329.0
SOM,"Somalia, Fed. Rep.",2004,375.4,317.3
SOM,"Somalia, Fed. Rep.",2005,440.0,309.4
SOM,"Somalia, Fed. Rep.",2006,458.0,302.4
SOM,"Somalia, Fed. Rep.",2007,479.6,297.3
SOM,"Somalia, Fed. Rep.",2008,507.0,285.6
SOM,"Somalia, Fed. Rep.",2009,246.5,277.7
SOM,"Somalia, Fed. Rep.",2010,219.2,277.7
SOM,"Somalia, Fed. Rep.",2011,235.3,275.7
SOM,"Somalia, Fed. Rep.",2012,350.3,273.6
SOM,"Somalia, Fed. Rep.",2013,393.4,264.9
SOM,"Somalia, Fed. Rep.",2014,429.4,255.6
SOM,"Somalia, Fed. Rep.",2015,445.6,256.1
SOM,"Somalia, Fed. Rep.",2016,460.9,251.3
SOM,"Somalia, Fed. Rep.",2017,510.9,241.2
SOM,"Somalia, Fed. Rep.",2018,509.5,326.8
SOM,"Somalia, Fed. Rep.",2019,540.0,326.2
SOM,"Somalia, Fed. Rep.",2020,518.2,341.1
SOM,"Somalia, Fed. Rep.",2021,549.1,336.7
SOM,"Somalia, Fed. Rep.",2022,573.1,359.7
SOM,"Somalia, Fed. Rep.",2023,596.9,360.8
SRB,Serbia,2006,4492.7,24499.5
SRB,Serbia,2007,6081.1,24744.3
SRB,Serbia,2008,7376.7,24936.4
SRB,Serbia,2009,6414.0,23584.7
SRB,Serbia,2010,5970.9,24182.9
SRB,Serbia,2011,7082.3,25392.2
SRB,Serbia,2012,6263.0,23840.1
SRB,Serbia,2013,7040.4,23679.7
SRB,Serbia,2014,6886.7,20779.8
SRB,Serbia,2015,5820.3,23759.5
SRB,Serbia,2016,5982.4,24436.9
SRB,Serbia,2017,6548.0,25638.6
SRB,Serbia,2018,7559.9,25794.1
SRB,Serbia,2019,7755.6,25990.8
SRB,Serbia,2020,8098.7,25791.2
SRB,Serbia,2021,9680.5,27267.8
SRB,Serbia,2022,10024.8,26256.8
SRB,Serbia,2023,12281.7,25981.3
SSD,South Sudan,2012,1109.3,554.4
SSD,South Sudan,2013,1650.2,564.9
SSD,South Sudan,2014,1242.7,580.8
SSD,South Sudan,2015,1080.1,720.1
STP,Sao Tome and Principe,2000,529.1,1889.7
STP,Sao Tome and Principe,2001,518.9,1809.0
STP,Sao Tome and Principe,2002,568.1,1980.9
STP,Sao Tome and Principe,2003,663.7,2147.6
STP,Sao Tome and Principe,2004,726.6,2394.6
STP,Sao Tome and Principe,2005,844.2,2497.8
STP,Sao Tome and Principe,2006,862.0,2549.8
STP,Sao Tome and Principe,2007,878.9,2571.6
STP,Sao Tome and Principe,2008,1081.9,2740.1
STP,Sao Tome and Principe,2009,1128.3,2863.8
STP,Sao Tome and Principe,2010,1045.2,3044.9
STP,Sao Tome and Principe,2011,1219.8,3077.9
STP,Sao Tome and Principe,2012,1210.8,3192.3
STP,Sao Tome and Principe,2013,1382.6,3131.1
STP,Sao Tome and Principe,2014,1489.7,3083.6
STP,Sao Tome and Principe,2015,1298.1,3139.3
STP,Sao Tome and Principe,2016,1434.9,3200.9
STP,Sao Tome and Principe,2017,1555.8,3200.0
STP,Sao Tome and Principe,2018,1825.6,2999.6
STP,Sao Tome and Principe,2019,1935.3,3108.3
STP,Sao Tome and Principe,2020,2167.2,2926.5
STP,Sao Tome and Principe,2021,2362.6,2968.9
STP,Sao Tome and Principe,2022,2389.7,2571.2
STP,Sao Tome and Principe,2023,2990.7,2879.2
SUR,Suriname,2000,1988.2,14581.7
SUR,Suriname,2001,1714.6,13946.5
SUR,Suriname,2002,2202.3,15486.9
SUR,Suriname,2003,2516.1,13100.3
SUR,Suriname,2004,2887.8,15016.2
SUR,Suriname,2005,3453.4,14968.1
SUR,Suriname,2006,5002.7,16295.9
SUR,Suriname,2007,5530.2,14876.5
SUR,Suriname,2008,6576.1,17964.4
SUR,Suriname,2009,7129.6,18152.5
SUR,Suriname,2010,7943.6,21007.3
SUR,Suriname,2011,7949.9,16731.1
SUR,Suriname,2012,8851.2,18948.7
SUR,Suriname,2013,9043.2,17473.5
SUR,Suriname,2014,9108.2,17378.7
SUR,Suriname,2015,8813.6,16460.9
SUR,Suriname,2016,5644.2,15591.2
SUR,Suriname,2017,6049.5,17318.0
SUR,Suriname,2018,6665.7,14142.3
SUR,Suriname,2019,6629.7,16713.5
SUR,Suriname,2020,4755.4,15335.7
SUR,Suriname,2021,5029.8,17477.8
SUR,Suriname,2022,6084.4,18310.6
SUR,Suriname,2023,5522.0,15601.5
SVK,Slovak Republic,2000,3827.7,40566.4
SVK,Slovak Republic,2001,3974.4,41743.8
SVK,Slovak Republic,2002,4606.4,42104.9
SVK,Slovak Republic,2003,6283.2,40899.3
SVK,Slovak Republic,2004,7996.7,40000.3
SVK,Slovak Republic,2005,9087.2,42083.0
SVK,Slovak Republic,2006,10629.2,40949.4
SVK,Slovak Republic,2007,14330.2,38428.3
SVK,Slovak Republic,2008,17973.8,39450.4
SVK,Slovak Republic,2009,16586.8,35713.1
SVK,Slovak Republic,2010,16899.4,38113.0
SVK,Slovak Republic,2011,18469.4,36622.4
SVK,Slovak Republic,2012,17517.0,35133.7
SVK,Slovak Republic,2013,18312.8,35965.2
SVK,Slovak Republic,2014,18770.9,33446.3
SVK,Slovak Republic,2015,16442.1,33760.2
SVK,Slovak Republic,2016,16636.1,34039.9
SVK,Slovak Republic,2017,17645.5,35799.4
SVK,Slovak Republic,2018,19573.4,35143.8
SVK,Slovak Republic,2019,19406.1,33913.3
SVK,Slovak Republic,2020,19735.5,33203.4
SVK,Slovak Republic,2021,22123.3,35868.4
SVK,Slovak Republic,2022,21317.8,32868.0
SVK,Slovak Republic,2023,24614.9,33405.2
SVN,Slovenia,2000,10135.7,39492.6
SVN,Slovenia,2001,10375.6,41328.2
SVN,Slovenia,2002,11639.1,41073.1
SVN,Slovenia,2003,14711.7,40269.7
SVN,Slovenia,2004,17103.8,42709.4
SVN,Slovenia,2005,17969.7,42720.2
SVN,Slovenia,2006,19563.0,42848.5
SVN,Slovenia,2007,23725.2,42389.5
SVN,Slovenia,2008,27462.0,46247.8
SVN,Slovenia,2009,24501.8,42449.9
SVN,Slovenia,2010,23329.8,42338.9
SVN,Slovenia,2011,24940.6,41018.5
SVN,Slovenia,2012,22442.1,39769.2
SVN,Slovenia,2013,23237.0,39280.6
SVN,Slovenia,2014,24013.1,40255.2
SVN,Slovenia,2015,20697.3,36270.6
SVN,Slovenia,2016,21447.8,38740.2
SVN,Slovenia,2017,23303.1,39139.1
SVN,Slovenia,2018,25888.0,39812.3
SVN,Slovenia,2019,25814.2,38399.2
SVN,Slovenia,2020,25392.1,36764.9
SVN,Slovenia,2021,29192.8,36234.7
SVN,Slovenia,2022,28360.3,33377.8
SVN,Slovenia,2023,32660.5,34819.6
SWE,Sweden,2000,29632.6,73464.3
SWE,Sweden,2001,27259.3,78209.9
SWE,Sweden,2002,29957.8,72769.6
SWE,Sweden,2003,37292.2,68007.1
SWE,Sweden,2004,42758.0,73894.9
SWE,Sweden,2005,43378.4,74532.3
SWE,Sweden,2006,46531.4,69394.2
SWE,Sweden,2007,53568.3,70079.5
SWE,Sweden,2008,55817.2,69259.4
SWE,Sweden,2009,46707.6,62353.9
SWE,Sweden,2010,52542.6,66295.6
SWE,Sweden,2011,60379.5,64768.6
SWE,Sweden,2012,57749.6,67781.5
SWE,Sweden,2013,60844.0,62865.0
SWE,Sweden,2014,59583.5,61958.5
SWE,Sweden,2015,51188.2,63479.0
SWE,Sweden,2016,51703.5,61411.2
SWE,Sweden,2017,53210.2,62771.1
SWE,Sweden,2018,54018.5,59869.4
SWE,Sweden,2019,51649.0,60882.6
SWE,Sweden,2020,52568.6,57977.4
SWE,Sweden,2021,60647.5,60836.3
SWE,Sweden,2022,54836.9,59279.2
SWE,Sweden,2023,54950.3,56803.0
SWZ,Eswatini,2000,1629.7,6508.2
SWZ,Eswatini,2001,1429.9,6569.7
SWZ,Eswatini,2002,1315.7,6589.5
SWZ,Eswatini,2003,2015.2,6225.1
SWZ,Eswatini,2004,2525.6,5916.7
SWZ,Eswatini,2005,2871.1,5940.5
SWZ,Eswatini,2006,2965.0,6252.7
SWZ,Eswatini,2007,3109.1,6405.9
SWZ,Eswatini,2008,2946.9,6189.9
SWZ,Eswatini,2009,3189.8,5810.7
SWZ,Eswatini,2010,3922.7,5579.0
SWZ,Eswatini,2011,4225.1,5094.8
SWZ,Eswatini,2012,4224.5,4890.3
SWZ,Eswatini,2013,3949.9,4697.8
SWZ,Eswatini,2014,3771.1,4833.4
SWZ,Eswatini,2015,3419.8,4938.8
SWZ,Eswatini,2016,3238.2,5110.4
SWZ,Eswatini,2017,3853.1,5259.7
SWZ,Eswatini,2018,3972.7,5462.0
SWZ,Eswatini,2019,3913.1,5847.5
SWZ,Eswatini,2020,3466.6,5737.6
SWZ,Eswatini,2021,3984.0,5519.3
SWZ,Eswatini,2022,3894.2,5125.0
SWZ,Eswatini,2023,3755.5,5585.3
SYC,Seychelles,2000,8063.7,45128.4
SYC,Seychelles,2001,8153.3,47809.3
SYC,Seychelles,2002,8864.2,41022.2
SYC,Seychelles,2003,9070.3,40367.6
SYC,Seychelles,2004,10827.7,55627.3
SYC,Seychelles,2005,11802.1,50038.9
SYC,Seychelles,2006,12783.0,52513.9
SYC,Seychelles,2007,12669.3,42657.6
SYC,Seychelles,2008,11265.4,45958.1
SYC,Seychelles,2009,9747.1,49517.0
SYC,Seychelles,2010,10934.8,44144.3
SYC,Seychelles,2011,12110.1,37104.1
SYC,Seychelles,2012,12337.2,41611.4
SYC,Seychelles,2013,14821.3,36527.2
SYC,Seychelles,2014,15188.2,41677.8
SYC,Seychelles,2015,15333.1,42146.9
SYC,Seychelles,2016,16567.0,45840.8
SYC,Seychelles,2017,17480.4,46686.7
SYC,Seychelles,2018,18440.2,36782.4
SYC,Seychelles,2019,19141.5,32611.3
SYC,Seychelles,2020,14041.5,29880.9
SYC,Seychelles,2021,14982.9,27693.8
SYC,Seychelles,2022,16682.7,28729.1
SYC,Seychelles,2023,18130.5,31019.9
SYR,Syrian Arab Republic,2000,1138.2,12708.6
SYR,Syrian Arab Republic,2001,1177.5,12221.5
SYR,Syrian Arab Republic,2002,1190.0,13060.5
SYR,Syrian Arab Republic,2003,1220.2,12345.6
SYR,Syrian Arab Republic,2004,1368.1,13289.4
SYR,Syrian Arab Republic,2005,1533.9,14674.1
SYR,Syrian Arab Republic,2006,1718.8,14710.9
SYR,Syrian Arab Republic,2007,1937.6,14325.9
SYR,Syrian Arab Republic,2008,2429.1,14093.7
SYR,Syrian Arab Republic,2009,2462.2,13056.1
SYR,Syrian Arab Republic,2010,2730.6,13154.2
SYR,Syrian Arab Republic,2011,2952.1,11615.8
SYR,Syrian Arab Republic,2012,1897.7,8972.6
SYR,Syrian Arab Republic,2013,985.9,6875.8
SYR,Syrian Arab Republic,2014,1060.6,6556.0
SYR,Syrian Arab Republic,2015,847.7,6244.6
SYR,Syrian Arab Republic,2016,656.3,6111.3
SYR,Syrian Arab Republic,2017,851.5,6155.3
SYR,Syrian Arab Republic,2018,1098.1,6712.0
SYR,Syrian Arab Republic,2019,1109.5,5817.8
SYR,Syrian Arab Republic,2020,593.9,5133.1
SYR,Syrian Arab Republic,2021,688.6,5400.5
SYR,Syrian Arab Republic,2022,1056.8,4847.5
TCA,Turks and Caicos Islands,2001,18325.7,15656.8
TCA,Turks and Caicos Islands,2002,17803.9,19821.5
TCA,Turks and Caicos Islands,2003,18859.2,19323.3
TCA,Turks and Caicos Islands,2004,21246.0,18923.9
TCA,Turks and Caicos Islands,2005,24122.3,21215.7
TCA,Turks and Caicos Islands,2006,28734.3,23296.8
TCA,Turks and Caicos Islands,2007,29443.9,26158.4
TCA,Turks and Caicos Islands,2008,31453.8,26674.8
TCA,Turks and Caicos Islands,2009,24596.9,25817.7
TCA,Turks and Caicos Islands,2010,23093.8,25673.3
TCA,Turks and Caicos Islands,2011,27327.4,24752.7
TCA,Turks and Caicos Islands,2012,25923.6,23765.7
TCA,Turks and Caicos Islands,2013,25653.8,22880.0
TCA,Turks and Caicos Islands,2014,27292.6,23599.3
TCA,Turks and Caicos Islands,2015,29457.0,23289.2
TCA,Turks and Caicos Islands,2016,31373.6,23014.9
TCA,Turks and Caicos Islands,2017,30014.2,23919.9
TCA,Turks and Caicos Islands,2018,31625.6,44844.1
TCA,Turks and Caicos Islands,2019,31780.5,43592.0
TCA,Turks and Caicos Islands,2020,20690.9,41699.7
TCA,Turks and Caicos Islands,2021,27329.3,41892.8
TCA,Turks and Caicos Islands,2022,31280.5,41151.2
TCA,Turks and Caicos Islands,2023,35470.2,41046.2
TCD,Chad,2000,163.1,121.3
TCD,Chad,2001,194.3,112.5
TCD,Chad,2002,219.1,107.3
TCD,Chad,2003,289.1,101.9
TCD,Chad,2004,445.9,102.7
TCD,Chad,2005,838.1,106.1
TCD,Chad,2006,906.9,103.9
TCD,Chad,2007,980.5,110.8
TCD,Chad,2008,1166.4,112.2
TCD,Chad,2009,1035.6,118.0
TCD,Chad,2010,1141.8,126.5
TCD,Chad,2011,1308.1,174.7
TCD,Chad,2012,1354.3,292.1
TCD,Chad,2013,1304.9,292.4
TCD,Chad,2014,1278.8,293.2
TCD,Chad,2015,994.0,288.0
TCD,Chad,2016,861.8,275.6
TCD,Chad,2017,854.5,410.7
TCD,Chad,2018,948.7,425.1
TCD,Chad,2019,893.3,421.3
TCD,Chad,2020,866.9,429.7
TCD,Chad,2021,946.4,462.6
TCD,Chad,2022,966.0,448.1
TCD,Chad,2023,950.0,392.0
TGO,Togo,2000,440.4,940.3
TGO,Togo,2001,426.9,818.3
TGO,Togo,2002,479.4,873.4
TGO,Togo,2003,579.7,1056.5
TGO,Togo,2004,604.3,1023.5
TGO,Togo,2005,595.2,974.2
TGO,Togo,2006,596.2,825.4
TGO,Togo,2007,654.1,970.3
TGO,Togo,2008,771.4,1128.0
TGO,Togo,2009,770.2,1947.0
TGO,Togo,2010,750.3,1801.4
TGO,Togo,2011,834.1,1629.7
TGO,Togo,2012,813.6,1436.7
TGO,Togo,2013,885.7,1387.0
TGO,Togo,2014,921.5,1259.8
TGO,Togo,2015,813.9,864.3
TGO,Togo,2016,843.1,1201.6
TGO,Togo,2017,872.1,1114.3
TGO,Togo,2018,942.5,1325.8
TGO,Togo,2019,917.7,1233.4
TGO,Togo,2020,961.2,1275.4
TGO,Togo,2021,1076.3,1462.0
TGO,Togo,2022,1071.6,1460.6
TGO,Togo,2023,1182.3,1597.1
THA,Thailand,2000,2006.0,11771.4
THA,Thailand,2001,1889.9,12289.0
THA,Thailand,2002,2089.8,13194.1
THA,Thailand,2003,2347.5,14054.5
THA,Thailand,2004,2641.6,15121.5
THA,Thailand,2005,2867.7,15467.4
THA,Thailand,2006,3331.3,15668.2
THA,Thailand,2007,3918.5,16074.7
THA,Thailand,2008,4309.1,15950.1
THA,Thailand,2009,4135.4,16278.6
THA,Thailand,2010,4973.9,17198.2
THA,Thailand,2011,5373.6,17570.4
THA,Thailand,2012,5725.5,18619.6
THA,Thailand,2013,6018.1,18796.8
THA,Thailand,2014,5801.2,19328.4
THA,Thailand,2015,5688.9,19526.9
THA,Thailand,2016,5833.6,19835.9
THA,Thailand,2017,6413.1,20133.2
THA,Thailand,2018,7099.8,20712.5
THA,Thailand,2019,7605.7,20689.3
THA,Thailand,2020,6983.0,19257.5
THA,Thailand,2021,7055.2,19334.6
THA,Thailand,2022,6910.0,19347.2
THA,Thailand,2023,7210.5,19360.3
TJK,Tajikistan,2000,136.9,5018.3
TJK,Tajikistan,2001,168.7,5201.6
TJK,Tajikistan,2002,187.0,5083.2
TJK,Tajikistan,2003,233.6,5249.4
TJK,Tajikistan,2004,305.7,5403.8
TJK,Tajikistan,2005,333.9,5358.0
TJK,Tajikistan,2006,401.0,5168.6
TJK,Tajikistan,2007,517.0,4449.1
TJK,Tajikistan,2008,703.3,4006.2
TJK,Tajikistan,2009,664.8,3501.7
TJK,Tajikistan,2010,737.3,3551.3
TJK,Tajikistan,2011,833.6,3453.0
TJK,Tajikistan,2012,952.5,3733.3
TJK,Tajikistan,2013,1028.2,3851.4
TJK,Tajikistan,2014,1081.5,4155.9
TJK,Tajikistan,2015,956.9,3966.0
TJK,Tajikistan,2016,788.7,4194.6
TJK,Tajikistan,2017,829.5,4154.6
TJK,Tajikistan,2018,834.3,4368.4
TJK,Tajikistan,2019,871.0,4632.6
TJK,Tajikistan,2020,834.3,4753.3
TJK,Tajikistan,2021,896.7,4666.2
TJK,Tajikistan,2022,1052.2,4824.6
TJK,Tajikistan,2023,1178.5,4818.7
TKM,Turkmenistan,2000,633.8,28428.4
TKM,Turkmenistan,2001,756.0,32493.8
TKM,Turkmenistan,2002,935.5,27329.0
TKM,Turkmenistan,2003,1228.9,34533.0
TKM,Turkmenistan,2004,1379.2,37745.4
TKM,Turkmenistan,2005,1604.0,34686.0
TKM,Turkmenistan,2006,1996.6,34979.2
TKM,Turkmenistan,2007,2415.0,31647.5
TKM,Turkmenistan,2008,3605.5,28982.5
TKM,Turkmenistan,2009,3708.0,41573.0
TKM,Turkmenistan,2010,4058.5,44347.5
TKM,Turkmenistan,2011,5143.6,46974.8
TKM,Turkmenistan,2012,6053.9,54328.9
TKM,Turkmenistan,2013,6599.6,45064.0
TKM,Turkmenistan,2014,7164.1,46697.8
TKM,Turkmenistan,2015,5759.5,51843.6
TKM,Turkmenistan,2016,5238.0,54821.2
TKM,Turkmenistan,2017,5125.5,49726.7
TKM,Turkmenistan,2018,3912.0,54902.9
TKM,Turkmenistan,2019,4365.1,51540.3
TKM,Turkmenistan,2020,3935.4,63923.3
TKM,Turkmenistan,2021,3713.2,62717.7
TKM,Turkmenistan,2022,5198.2,65250.1
TKM,Turkmenistan,2023,5298.5,59537.5
TLS,Timor-Leste,2003,534.9,762.5
TLS,Timor-Leste,2004,474.4,814.8
TLS,Timor-Leste,2005,487.5,801.1
TLS,Timor-Leste,2006,464.7,793.6
TLS,Timor-Leste,2007,540.2,798.3
TLS,Timor-Leste,2008,628.2,854.0
TLS,Timor-Leste,2009,686.6,931.8
TLS,Timor-Leste,2010,813.1,946.7
TLS,Timor-Leste,2011,939.0,959.7
TLS,Timor-Leste,2012,1022.6,1111.1
TLS,Timor-Leste,2013,1204.6,1638.8
TLS,Timor-Leste,2014,1224.7,1843.7
TLS,Timor-Leste,2015,1319.6,1772.9
TLS,Timor-Leste,2016,1335.5,1701.1
TLS,Timor-Leste,2017,1266.2,1702.7
TLS,Timor-Leste,2018,1219.5,1759.2
TLS,Timor-Leste,2019,1562.4,2086.3
TLS,Timor-Leste,2020,1630.9,1961.2
TLS,Timor-Leste,2021,2684.9,1886.5
TLS,Timor-Leste,2022,2343.2,1976.5
TLS,Timor-Leste,2023,1502.4,1940.1
TON,Tonga,2000,1995.1,4266.7
TON,Tonga,2001,1753.5,3820.3
TON,Tonga,2002,1759.5,4119.1
TON,Tonga,2003,1936.0,5046.3
TON,Tonga,2004,2195.4,4646.5
TON,Tonga,2005,2477.7,4920.2
TON,Tonga,2006,2750.3,5504.1
TON,Tonga,2007,2797.1,4691.1
TON,Tonga,2008,3218.5,5052.1
TON,Tonga,2009,2914.2,5474.1
TON,Tonga,2010,3416.1,5198.6
TON,Tonga,2011,3850.0,4840.9
TON,Tonga,2012,4384.2,6298.8
TON,Tonga,2013,4219.2,7561.4
TON,Tonga,2014,4136.6,7695.9
TON,Tonga,2015,4123.9,7712.7
TON,Tonga,2016,3988.0,9022.4
TON,Tonga,2017,4365.9,10073.8
TON,Tonga,2018,4675.0,8662.9
TON,Tonga,2019,4788.8,8387.0
TON,Tonga,2020,4792.4,7536.8
TON,Tonga,2021,4922.8,7579.0
TON,Tonga,2022,5298.0,7193.6
TON,Tonga,2023,5651.6,8104.6
TTO,Trinidad and Tobago,2000,6178.6,90199.2
TTO,Trinidad and Tobago,2001,6657.4,95792.4
TTO,Trinidad and Tobago,2002,6762.9,106069.7
TTO,Trinidad and Tobago,2003,8445.0,115621.2
TTO,Trinidad and Tobago,2004,9871.0,126194.4
TTO,Trinidad and Tobago,2005,12346.4,138480.7
TTO,Trinidad and Tobago,2006,14152.7,159670.8
TTO,Trinidad and Tobago,2007,16606.7,162135.0
TTO,Trinidad and Tobago,2008,21299.0,158945.2
TTO,Trinidad and Tobago,2009,14634.1,156985.7
TTO,Trinidad and Tobago,2010,16815.4,168406.0
TTO,Trinidad and Tobago,2011,19151.1,165262.6
TTO,Trinidad and Tobago,2012,20332.1,160933.2
TTO,Trinidad and Tobago,2013,21305.0,161807.7
TTO,Trinidad and Tobago,2014,21908.3,161022.3
TTO,Trinidad and Tobago,2015,19887.2,155078.1
TTO,Trinidad and Tobago,2016,17449.2,136234.1
TTO,Trinidad and Tobago,2017,17566.1,143272.7
TTO,Trinidad and Tobago,2018,17571.5,131952.2
TTO,Trinidad and Tobago,2019,17212.6,131459.0
TTO,Trinidad and Tobago,2020,15283.6,114341.9
TTO,Trinidad and Tobago,2021,17712.6,116369.3
TTO,Trinidad and Tobago,2022,20750.5,115685.4
TTO,Trinidad and Tobago,2023,18308.5,109068.2
TUN,Tunisia,2000,2199.0,9104.7
TUN,Tunisia,2001,2235.7,10003.7
TUN,Tunisia,2002,2320.8,9796.7
TUN,Tunisia,2003,2725.9,9540.3
TUN,Tunisia,2004,3067.4,9638.2
TUN,Tunisia,2005,3146.8,10374.8
TUN,Tunisia,2006,3322.6,9707.5
TUN,Tunisia,2007,3726.9,8575.3
TUN,Tunisia,2008,4255.1,9829.8
TUN,Tunisia,2009,4080.1,8095.2
TUN,Tunisia,2010,4291.9,8215.6
TUN,Tunisia,2011,4420.6,7754.2
TUN,Tunisia,2012,4297.3,8405.1
TUN,Tunisia,2013,4369.8,8780.3
TUN,Tunisia,2014,4459.0,9543.3
TUN,Tunisia,2015,4014.9,9753.9
TUN,Tunisia,2016,3847.8,9623.4
TUN,Tunisia,2017,3619.0,10091.0
TUN,Tunisia,2018,3628.1,10192.4
TUN,Tunisia,2019,3528.9,10254.7
TUN,Tunisia,2020,3548.7,9408.2
TUN,Tunisia,2021,3906.9,10218.4
TUN,Tunisia,2022,3707.3,10186.2
TUN,Tunisia,2023,3951.1,10008.6
TUR,Turkiye,2000,4199.4,13198.7
TUR,Turkiye,2001,3052.2,11841.9
TUR,Turkiye,2002,3591.1,12814.3
TUR,Turkiye,2003,4649.6,13407.0
TUR,Turkiye,2004,5979.6,14197.5
TUR,Turkiye,2005,7331.9,14367.8
TUR,Turkiye,2006,7990.1,15776.2
TUR,Turkiye,2007,9766.9,16589.5
TUR,Turkiye,2008,10913.4,16442.7
TUR,Turkiye,2009,9076.9,16459.5
TUR,Turkiye,2010,10699.0,17085.5
TUR,Turkiye,2011,11373.6,18015.5
TUR,Turkiye,2012,11776.8,18897.5
TUR,Turkiye,2013,12635.6,18483.4
TUR,Turkiye,2014,12209.4,18636.9
TUR,Turkiye,2015,11064.6,19859.2
TUR,Turkiye,2016,10984.4,20443.3
TUR,Turkiye,2017,10756.4,21512.5
TUR,Turkiye,2018,9684.1,21179.3
TUR,Turkiye,2019,9395.2,21663.3
TUR,Turkiye,2020,8798.1,21161.5
TUR,Turkiye,2021,9981.8,22505.6
TUR,Turkiye,2022,10897.8,22617.6
TUR,Turkiye,2023,13375.1,22476.0
TZA,Tanzania,2000,401.7,390.6
TZA,Tanzania,2001,396.6,428.3
TZA,Tanzania,2002,402.6,469.1
TZA,Tanzania,2003,422.2,473.2
TZA,Tanzania,2004,450.4,591.4
TZA,Tanzania,2005,483.3,653.1
TZA,Tanzania,2006,475.7,670.7
TZA,Tanzania,2007,543.2,663.8
TZA,Tanzania,2008,676.0,675.1
TZA,Tanzania,2009,693.8,649.8
TZA,Tanzania,2010,736.5,742.1
TZA,Tanzania,2011,775.4,763.4
TZA,Tanzania,2012,862.0,917.6
TZA,Tanzania,2013,963.1,934.0
TZA,Tanzania,2014,1022.7,919.4
TZA,Tanzania,2015,939.1,938.6
TZA,Tanzania,2016,953.0,995.3
TZA,Tanzania,2017,986.7,866.5
TZA,Tanzania,2018,1023.1,981.4
TZA,Tanzania,2019,1063.3,1016.6
TZA,Tanzania,2020,1117.4,939.8
TZA,Tanzania,2021,1159.9,1055.5
TZA,Tanzania,2022,1207.5,1165.2
TZA,Tanzania,2023,1224.0,1169.4
UGA,Uganda,2000,258.1,302.7
UGA,Uganda,2001,236.0,299.8
UGA,Uganda,2002,242.0,294.3
UGA,Uganda,2003,250.7,302.2
UGA,Uganda,2004,292.4,313.1
UGA,Uganda,2005,330.4,365.9
UGA,Uganda,2006,346.5,388.0
UGA,Uganda,2007,401.4,455.0
UGA,Uganda,2008,472.8,451.7
UGA,Uganda,2009,798.9,465.6
UGA,Uganda,2010,823.5,515.0
UGA,Uganda,2011,835.6,526.3
UGA,Uganda,2012,795.2,522.6
UGA,Uganda,2013,818.3,541.0
UGA,Uganda,2014,896.1,617.8
UGA,Uganda,2015,862.9,612.4
UGA,Uganda,2016,752.7,617.1
UGA,Uganda,2017,765.2,645.0
UGA,Uganda,2018,792.2,671.4
UGA,Uganda,2019,822.2,663.3
UGA,Uganda,2020,845.8,613.9
UGA,Uganda,2021,882.8,656.1
UGA,Uganda,2022,963.1,663.2
UGA,Uganda,2023,1002.3,640.6
UKR,Ukraine,2000,653.3,31992.8
UKR,Ukraine,2001,800.5,31826.5
UKR,Ukraine,2002,903.0,31908.9
UKR,Ukraine,2003,1076.5,32948.8
UKR,Ukraine,2004,1401.0,33053.1
UKR,Ukraine,2005,1875.3,33739.1
UKR,Ukraine,2006,2366.5,34358.6
UKR,Ukraine,2007,3160.3,34377.1
UKR,Ukraine,2008,4017.8,33363.5
UKR,Ukraine,2009,2607.1,28538.2
UKR,Ukraine,2010,3039.6,30715.4
UKR,Ukraine,2011,3656.7,31846.5
UKR,Ukraine,2012,3951.3,31226.7
UKR,Ukraine,2013,4129.9,29691.4
UKR,Ukraine,2014,3054.9,26284.7
UKR,Ukraine,2015,2094.5,21915.7
UKR,Ukraine,2016,2158.5,23017.7
UKR,Ukraine,2017,2604.3,21466.0
UKR,Ukraine,2018,3059.1,22384.7
UKR,Ukraine,2019,3619.9,21301.5
UKR,Ukraine,2020,3709.8,20556.2
UKR,Ukraine,2021,4775.9,21105.3
UKR,Ukraine,2022,4199.7,15074.3
UKR,Ukraine,2023,5139.6,15586.7
URY,Uruguay,2000,6987.7,10486.7
URY,Uruguay,2001,6382.8,10399.6
URY,Uruguay,2002,4149.8,8588.4
URY,Uruguay,2003,3671.1,9268.1
URY,Uruguay,2004,4168.7,11004.0
URY,Uruguay,2005,5284.3,10971.0
URY,Uruguay,2006,6001.3,11458.1
URY,Uruguay,2007,7222.1,11381.6
URY,Uruguay,2008,9424.0,14413.7
URY,Uruguay,2009,9881.4,14728.6
URY,Uruguay,2010,12641.1,13576.1
URY,Uruguay,2011,15132.3,14446.4
URY,Uruguay,2012,16259.6,15106.4
URY,Uruguay,2013,18335.3,14380.9
URY,Uruguay,2014,18322.4,13823.3
URY,Uruguay,2015,17125.9,14522.4
URY,Uruguay,2016,17009.8,14546.1
URY,Uruguay,2017,19184.7,13547.4
URY,Uruguay,2018,19249.9,13806.1
URY,Uruguay,2019,18315.7,14435.3
URY,Uruguay,2020,15757.5,13378.6
URY,Uruguay,2021,17881.8,14784.2
URY,Uruguay,2022,21009.3,14808.7
URY,Uruguay,2023,23378.6,15388.1
USA,United States,2000,36330.0,94308.1
USA,United States,2001,37133.6,91172.1
USA,United States,2002,37997.7,91601.2
USA,United States,2003,39490.3,91005.0
USA,United States,2004,41724.6,91872.9
USA,United States,2005,44123.4,91007.9
USA,United States,2006,46302.0,89378.2
USA,United States,2007,48050.2,89671.1
USA,United States,2008,48570.1,86589.6
USA,United States,2009,47195.0,81521.5
USA,United States,2010,48642.6,83435.1
USA,United States,2011,50024.9,81912.4
USA,United States,2012,51708.4,78985.0
USA,United States,2013,53297.4,80374.1
USA,United States,2014,55153.4,80454.0
USA,United States,2015,56849.5,78949.2
USA,United States,2016,57976.6,78155.1
USA,United States,2017,60047.7,77729.7
USA,United States,2018,62875.7,79893.9
USA,United States,2019,65228.0,78683.5
USA,United States,2020,64465.3,72562.7
USA,United States,2021,71441.2,76307.4
USA,United States,2022,78008.7,77627.7
USA,United States,2023,82586.8,76326.9
UZB,Uzbekistan,2000,555.1,23997.0
UZB,Uzbekistan,2001,454.4,23760.3
UZB,Uzbekistan,2002,381.4,24061.2
UZB,Uzbekistan,2003,394.2,21514.1
UZB,Uzbekistan,2004,462.2,21354.6
UZB,Uzbekistan,2005,542.8,21309.8
UZB,Uzbekistan,2006,649.1,19655.7
UZB,Uzbekistan,2007,824.0,20591.1
UZB,Uzbekistan,2008,1074.7,19033.3
UZB,Uzbekistan,2009,1205.8,18761.7
UZB,Uzbekistan,2010,1956.8,18518.7
UZB,Uzbekistan,2011,2338.6,19080.5
UZB,Uzbekistan,2012,2574.0,18572.2
UZB,Uzbekistan,2013,2781.4,18355.1
UZB,Uzbekistan,2014,3021.0,18733.0
UZB,Uzbekistan,2015,3172.9,17566.4
UZB,Uzbekistan,2016,3128.4,16645.0
UZB,Uzbekistan,2017,2271.5,16900.0
UZB,Uzbekistan,2018,1894.1,16649.7
UZB,Uzbekistan,2019,2128.7,16483.4
UZB,Uzbekistan,2020,2088.0,16072.5
UZB,Uzbekistan,2021,2370.4,16818.2
UZB,Uzbekistan,2022,2698.6,16958.8
UZB,Uzbekistan,2023,3016.0,16840.8
VCT,St. Vincent and the Grenadines,2000,3769.0,5735.5
VCT,St. Vincent and the Grenadines,2001,4071.1,6808.6
VCT,St. Vincent and the Grenadines,2002,4303.3,7353.4
VCT,St. Vincent and the Grenadines,2003,4499.6,7759.0
VCT,St. Vincent and the Grenadines,2004,4873.5,8534.0
VCT,St. Vincent and the Grenadines,2005,5157.4,8616.7
VCT,St. Vincent and the Grenadines,2006,5744.8,8634.9
VCT,St. Vincent and the Grenadines,2007,6398.2,8854.5
VCT,St. Vincent and the Grenadines,2008,6598.9,8889.1
VCT,St. Vincent and the Grenadines,2009,6463.8,12161.6
VCT,St. Vincent and the Grenadines,2010,6552.0,8881.5
VCT,St. Vincent and the Grenadines,2011,6527.7,8266.2
VCT,St. Vincent and the Grenadines,2012,6713.8,10181.5
VCT,St. Vincent and the Grenadines,2013,7072.5,8331.0
VCT,St. Vincent and the Grenadines,2014,7168.8,8823.8
VCT,St. Vincent and the Grenadines,2015,7353.7,9015.5
VCT,St. Vincent and the Grenadines,2016,7656.9,9070.2
VCT,St. Vincent and the Grenadines,2017,7988.0,10490.9
VCT,St. Vincent and the Grenadines,2018,8428.1,10144.4
VCT,St. Vincent and the Grenadines,2019,8740.6,9379.4
VCT,St. Vincent and the Grenadines,2020,8351.2,10105.6
VCT,St. Vincent and the Grenadines,2021,8641.3,10010.8
VCT,St. Vincent and the Grenadines,2022,9693.6,10512.4
VCT,St. Vincent and the Grenadines,2023,10582.4,11156.7
VEN,"Venezuela, RB",2000,4776.3,31476.4
VEN,"Venezuela, RB",2001,4920.4,32706.3
VEN,"Venezuela, RB",2002,3652.1,32074.7
VEN,"Venezuela, RB",2003,3229.5,28348.3
VEN,"Venezuela, RB",2004,4269.1,31015.1
VEN,"Venezuela, RB",2005,5432.5,31702.9
VEN,"Venezuela, RB",2006,6739.4,34305.9
VEN,"Venezuela, RB",2007,8331.6,35287.0
VEN,"Venezuela, RB",2008,11262.5,35657.4
VEN,"Venezuela, RB",2009,11596.6,35543.0
VEN,"Venezuela, RB",2010,13646.3,33214.4
VEN,"Venezuela, RB",2011,10843.9,34603.8
VEN,"Venezuela, RB",2012,12582.0,35695.2
VEN,"Venezuela, RB",2013,8642.4,34668.4
VEN,"Venezuela, RB",2014,7101.2,33491.0
VEN,"Venezuela, RB",2015,4096.6,31703.5
VEN,"Venezuela, RB",2016,3671.2,28931.0
VEN,"Venezuela, RB",2017,3791.6,28560.9
VEN,"Venezuela, RB",2018,3421.5,24419.0
VEN,"Venezuela, RB",2019,2523.1,22702.5
VEN,"Venezuela, RB",2020,1506.0,18557.8
VEN,"Venezuela, RB",2021,2004.9,21392.8
VEN,"Venezuela, RB",2022,3155.0,22898.9
VEN,"Venezuela, RB",2023,3617.5,24715.9
VIR,Virgin Islands (U.S.),2002,30062.0,514122.5
VIR,Virgin Islands (U.S.),2003,31731.3,606772.7
VIR,Virgin Islands (U.S.),2004,35006.4,624022.6
VIR,Virgin Islands (U.S.),2005,40828.7,611706.4
VIR,Virgin Islands (U.S.),2006,41377.1,651836.6
VIR,Virgin Islands (U.S.),2007,44158.5,609783.6
VIR,Virgin Islands (U.S.),2008,39152.4,354278.6
VIR,Virgin Islands (U.S.),2009,38753.2,309834.3
VIR,Virgin Islands (U.S.),2010,39905.1,281506.3
VIR,Virgin Islands (U.S.),2011,38997.1,188008.3
VIR,Virgin Islands (U.S.),2012,37795.3,108847.4
VIR,Virgin Islands (U.S.),2013,34598.0,57659.0
VIR,Virgin Islands (U.S.),2014,33045.4,119096.7
VIR,Virgin Islands (U.S.),2015,34007.4,120024.1
VIR,Virgin Islands (U.S.),2016,35325.0,101821.4
VIR,Virgin Islands (U.S.),2017,35365.1,104354.2
VIR,Virgin Islands (U.S.),2018,36663.2,107600.9
VIR,Virgin Islands (U.S.),2019,38633.5,111124.2
VIR,Virgin Islands (U.S.),2020,39787.4,105774.5
VIR,Virgin Islands (U.S.),2021,42571.1,112134.6
VIR,Virgin Islands (U.S.),2022,44320.9,107261.3
VNM,Viet Nam,2000,404.0,2775.6
VNM,Viet Nam,2001,419.2,3104.4
VNM,Viet Nam,2002,445.1,3361.0
VNM,Viet Nam,2003,497.1,3586.2
VNM,Viet Nam,2004,565.5,4328.8
VNM,Viet Nam,2005,710.7,4560.4
VNM,Viet Nam,2006,807.8,4125.3
VNM,Viet Nam,2007,925.6,4427.3
VNM,Viet Nam,2008,1163.8,5367.8
VNM,Viet Nam,2009,1226.2,5409.7
VNM,Viet Nam,2010,1683.2,6177.2
VNM,Viet Nam,2011,1950.9,6749.8
VNM,Viet Nam,2012,2185.1,6938.2
VNM,Viet Nam,2013,2359.5,7244.1
VNM,Viet Nam,2014,2546.4,7894.7
VNM,Viet Nam,2015,2577.6,8731.4
VNM,Viet Nam,2016,2735.1,9326.3
VNM,Viet Nam,2017,2956.1,9981.7
VNM,Viet Nam,2018,3222.3,11211.0
VNM,Viet Nam,2019,3440.9,12433.1
VNM,Viet Nam,2020,3534.0,12527.9
VNM,Viet Nam,2021,3704.2,12365.5
VNM,Viet Nam,2022,4147.7,12976.4
VNM,Viet Nam,2023,4322.8,13711.1
VUT,Vanuatu,2000,1460.2,2050.2
VUT,Vanuatu,2001,1350.2,2226.6
VUT,Vanuatu,2002,1340.7,2072.5
VUT,Vanuatu,2003,1566.5,2372.7
VUT,Vanuatu,2004,1774.3,1863.6
VUT,Vanuatu,2005,1874.0,1819.0
VUT,Vanuatu,2006,2034.8,1646.8
VUT,Vanuatu,2007,2333.7,2605.3
VUT,Vanuatu,2008,2603.6,2505.3
VUT,Vanuatu,2009,2546.4,2822.9
VUT,Vanuatu,2010,2815.2,2811.2
VUT,Vanuatu,2011,3163.2,3195.2
VUT,Vanuatu,2012,3004.8,2610.6
VUT,Vanuatu,2013,3392.6,2464.3
VUT,Vanuatu,2014,3378.4,2750.5
VUT,Vanuatu,2015,3214.4,2523.7
VUT,Vanuatu,2016,3339.8,2495.0
VUT,Vanuatu,2017,3585.3,2717.1
VUT,Vanuatu,2018,3626.2,3390.2
VUT,Vanuatu,2019,3635.6,3189.9
VUT,Vanuatu,2020,3404.3,3631.0
VUT,Vanuatu,2021,3576.1,3738.7
VUT,Vanuatu,2022,3679.5,3666.6
VUT,Vanuatu,2023,3708.2,3999.6
WSM,Samoa,2000,1424.8,4732.4
WSM,Samoa,2001,1453.9,4890.4
WSM,Samoa,2002,1527.6,5018.5
WSM,Samoa,2003,1798.1,5131.7
WSM,Samoa,2004,2189.3,5160.2
WSM,Samoa,2005,2550.0,5212.2
WSM,Samoa,2006,2663.3,5378.1
WSM,Samoa,2007,3038.6,5733.3
WSM,Samoa,2008,3373.6,5845.4
WSM,Samoa,2009,3279.2,6106.6
WSM,Samoa,2010,3524.2,6052.4
WSM,Samoa,2011,3821.5,6054.3
WSM,Samoa,2012,3934.6,5970.8
WSM,Samoa,2013,4023.5,5777.4
WSM,Samoa,2014,3982.7,5826.5
WSM,Samoa,2015,4084.4,6696.8
WSM,Samoa,2016,4147.1,7039.8
WSM,Samoa,2017,4307.6,6688.4
WSM,Samoa,2018,4231.8,6772.4
WSM,Samoa,2019,4351.9,7204.7
WSM,Samoa,2020,4099.6,6182.3
WSM,Samoa,2021,4021.6,6108.0
WSM,Samoa,2022,4132.4,6267.3
WSM,Samoa,2023,4822.7,6540.7
YEM,"Yemen, Rep.",2000,493.2,3064.5
YEM,"Yemen, Rep.",2001,487.1,3199.5
YEM,"Yemen, Rep.",2002,513.2,3133.2
YEM,"Yemen, Rep.",2003,548.9,3488.2
YEM,"Yemen, Rep.",2004,627.6,3576.5
YEM,"Yemen, Rep.",2005,734.2,3654.4
YEM,"Yemen, Rep.",2006,809.7,3534.5
YEM,"Yemen, Rep.",2007,890.3,3633.3
YEM,"Yemen, Rep.",2008,1071.6,3694.5
YEM,"Yemen, Rep.",2009,969.2,3964.1
YEM,"Yemen, Rep.",2010,1155.2,3727.7
YEM,"Yemen, Rep.",2011,1186.5,3038.0
YEM,"Yemen, Rep.",2012,1245.1,2553.6
YEM,"Yemen, Rep.",2013,1378.8,3495.8
YEM,"Yemen, Rep.",2014,1430.2,3208.8
YEM,"Yemen, Rep.",2015,1362.2,1674.8
YEM,"Yemen, Rep.",2016,975.4,1297.8
YEM,"Yemen, Rep.",2017,811.2,1624.4
YEM,"Yemen, Rep.",2018,633.9,1845.5
ZAF,South Africa,2000,3217.8,25135.5
ZAF,South Africa,2001,2847.2,25049.7
ZAF,South Africa,2002,2688.2,24180.3
ZAF,South Africa,2003,4062.2,25937.1
ZAF,South Africa,2004,5221.5,28020.7
ZAF,South Africa,2005,5836.9,26254.2
ZAF,South Africa,2006,6077.4,26522.1
ZAF,South Africa,2007,6591.9,26958.9
ZAF,South Africa,2008,6184.8,28557.3
ZAF,South Africa,2009,6374.7,28093.1
ZAF,South Africa,2010,7973.5,27968.6
ZAF,South Africa,2011,8646.1,27289.5
ZAF,South Africa,2012,8077.0,26478.9
ZAF,South Africa,2013,7331.7,26163.1
ZAF,South Africa,2014,6856.7,26046.4
ZAF,South Africa,2015,6112.3,24952.9
ZAF,South Africa,2016,5651.2,25848.3
ZAF,South Africa,2017,6618.3,25594.5
ZAF,South Africa,2018,6914.2,24053.7
ZAF,South Africa,2019,6533.7,24698.1
ZAF,South Africa,2020,5580.6,23110.0
ZAF,South Africa,2021,6828.8,22855.1
ZAF,South Africa,2022,6534.2,21580.7
ZAF,South Africa,2023,6034.3,21641.2
ZMB,Zambia,2000,359.4,1376.6
ZMB,Zambia,2001,396.5,1418.8
ZMB,Zambia,2002,393.9,1460.3
ZMB,Zambia,2003,446.3,1498.4
ZMB,Zambia,2004,548.7,1505.4
ZMB,Zambia,2005,711.0,1537.2
ZMB,Zambia,2006,1051.7,1506.2
ZMB,Zambia,2007,1118.7,1316.0
ZMB,Zambia,2008,1375.5,1383.1
ZMB,Zambia,2009,1136.2,1346.5
ZMB,Zambia,2010,1451.1,1352.3
ZMB,Zambia,2011,1624.9,1502.8
ZMB,Zambia,2012,1710.1,1610.5
ZMB,Zambia,2013,1820.7,1627.5
ZMB,Zambia,2014,1707.5,1736.2
ZMB,Zambia,2015,1295.9,1732.0
ZMB,Zambia,2016,1239.1,1727.8
ZMB,Zambia,2017,1483.5,1958.4
ZMB,Zambia,2018,1463.9,2070.5
ZMB,Zambia,2019,1259.0,1962.3
ZMB,Zambia,2020,951.6,2019.7
ZMB,Zambia,2021,1127.2,2106.3
ZMB,Zambia,2022,1447.1,1986.8
ZMB,Zambia,2023,1330.7,2458.8
ZWE,Zimbabwe,2000,562.8,4353.1
ZWE,Zimbabwe,2001,566.4,4088.4
ZWE,Zimbabwe,2002,524.9,3903.7
ZWE,Zimbabwe,2003,468.5,3491.1
ZWE,Zimbabwe,2004,469.7,3125.5
ZWE,Zimbabwe,2005,461.3,3325.7
ZWE,Zimbabwe,2006,431.0,3268.9
ZWE,Zimbabwe,2007,413.5,3140.1
ZWE,Zimbabwe,2008,340.9,2401.1
ZWE,Zimbabwe,2009,735.8,2379.0
ZWE,Zimbabwe,2010,902.0,2653.3
ZWE,Zimbabwe,2011,1037.8,2995.4
ZWE,Zimbabwe,2012,1239.2,3245.7
ZWE,Zimbabwe,2013,1363.0,3313.2
ZWE,Zimbabwe,2014,1372.9,3144.7
ZWE,Zimbabwe,2015,1387.1,3187.2
ZWE,Zimbabwe,2016,1408.1,2865.8
ZWE,Zimbabwe,2017,3445.4,2598.6
ZWE,Zimbabwe,2018,2270.9,2852.9
ZWE,Zimbabwe,2019,2184.5,2556.0
ZWE,Zimbabwe,2020,2059.6,2136.0
ZWE,Zimbabwe,2021,2613.6,2334.0
ZWE,Zimbabwe,2022,2536.4,3578.9
ZWE,Zimbabwe,2023,2195.2,3283.9
