entity,code,year,per_capita_total_demand__kwh
Afghanistan,AFG,2000,28.315475
Afghanistan,AFG,2001,38.453377
Afghanistan,AFG,2002,37.889202
Afghanistan,AFG,2003,44.4287
Afghanistan,AFG,2004,37.774837
Afghanistan,AFG,2005,37.69785
Afghanistan,AFG,2006,52.312572
Afghanistan,AFG,2007,62.52448
Afghanistan,AFG,2008,57.773716
Afghanistan,AFG,2009,74.27337
Afghanistan,AFG,2010,97.22781
Afghanistan,AFG,2011,119.25974
Afghanistan,AFG,2012,129.25377
Afghanistan,AFG,2013,149.57605
Afghanistan,AFG,2014,148.50943
Afghanistan,AFG,2015,146.60777
Afghanistan,AFG,2016,159.65135
Afghanistan,AFG,2017,164.47672
Afghanistan,AFG,2018,167.65079
Afghanistan,AFG,2019,168.26868
Afghanistan,AFG,2020,162.02113
Afghanistan,AFG,2021,168.99828
Afghanistan,AFG,2022,168.56073
Afghanistan,AFG,2023,173.44208
Afghanistan,AFG,2024,159.91559
Africa,OWID_AFR,2000,547.0074
Africa,OWID_AFR,2001,543.3933
Africa,OWID_AFR,2002,560.51074
Africa,OWID_AFR,2003,570.1656
Africa,OWID_AFR,2004,589.6359
Africa,OWID_AFR,2005,596.85913
Africa,OWID_AFR,2006,610.8384
Africa,OWID_AFR,2007,619.7964
Africa,OWID_AFR,2008,615.271
Africa,OWID_AFR,2009,603.0602
Africa,OWID_AFR,2010,631.0914
Africa,OWID_AFR,2011,631.8625
Africa,OWID_AFR,2012,650.126
Africa,OWID_AFR,2013,647.763
Africa,OWID_AFR,2014,654.50433
Africa,OWID_AFR,2015,654.22754
Africa,OWID_AFR,2016,649.69745
Africa,OWID_AFR,2017,648.011
Africa,OWID_AFR,2018,653.78357
Africa,OWID_AFR,2019,648.87494
Africa,OWID_AFR,2020,623.1649
Africa,OWID_AFR,2021,640.31915
Africa,OWID_AFR,2022,640.3305
Africa,OWID_AFR,2023,631.078
Africa,OWID_AFR,2024,637.8464
Albania,ALB,2000,1809.7706
Albania,ALB,2001,1728.1127
Albania,ALB,2002,1856.9955
Albania,ALB,2003,1972.3594
Albania,ALB,2004,1946.0012
Albania,ALB,2005,1872.4669
Albania,ALB,2006,1851.9702
Albania,ALB,2007,1872.3822
Albania,ALB,2008,2068.2053
Albania,ALB,2009,2228.61
Albania,ALB,2010,2260.3645
Albania,ALB,2011,2558.8193
Albania,ALB,2012,2494.8428
Albania,ALB,2013,3191.6675
Albania,ALB,2014,2682.7397
Albania,ALB,2015,2514.9778
Albania,ALB,2016,2670.929
Albania,ALB,2017,2567.0708
Albania,ALB,2018,2639.7358
Albania,ALB,2019,2637.7717
Albania,ALB,2020,2642.8037
Albania,ALB,2021,2944.2307
Albania,ALB,2022,2790.3384
Albania,ALB,2023,2877.304
Albania,ALB,2024,3105.5723
Algeria,DZA,2000,819.6378
Algeria,DZA,2001,848.03577
Algeria,DZA,2002,870.2134
Algeria,DZA,2003,919.3241
Algeria,DZA,2004,958.06445
Algeria,DZA,2005,1026.6011
Algeria,DZA,2006,1050.1582
Algeria,DZA,2007,1088.0559
Algeria,DZA,2008,1154.0352
Algeria,DZA,2009,1083.9539
Algeria,DZA,2010,1261.736
Algeria,DZA,2011,1384.1553
Algeria,DZA,2012,1523.3955
Algeria,DZA,2013,1556.7169
Algeria,DZA,2014,1634.484
Algeria,DZA,2015,1719.4105
Algeria,DZA,2016,1732.8949
Algeria,DZA,2017,1816.5332
Algeria,DZA,2018,1803.5513
Algeria,DZA,2019,1881.7611
Algeria,DZA,2020,1800.7772
Algeria,DZA,2021,1886.6829
Algeria,DZA,2022,1954.8175
Algeria,DZA,2023,2024.0784
Algeria,DZA,2024,2004.5155
American Samoa,ASM,2000,2988.906
American Samoa,ASM,2001,2978.6936
American Samoa,ASM,2002,3153.4136
American Samoa,ASM,2003,3334.0352
American Samoa,ASM,2004,3342.6575
American Samoa,ASM,2005,3354.6382
American Samoa,ASM,2006,3369.332
American Samoa,ASM,2007,3384.7578
American Samoa,ASM,2008,3402.0913
American Samoa,ASM,2009,3240.7908
American Samoa,ASM,2010,2896.1372
American Samoa,ASM,2011,2913.4875
American Samoa,ASM,2012,2935.4565
American Samoa,ASM,2013,2776.4412
American Samoa,ASM,2014,2804.315
American Samoa,ASM,2015,3024.8032
American Samoa,ASM,2016,3252.966
American Samoa,ASM,2017,3100.4746
American Samoa,ASM,2018,3141.752
American Samoa,ASM,2019,3185.3474
American Samoa,ASM,2020,3415.0947
American Samoa,ASM,2021,3451.8467
American Samoa,ASM,2022,3721.6997
American Samoa,ASM,2023,3575.6353
American Samoa,ASM,2024,3846.8115
Angola,AGO,2000,88.91703
Angola,AGO,2001,97.926796
Angola,AGO,2002,101.571465
Angola,AGO,2003,110.90232
Angola,AGO,2004,120.42735
Angola,AGO,2005,136.33188
Angola,AGO,2006,148.88625
Angola,AGO,2007,155.92989
Angola,AGO,2008,187.68547
Angola,AGO,2009,219.05194
Angola,AGO,2010,234.38686
Angola,AGO,2011,233.707
Angola,AGO,2012,306.6242
Angola,AGO,2013,311.47745
Angola,AGO,2014,351.9783
Angola,AGO,2015,347.32825
Angola,AGO,2016,376.2455
Angola,AGO,2017,357.5346
Angola,AGO,2018,419.8464
Angola,AGO,2019,488.6391
Angola,AGO,2020,502.524
Angola,AGO,2021,487.94717
Angola,AGO,2022,485.758
Angola,AGO,2023,428.57248
Angola,AGO,2024,411.49924
Antigua and Barbuda,ATG,2000,2001.8953
Antigua and Barbuda,ATG,2001,2234.4314
Antigua and Barbuda,ATG,2002,2465.9631
Antigua and Barbuda,ATG,2003,2695.902
Antigua and Barbuda,ATG,2004,2794.2185
Antigua and Barbuda,ATG,2005,3014.0151
Antigua and Barbuda,ATG,2006,3225.0461
Antigua and Barbuda,ATG,2007,3548.8765
Antigua and Barbuda,ATG,2008,3617.6833
Antigua and Barbuda,ATG,2009,3919.566
Antigua and Barbuda,ATG,2010,3867.0215
Antigua and Barbuda,ATG,2011,3821.6562
Antigua and Barbuda,ATG,2012,3781.1516
Antigua and Barbuda,ATG,2013,3746.8494
Antigua and Barbuda,ATG,2014,3829.5188
Antigua and Barbuda,ATG,2015,3914.0693
Antigua and Barbuda,ATG,2016,3778.6174
Antigua and Barbuda,ATG,2017,3868.13
Antigua and Barbuda,ATG,2018,3958.5671
Antigua and Barbuda,ATG,2019,3939.7224
Antigua and Barbuda,ATG,2020,3809.98
Antigua and Barbuda,ATG,2021,3789.6013
Antigua and Barbuda,ATG,2022,3877.2214
Antigua and Barbuda,ATG,2023,3857.2395
Antigua and Barbuda,ATG,2024,3945.32
Argentina,ARG,2000,2423.8198
Argentina,ARG,2001,2442.271
Argentina,ARG,2002,2380.0042
Argentina,ARG,2003,2527.0479
Argentina,ARG,2004,2672.3577
Argentina,ARG,2005,2795.4866
Argentina,ARG,2006,2922.3582
Argentina,ARG,2007,3026.7314
Argentina,ARG,2008,3151.334
Argentina,ARG,2009,3144.7932
Argentina,ARG,2010,3259.9724
Argentina,ARG,2011,3334.719
Argentina,ARG,2012,3406.645
Argentina,ARG,2013,3464.1028
Argentina,ARG,2014,3449.2317
Argentina,ARG,2015,3550.8423
Argentina,ARG,2016,3569.4507
Argentina,ARG,2017,3523.9082
Argentina,ARG,2018,3501.0732
Argentina,ARG,2019,3340.1917
Argentina,ARG,2020,3304.7915
Argentina,ARG,2021,3435.0508
Argentina,ARG,2022,3490.3616
Argentina,ARG,2023,3599.16
Argentina,ARG,2024,3538.1533
Argentina,ARG,2025,3542.9685
Armenia,ARM,2000,1702.0569
Armenia,ARM,2001,1741.0475
Armenia,ARM,2002,1623.23
Armenia,ARM,2003,1651.8722
Armenia,ARM,2004,1667.4695
Armenia,ARM,2005,1762.9293
Armenia,ARM,2006,1805.796
Armenia,ARM,2007,1939.6099
Armenia,ARM,2008,1986.4893
Armenia,ARM,2009,1833.2938
Armenia,ARM,2010,1873.0277
Armenia,ARM,2011,2011.4468
Armenia,ARM,2012,2128.2937
Armenia,ARM,2013,2165.9346
Armenia,ARM,2014,2196.7998
Armenia,ARM,2015,2156.6636
Armenia,ARM,2016,2107.0332
Armenia,ARM,2017,2198.9963
Armenia,ARM,2018,2120.2961
Armenia,ARM,2019,2248.642
Armenia,ARM,2020,2293.409
Armenia,ARM,2021,2470.0916
Armenia,ARM,2022,2926.1892
Armenia,ARM,2023,2551.473
Armenia,ARM,2024,2569.0664
Armenia,ARM,2025,2757.121
Aruba,ABW,2000,8786.554
Aruba,ABW,2001,8968.113
Aruba,ABW,2002,8972.24
Aruba,ABW,2003,9098.393
Aruba,ABW,2004,9332.461
Aruba,ABW,2005,9656.3
Aruba,ABW,2006,9538.484
Aruba,ABW,2007,9730.446
Aruba,ABW,2008,9303.277
Aruba,ABW,2009,9592.084
Aruba,ABW,2010,9388.077
Aruba,ABW,2011,9208.377
Aruba,ABW,2012,9039.637
Aruba,ABW,2013,9164.473
Aruba,ABW,2014,9092.58
Aruba,ABW,2015,9309.021
Aruba,ABW,2016,8953.319
Aruba,ABW,2017,9173.705
Aruba,ABW,2018,9112.517
Aruba,ABW,2019,9244.647
Aruba,ABW,2020,9216.934
Aruba,ABW,2021,9296.704
Aruba,ABW,2022,9277.126
Aruba,ABW,2023,9263.892
Aruba,ABW,2024,9252.748
Asia,OWID_ASI,2000,1285.0961
Asia,OWID_ASI,2001,1323.3046
Asia,OWID_ASI,2002,1391.1956
Asia,OWID_ASI,2003,1473.4049
Asia,OWID_ASI,2004,1583.9479
Asia,OWID_ASI,2005,1682.7833
Asia,OWID_ASI,2006,1795.918
Asia,OWID_ASI,2007,1923.1405
Asia,OWID_ASI,2008,1979.07
Asia,OWID_ASI,2009,2018.0195
Asia,OWID_ASI,2010,2190.3604
Asia,OWID_ASI,2011,2319.5308
Asia,OWID_ASI,2012,2402.9678
Asia,OWID_ASI,2013,2508.9014
Asia,OWID_ASI,2014,2619.4023
Asia,OWID_ASI,2015,2628.1655
Asia,OWID_ASI,2016,2732.0571
Asia,OWID_ASI,2017,2865.438
Asia,OWID_ASI,2018,3010.8645
Asia,OWID_ASI,2019,3079.0789
Asia,OWID_ASI,2020,3105.5208
Asia,OWID_ASI,2021,3322.9304
Asia,OWID_ASI,2022,3427.6084
Asia,OWID_ASI,2023,3575.1846
Asia,OWID_ASI,2024,3753.077
Australia,AUS,2000,11333.089
Australia,AUS,2001,11580.425
Australia,AUS,2002,11405.254
Australia,AUS,2003,11400.418
Australia,AUS,2004,11434.812
Australia,AUS,2005,11369.589
Australia,AUS,2006,11558.206
Australia,AUS,2007,11605.597
Australia,AUS,2008,11482.133
Australia,AUS,2009,11472.241
Australia,AUS,2010,11334.781
Australia,AUS,2011,11400.468
Australia,AUS,2012,10968.532
Australia,AUS,2013,10740.105
Australia,AUS,2014,10495.601
Australia,AUS,2015,10605.897
Australia,AUS,2016,10613.662
Australia,AUS,2017,10471.454
Australia,AUS,2018,10455.141
Australia,AUS,2019,10434.524
Australia,AUS,2020,10299.572
Australia,AUS,2021,10303.811
Australia,AUS,2022,10416.402
Australia,AUS,2023,10325.08
Australia,AUS,2024,10543.101
Australia,AUS,2025,10615.397
Austria,AUT,1990,6355.778
Austria,AUT,1991,6565.564
Austria,AUT,1992,6431.4463
Austria,AUT,1993,6396.466
Austria,AUT,1994,6441.042
Austria,AUT,1995,6613.569
Austria,AUT,1996,6833.384
Austria,AUT,1997,6878.463
Austria,AUT,1998,6976.2793
Austria,AUT,1999,7233.0205
Austria,AUT,2000,7271.9976
Austria,AUT,2001,7609.8267
Austria,AUT,2002,7588.8066
Austria,AUT,2003,7827.539
Austria,AUT,2004,7943.969
Austria,AUT,2005,8140.5195
Austria,AUT,2006,8289.096
Austria,AUT,2007,8298.231
Austria,AUT,2008,8318.865
Austria,AUT,2009,8027.4907
Austria,AUT,2010,8399.195
Austria,AUT,2011,8387.671
Austria,AUT,2012,8474.074
Austria,AUT,2013,8467.931
Austria,AUT,2014,8285.161
Austria,AUT,2015,8310.931
Austria,AUT,2016,8243.381
Austria,AUT,2017,8369.343
Austria,AUT,2018,8326.498
Austria,AUT,2019,8312.243
Austria,AUT,2020,7984.1714
Austria,AUT,2021,8275.852
Austria,AUT,2022,8071.9907
Austria,AUT,2023,7766.3345
Austria,AUT,2024,7860.0435
Austria,AUT,2025,8321.648
Azerbaijan,AZE,2000,2345.016
Azerbaijan,AZE,2001,2380.0935
Azerbaijan,AZE,2002,2417.6865
Azerbaijan,AZE,2003,2717.6863
Azerbaijan,AZE,2004,2719.7107
Azerbaijan,AZE,2005,2796.2437
Azerbaijan,AZE,2006,2915.7263
Azerbaijan,AZE,2007,2444.4082
Azerbaijan,AZE,2008,2350.537
Azerbaijan,AZE,2009,2053.87
Azerbaijan,AZE,2010,2001.7815
Azerbaijan,AZE,2011,2116.4294
Azerbaijan,AZE,2012,2392.2324
Azerbaijan,AZE,2013,2407.3018
Azerbaijan,AZE,2014,2518.9136
Azerbaijan,AZE,2015,2502.8557
Azerbaijan,AZE,2016,2418.8235
Azerbaijan,AZE,2017,2312.2812
Azerbaijan,AZE,2018,2372.5615
Azerbaijan,AZE,2019,2433.1182
Azerbaijan,AZE,2020,2429.841
Azerbaijan,AZE,2021,2566.8406
Azerbaijan,AZE,2022,2533.193
Azerbaijan,AZE,2023,2525.632
Azerbaijan,AZE,2024,2574.3533
Azerbaijan,AZE,2025,2613.075
Bahamas,BHS,2000,5249.4087
Bahamas,BHS,2001,5398.86
Bahamas,BHS,2002,5699.2085
Bahamas,BHS,2003,5959.0317
Bahamas,BHS,2004,5827.06
Bahamas,BHS,2005,6077.2593
Bahamas,BHS,2006,6085.204
Bahamas,BHS,2007,6367.7505
Bahamas,BHS,2008,6282.582
Bahamas,BHS,2009,5898.469
Bahamas,BHS,2010,5469.656
Bahamas,BHS,2011,5514.6367
Bahamas,BHS,2012,5060.2705
Bahamas,BHS,2013,4960.985
Bahamas,BHS,2014,5022.076
Bahamas,BHS,2015,5190.0195
Bahamas,BHS,2016,5076.5347
Bahamas,BHS,2017,5096.083
Bahamas,BHS,2018,5092.713
Bahamas,BHS,2019,5092.6816
Bahamas,BHS,2020,5127.894
Bahamas,BHS,2021,5146.5635
Bahamas,BHS,2022,5156.6875
Bahamas,BHS,2023,5532.5796
Bahamas,BHS,2024,5607.0293
Bahrain,BHR,2000,20699.264
Bahrain,BHR,2001,20886.79
Bahrain,BHR,2002,20287.023
Bahrain,BHR,2003,19352.23
Bahrain,BHR,2004,18532.416
Bahrain,BHR,2005,20769.49
Bahrain,BHR,2006,21153.682
Bahrain,BHR,2007,20550.037
Bahrain,BHR,2008,20192.412
Bahrain,BHR,2009,19203.863
Bahrain,BHR,2010,19773.37
Bahrain,BHR,2011,20269.604
Bahrain,BHR,2012,20233.379
Bahrain,BHR,2013,20625.102
Bahrain,BHR,2014,20763.877
Bahrain,BHR,2015,20793.541
Bahrain,BHR,2016,19935.521
Bahrain,BHR,2017,19750.297
Bahrain,BHR,2018,19864.666
Bahrain,BHR,2019,22340.014
Bahrain,BHR,2020,22358.86
Bahrain,BHR,2021,22593.46
Bahrain,BHR,2022,23287.207
Bahrain,BHR,2023,24176.996
Bahrain,BHR,2024,23919.469
Bangladesh,BGD,2000,118.47398
Bangladesh,BGD,2001,127.04138
Bangladesh,BGD,2002,136.39604
Bangladesh,BGD,2003,142.37036
Bangladesh,BGD,2004,175.85371
Bangladesh,BGD,2005,186.29619
Bangladesh,BGD,2006,206.0025
Bangladesh,BGD,2007,209.40706
Bangladesh,BGD,2008,229.00262
Bangladesh,BGD,2009,246.76266
Bangladesh,BGD,2010,268.45908
Bangladesh,BGD,2011,287.90735
Bangladesh,BGD,2012,313.53558
Bangladesh,BGD,2013,340.7607
Bangladesh,BGD,2014,369.19586
Bangladesh,BGD,2015,393.20334
Bangladesh,BGD,2016,453.38678
Bangladesh,BGD,2017,481.60712
Bangladesh,BGD,2018,513.2608
Bangladesh,BGD,2019,557.2633
Bangladesh,BGD,2020,554.0054
Bangladesh,BGD,2021,618.8161
Bangladesh,BGD,2022,649.1724
Bangladesh,BGD,2023,648.2881
Bangladesh,BGD,2024,643.80316
Bangladesh,BGD,2025,671.9909
Barbados,BRB,2000,3014.4504
Barbados,BRB,2001,3162.7603
Barbados,BRB,2002,3255.6643
Barbados,BRB,2003,3273.2732
Barbados,BRB,2004,3329.6296
Barbados,BRB,2005,3684.1733
Barbados,BRB,2006,3777.6238
Barbados,BRB,2007,3870.2827
Barbados,BRB,2008,3850.1167
Barbados,BRB,2009,3903.1582
Barbados,BRB,2010,3742.039
Barbados,BRB,2011,3766.069
Barbados,BRB,2012,4080.1736
Barbados,BRB,2013,3637.4243
Barbados,BRB,2014,3700.3105
Barbados,BRB,2015,3727.6118
Barbados,BRB,2016,3755.3108
Barbados,BRB,2017,3711.9392
Barbados,BRB,2018,3704.7722
Barbados,BRB,2019,3769.3442
Barbados,BRB,2020,3762.7878
Barbados,BRB,2021,3756.7734
Barbados,BRB,2022,3860.8125
Barbados,BRB,2023,3895.9153
Barbados,BRB,2024,3929.5374
Belarus,BLR,2000,3333.8972
Belarus,BLR,2001,3354.7769
Belarus,BLR,2002,3343.309
Belarus,BLR,2003,3413.18
Belarus,BLR,2004,3538.7454
Belarus,BLR,2005,3620.253
Belarus,BLR,2006,3764.555
Belarus,BLR,2007,3782.2324
Belarus,BLR,2008,3871.195
Belarus,BLR,2009,3664.5393
Belarus,BLR,2010,3961.7512
Belarus,BLR,2011,3988.287
Belarus,BLR,2012,4058.9343
Belarus,BLR,2013,4002.344
Belarus,BLR,2014,4017.8604
Belarus,BLR,2015,3869.3877
Belarus,BLR,2016,3851.9578
Belarus,BLR,2017,3906.9932
Belarus,BLR,2018,4008.4258
Belarus,BLR,2019,4040.0977
Belarus,BLR,2020,4068.039
Belarus,BLR,2021,4426.3726
Belarus,BLR,2022,3976.7847
Belarus,BLR,2023,4544.9165
Belarus,BLR,2024,4992.9907
Belarus,BLR,2025,5053.5693
Belgium,BEL,1990,6683.0854
Belgium,BEL,1991,6934.719
Belgium,BEL,1992,7122.2466
Belgium,BEL,1993,7170.1025
Belgium,BEL,1994,7445.627
Belgium,BEL,1995,7653.9385
Belgium,BEL,1996,7810.399
Belgium,BEL,1997,7970.3657
Belgium,BEL,1998,8181.7593
Belgium,BEL,1999,8235.321
Belgium,BEL,2000,8498.087
Belgium,BEL,2001,8529.207
Belgium,BEL,2002,8567.717
Belgium,BEL,2003,8671.717
Belgium,BEL,2004,8702.371
Belgium,BEL,2005,8653.594
Belgium,BEL,2006,8863.865
Belgium,BEL,2007,8808.065
Belgium,BEL,2008,8745.334
Belgium,BEL,2009,8131.0015
Belgium,BEL,2010,8557.489
Belgium,BEL,2011,8318.065
Belgium,BEL,2012,8233.159
Belgium,BEL,2013,8206.785
Belgium,BEL,2014,7921.419
Belgium,BEL,2015,7931.4736
Belgium,BEL,2016,7984.853
Belgium,BEL,2017,8030.531
Belgium,BEL,2018,7979.974
Belgium,BEL,2019,7905.576
Belgium,BEL,2020,7622.116
Belgium,BEL,2021,7909.5356
Belgium,BEL,2022,7455.883
Belgium,BEL,2023,7151.9487
Belgium,BEL,2024,7355.972
Belgium,BEL,2025,7361.42
Belize,BLZ,2000,539.8469
Belize,BLZ,2001,1167.5046
Belize,BLZ,2002,1249.9072
Belize,BLZ,2003,1326.7928
Belize,BLZ,2004,1398.6271
Belize,BLZ,2005,1465.61
Belize,BLZ,2006,1458.8956
Belize,BLZ,2007,1485.8992
Belize,BLZ,2008,1511.3036
Belize,BLZ,2009,1471.4397
Belize,BLZ,2010,1811.0511
Belize,BLZ,2011,1527.6224
Belize,BLZ,2012,1853.9506
Belize,BLZ,2013,1756.2604
Belize,BLZ,2014,1690.8641
Belize,BLZ,2015,1711.8435
Belize,BLZ,2016,1699.9482
Belize,BLZ,2017,1688.035
Belize,BLZ,2018,1683.1829
Belize,BLZ,2019,2332.6152
Belize,BLZ,2020,1816.6978
Belize,BLZ,2021,1618.7982
Belize,BLZ,2022,1862.239
Belize,BLZ,2023,1775.6719
Belize,BLZ,2024,2037.993
Benin,BEN,2000,62.312904
Benin,BEN,2001,69.83991
Benin,BEN,2002,76.86865
Benin,BEN,2003,74.56015
Benin,BEN,2004,80.8913
Benin,BEN,2005,84.26154
Benin,BEN,2006,85.12359
Benin,BEN,2007,89.34582
Benin,BEN,2008,96.440704
Benin,BEN,2009,105.15876
Benin,BEN,2010,107.17033
Benin,BEN,2011,108.97967
Benin,BEN,2012,107.71655
Benin,BEN,2013,113.92467
Benin,BEN,2014,127.833084
Benin,BEN,2015,120.59136
Benin,BEN,2016,116.260735
Benin,BEN,2017,118.77296
Benin,BEN,2018,119.51533
Benin,BEN,2019,128.07658
Benin,BEN,2020,124.71147
Benin,BEN,2021,135.68498
Benin,BEN,2022,132.27219
Benin,BEN,2023,162.28433
Benin,BEN,2024,159.72098
Bermuda,BMU,2000,9745.164
Bermuda,BMU,2001,9856.675
Bermuda,BMU,2002,10295.513
Bermuda,BMU,2003,10576.076
Bermuda,BMU,2004,10547.175
Bermuda,BMU,2005,10999.521
Bermuda,BMU,2006,11295.839
Bermuda,BMU,2007,11581.787
Bermuda,BMU,2008,11370.995
Bermuda,BMU,2009,11637.599
Bermuda,BMU,2010,11608.207
Bermuda,BMU,2011,11450.441
Bermuda,BMU,2012,10995.052
Bermuda,BMU,2013,10693.001
Bermuda,BMU,2014,10385.36
Bermuda,BMU,2015,10554.173
Bermuda,BMU,2016,10399.27
Bermuda,BMU,2017,10534.095
Bermuda,BMU,2018,10023.179
Bermuda,BMU,2019,9511.929
Bermuda,BMU,2020,9160.921
Bermuda,BMU,2021,9122.959
Bermuda,BMU,2022,9726.425
Bermuda,BMU,2023,9888.599
Bermuda,BMU,2024,9433.963
Bhutan,BTN,2000,686.9156
Bhutan,BTN,2001,884.085
Bhutan,BTN,2002,1024.956
Bhutan,BTN,2003,1050.7052
Bhutan,BTN,2004,1122.1119
Bhutan,BTN,2005,1389.9906
Bhutan,BTN,2006,2951.6863
Bhutan,BTN,2007,1679.8228
Bhutan,BTN,2008,1427.8242
Bhutan,BTN,2009,2291.0862
Bhutan,BTN,2010,2579.6777
Bhutan,BTN,2011,2452.822
Bhutan,BTN,2012,2648.8662
Bhutan,BTN,2013,2867.8499
Bhutan,BTN,2014,2946.1873
Bhutan,BTN,2015,2875.9573
Bhutan,BTN,2016,2941.6562
Bhutan,BTN,2017,2704.34
Bhutan,BTN,2018,3211.5151
Bhutan,BTN,2019,3399.448
Bhutan,BTN,2020,8038.825
Bhutan,BTN,2021,15023.534
Bhutan,BTN,2022,14854.256
Bhutan,BTN,2023,15246.965
Bhutan,BTN,2024,15741.665
Bolivia,BOL,2000,453.15485
Bolivia,BOL,2001,453.57227
Bolivia,BOL,2002,468.52048
Bolivia,BOL,2003,479.52078
Bolivia,BOL,2004,492.16147
Bolivia,BOL,2005,522.39355
Bolivia,BOL,2006,525.1171
Bolivia,BOL,2007,561.6377
Bolivia,BOL,2008,600.9628
Bolivia,BOL,2009,619.9907
Bolivia,BOL,2010,653.09125
Bolivia,BOL,2011,685.0949
Bolivia,BOL,2012,704.653
Bolivia,BOL,2013,731.0946
Bolivia,BOL,2014,765.0553
Bolivia,BOL,2015,817.08936
Bolivia,BOL,2016,831.8411
Bolivia,BOL,2017,845.3368
Bolivia,BOL,2018,872.4085
Bolivia,BOL,2019,888.49774
Bolivia,BOL,2020,869.13837
Bolivia,BOL,2021,910.5859
Bolivia,BOL,2022,966.2871
Bolivia,BOL,2023,1024.9784
Bolivia,BOL,2024,1089.9584
Bolivia,BOL,2025,1083.3068
Bosnia and Herzegovina,BIH,2000,2507.3413
Bosnia and Herzegovina,BIH,2001,2543.3994
Bosnia and Herzegovina,BIH,2002,2576.405
Bosnia and Herzegovina,BIH,2003,2697.1255
Bosnia and Herzegovina,BIH,2004,3074.144
Bosnia and Herzegovina,BIH,2005,3075.8018
Bosnia and Herzegovina,BIH,2006,3270.7654
Bosnia and Herzegovina,BIH,2007,2935.1526
Bosnia and Herzegovina,BIH,2008,3716.234
Bosnia and Herzegovina,BIH,2009,3989.8984
Bosnia and Herzegovina,BIH,2010,4441.844
Bosnia and Herzegovina,BIH,2011,4027.4744
Bosnia and Herzegovina,BIH,2012,3762.831
Bosnia and Herzegovina,BIH,2013,4777.2593
Bosnia and Herzegovina,BIH,2014,4777.225
Bosnia and Herzegovina,BIH,2015,4669.5493
Bosnia and Herzegovina,BIH,2016,5099.342
Bosnia and Herzegovina,BIH,2017,4736.511
Bosnia and Herzegovina,BIH,2018,5630.353
Bosnia and Herzegovina,BIH,2019,5206.945
Bosnia and Herzegovina,BIH,2020,5088.8784
Bosnia and Herzegovina,BIH,2021,5673.4976
Bosnia and Herzegovina,BIH,2022,5101.719
Bosnia and Herzegovina,BIH,2023,5393.9126
Bosnia and Herzegovina,BIH,2024,4895.3057
Bosnia and Herzegovina,BIH,2025,4598.5825
Botswana,BWA,2000,1257.911
Botswana,BWA,2001,1314.0497
Botswana,BWA,2002,1369.812
Botswana,BWA,2003,1492.3323
Botswana,BWA,2004,1593.667
Botswana,BWA,2005,1608.7997
Botswana,BWA,2006,1621.7433
Botswana,BWA,2007,1684.8054
Botswana,BWA,2008,1687.2029
Botswana,BWA,2009,1692.8965
Botswana,BWA,2010,1726.4191
Botswana,BWA,2011,1745.8083
Botswana,BWA,2012,1716.765
Botswana,BWA,2013,1747.1027
Botswana,BWA,2014,1836.9718
Botswana,BWA,2015,2015.181
Botswana,BWA,2016,1950.9716
Botswana,BWA,2017,1870.5201
Botswana,BWA,2018,1661.4843
Botswana,BWA,2019,1509.3809
Botswana,BWA,2020,1787.9069
Botswana,BWA,2021,1728.124
Botswana,BWA,2022,1786.9622
Botswana,BWA,2023,1911.1038
Botswana,BWA,2024,1852.333
Brazil,BRA,2000,2252.1772
Brazil,BRA,2001,2078.2615
Brazil,BRA,2002,2141.5828
Brazil,BRA,2003,2228.845
Brazil,BRA,2004,2325.8228
Brazil,BRA,2005,2393.8196
Brazil,BRA,2006,2467.733
Brazil,BRA,2007,2566.8208
Brazil,BRA,2008,2654.8154
Brazil,BRA,2009,2635.1006
Brazil,BRA,2010,2841.7373
Brazil,BRA,2011,2906.7812
Brazil,BRA,2012,3010.8274
Brazil,BRA,2013,3079.2283
Brazil,BRA,2014,3120.322
Brazil,BRA,2015,3052.6262
Brazil,BRA,2016,3049.3345
Brazil,BRA,2017,3056.4702
Brazil,BRA,2018,3087.5671
Brazil,BRA,2019,3173.1628
Brazil,BRA,2020,3131.7805
Brazil,BRA,2021,3242.6584
Brazil,BRA,2022,3281.26
Brazil,BRA,2023,3425.3457
Brazil,BRA,2024,3572.2412
Brazil,BRA,2025,3581.1824
British Virgin Islands,VGB,2000,5427.81
British Virgin Islands,VGB,2001,5762.3047
British Virgin Islands,VGB,2002,6525.59
British Virgin Islands,VGB,2003,6319.115
British Virgin Islands,VGB,2004,6548.7886
British Virgin Islands,VGB,2005,6753.0493
British Virgin Islands,VGB,2006,6933.3984
British Virgin Islands,VGB,2007,7089.1265
British Virgin Islands,VGB,2008,6842.0254
British Virgin Islands,VGB,2009,6975.0366
British Virgin Islands,VGB,2010,7220.7383
British Virgin Islands,VGB,2011,6612.6055
British Virgin Islands,VGB,2012,6585.663
British Virgin Islands,VGB,2013,6303.7793
British Virgin Islands,VGB,2014,6062.811
British Virgin Islands,VGB,2015,6082.901
British Virgin Islands,VGB,2016,6488.9097
British Virgin Islands,VGB,2017,5194.964
British Virgin Islands,VGB,2018,4613.344
British Virgin Islands,VGB,2019,4392.8286
British Virgin Islands,VGB,2020,4305.589
British Virgin Islands,VGB,2021,4493.4316
British Virgin Islands,VGB,2022,4433.318
British Virgin Islands,VGB,2023,4357.9688
Brunei,BRN,2000,7781.1714
Brunei,BRN,2001,7739.543
Brunei,BRN,2002,7968.057
Brunei,BRN,2003,9231.213
Brunei,BRN,2004,9237.194
Brunei,BRN,2005,9082.551
Brunei,BRN,2006,9049.277
Brunei,BRN,2007,9140.35
Brunei,BRN,2008,9052.409
Brunei,BRN,2009,9403.452
Brunei,BRN,2010,9659.988
Brunei,BRN,2011,9339.125
Brunei,BRN,2012,9690.209
Brunei,BRN,2013,10700.259
Brunei,BRN,2014,10797.659
Brunei,BRN,2015,9947.35
Brunei,BRN,2016,9986.6455
Brunei,BRN,2017,9612.118
Brunei,BRN,2018,9821.59
Brunei,BRN,2019,11136.461
Brunei,BRN,2020,12829.366
Brunei,BRN,2021,12618.38
Brunei,BRN,2022,12297.584
Brunei,BRN,2023,12201.525
Brunei,BRN,2024,12015.542
Bulgaria,BGR,1990,5178.883
Bulgaria,BGR,1991,4923.0674
Bulgaria,BGR,1992,4457.249
Bulgaria,BGR,1993,4482.3545
Bulgaria,BGR,1994,4504.0205
Bulgaria,BGR,1995,4964.3584
Bulgaria,BGR,1996,5093.228
Bulgaria,BGR,1997,4749.85
Bulgaria,BGR,1998,4641.0796
Bulgaria,BGR,1999,4458.6504
Bulgaria,BGR,2000,4495.9585
Bulgaria,BGR,2001,4604.932
Bulgaria,BGR,2002,4551.034
Bulgaria,BGR,2003,4714.0044
Bulgaria,BGR,2004,4578.4014
Bulgaria,BGR,2005,4718.6196
Bulgaria,BGR,2006,4934.3667
Bulgaria,BGR,2007,5054.768
Bulgaria,BGR,2008,5195.347
Bulgaria,BGR,2009,4973.2803
Bulgaria,BGR,2010,5039.264
Bulgaria,BGR,2011,5325.1865
Bulgaria,BGR,2012,5213.8716
Bulgaria,BGR,2013,5071.1636
Bulgaria,BGR,2014,5185.8877
Bulgaria,BGR,2015,5312.424
Bulgaria,BGR,2016,5353.959
Bulgaria,BGR,2017,5562.746
Bulgaria,BGR,2018,5509.0967
Bulgaria,BGR,2019,5434.762
Bulgaria,BGR,2020,5297.3496
Bulgaria,BGR,2021,5589.466
Bulgaria,BGR,2022,5580.2476
Bulgaria,BGR,2023,5407.748
Bulgaria,BGR,2024,5521.121
Bulgaria,BGR,2025,5440.419
Burkina Faso,BFA,2000,32.7029
Burkina Faso,BFA,2001,34.97358
Burkina Faso,BFA,2002,37.063602
Burkina Faso,BFA,2003,39.74766
Burkina Faso,BFA,2004,42.220547
Burkina Faso,BFA,2005,46.654755
Burkina Faso,BFA,2006,48.0043
Burkina Faso,BFA,2007,49.27002
Burkina Faso,BFA,2008,49.15421
Burkina Faso,BFA,2009,53.4689
Burkina Faso,BFA,2010,66.763504
Burkina Faso,BFA,2011,63.017994
Burkina Faso,BFA,2012,68.13304
Burkina Faso,BFA,2013,72.33514
Burkina Faso,BFA,2014,75.15305
Burkina Faso,BFA,2015,77.22013
Burkina Faso,BFA,2016,83.786514
Burkina Faso,BFA,2017,88.9697
Burkina Faso,BFA,2018,132.59427
Burkina Faso,BFA,2019,127.85067
Burkina Faso,BFA,2020,140.60448
Burkina Faso,BFA,2021,146.8499
Burkina Faso,BFA,2022,141.27658
Burkina Faso,BFA,2023,142.01476
Burkina Faso,BFA,2024,135.46349
Burundi,BDI,2000,20.092127
Burundi,BDI,2001,22.609539
Burundi,BDI,2002,24.911568
Burundi,BDI,2003,21.297266
Burundi,BDI,2004,20.517996
Burundi,BDI,2005,21.087862
Burundi,BDI,2006,21.61325
Burundi,BDI,2007,24.504162
Burundi,BDI,2008,22.338112
Burundi,BDI,2009,23.469841
Burundi,BDI,2010,27.72905
Burundi,BDI,2011,25.725512
Burundi,BDI,2012,24.82367
Burundi,BDI,2013,25.86369
Burundi,BDI,2014,25.00049
Burundi,BDI,2015,25.344915
Burundi,BDI,2016,27.581398
Burundi,BDI,2017,32.155003
Burundi,BDI,2018,37.944443
Burundi,BDI,2019,39.982574
Burundi,BDI,2020,36.45863
Burundi,BDI,2021,37.79264
Burundi,BDI,2022,36.783745
Burundi,BDI,2023,43.829357
Burundi,BDI,2024,40.575783
Cambodia,KHM,2000,38.51603
Cambodia,KHM,2001,41.079163
Cambodia,KHM,2002,45.117756
Cambodia,KHM,2003,49.8047
Cambodia,KHM,2004,57.381283
Cambodia,KHM,2005,67.71235
Cambodia,KHM,2006,82.85046
Cambodia,KHM,2007,104.03292
Cambodia,KHM,2008,125.23589
Cambodia,KHM,2009,137.98592
Cambodia,KHM,2010,173.78435
Cambodia,KHM,2011,193.58011
Cambodia,KHM,2012,236.8671
Cambodia,KHM,2013,267.6298
Cambodia,KHM,2014,315.6506
Cambodia,KHM,2015,386.6032
Cambodia,KHM,2016,445.34714
Cambodia,KHM,2017,502.07254
Cambodia,KHM,2018,599.09595
Cambodia,KHM,2019,711.71545
Cambodia,KHM,2020,678.0073
Cambodia,KHM,2021,771.7546
Cambodia,KHM,2022,866.1924
Cambodia,KHM,2023,973.95044
Cambodia,KHM,2024,1133.8638
Cambodia,KHM,2025,1254.4836
Cameroon,CMR,2000,231.34749
Cameroon,CMR,2001,229.26958
Cameroon,CMR,2002,207.94206
Cameroon,CMR,2003,225.86159
Cameroon,CMR,2004,245.02597
Cameroon,CMR,2005,231.92346
Cameroon,CMR,2006,288.31247
Cameroon,CMR,2007,288.64432
Cameroon,CMR,2008,303.6494
Cameroon,CMR,2009,300.30377
Cameroon,CMR,2010,297.94495
Cameroon,CMR,2011,290.62424
Cameroon,CMR,2012,314.75964
Cameroon,CMR,2013,330.80435
Cameroon,CMR,2014,344.5166
Cameroon,CMR,2015,350.56247
Cameroon,CMR,2016,305.27628
Cameroon,CMR,2017,336.1155
Cameroon,CMR,2018,346.28192
Cameroon,CMR,2019,326.5886
Cameroon,CMR,2020,338.03162
Cameroon,CMR,2021,312.45627
Cameroon,CMR,2022,294.93967
Cameroon,CMR,2023,256.58478
Cameroon,CMR,2024,251.34128
Canada,CAN,2000,18386.432
Canada,CAN,2001,18115.834
Canada,CAN,2002,18343.725
Canada,CAN,2003,18297.562
Canada,CAN,2004,18298.193
Canada,CAN,2005,18392.32
Canada,CAN,2006,17989.465
Canada,CAN,2007,18229.084
Canada,CAN,2008,18025.902
Canada,CAN,2009,17153.777
Canada,CAN,2010,17019.379
Canada,CAN,2011,17409.412
Canada,CAN,2012,16888.531
Canada,CAN,2013,17108.287
Canada,CAN,2014,17044.27
Canada,CAN,2015,16727.27
Canada,CAN,2016,16596.271
Canada,CAN,2017,16493.746
Canada,CAN,2018,16436.521
Canada,CAN,2019,16108.331
Canada,CAN,2020,15672.522
Canada,CAN,2021,15735.92
Canada,CAN,2022,15789.544
Canada,CAN,2023,15614.354
Canada,CAN,2024,15710.162
Canada,CAN,2025,16090.024
Cape Verde,CPV,2000,330.88116
Cape Verde,CPV,2001,369.32437
Cape Verde,CPV,2002,406.80347
Cape Verde,CPV,2003,401.36548
Cape Verde,CPV,2004,458.929
Cape Verde,CPV,2005,494.71478
Cape Verde,CPV,2006,509.44717
Cape Verde,CPV,2007,544.13983
Cape Verde,CPV,2008,578.4244
Cape Verde,CPV,2009,612.46906
Cape Verde,CPV,2010,666.9374
Cape Verde,CPV,2011,723.42914
Cape Verde,CPV,2012,742.23676
Cape Verde,CPV,2013,800.4201
Cape Verde,CPV,2014,839.29626
Cape Verde,CPV,2015,839.17993
Cape Verde,CPV,2016,877.9528
Cape Verde,CPV,2017,838.3717
Cape Verde,CPV,2018,837.52423
Cape Verde,CPV,2019,855.83795
Cape Verde,CPV,2020,816.03625
Cape Verde,CPV,2021,832.27686
Cape Verde,CPV,2022,962.001
Cape Verde,CPV,2023,957.2401
Cape Verde,CPV,2024,990.70636
Cayman Islands,CYM,2000,11083.402
Cayman Islands,CYM,2001,11433.02
Cayman Islands,CYM,2002,11285.089
Cayman Islands,CYM,2003,11603.567
Cayman Islands,CYM,2004,9918.011
Cayman Islands,CYM,2005,10254.438
Cayman Islands,CYM,2006,11605.736
Cayman Islands,CYM,2007,12070.249
Cayman Islands,CYM,2008,12115.291
Cayman Islands,CYM,2009,11968.3125
Cayman Islands,CYM,2010,11456.023
Cayman Islands,CYM,2011,11324.824
Cayman Islands,CYM,2012,10672.732
Cayman Islands,CYM,2013,10566.141
Cayman Islands,CYM,2014,10302.598
Cayman Islands,CYM,2015,10378.658
Cayman Islands,CYM,2016,10614.534
Cayman Islands,CYM,2017,10532.675
Cayman Islands,CYM,2018,10157.363
Cayman Islands,CYM,2019,10691.059
Cayman Islands,CYM,2020,10043.2295
Cayman Islands,CYM,2021,9982.032
Cayman Islands,CYM,2022,9775.171
Cayman Islands,CYM,2023,9581.821
Cayman Islands,CYM,2024,9533.272
Central African Republic,CAF,2000,26.08636
Central African Republic,CAF,2001,28.064817
Central African Republic,CAF,2002,27.458271
Central African Republic,CAF,2003,26.80905
Central African Republic,CAF,2004,35.77538
Central African Republic,CAF,2005,37.30635
Central African Republic,CAF,2006,38.834225
Central African Republic,CAF,2007,35.852116
Central African Republic,CAF,2008,35.0955
Central African Republic,CAF,2009,35.327488
Central African Republic,CAF,2010,35.610928
Central African Republic,CAF,2011,39.430252
Central African Republic,CAF,2012,39.038372
Central African Republic,CAF,2013,30.156666
Central African Republic,CAF,2014,36.77117
Central African Republic,CAF,2015,36.72244
Central African Republic,CAF,2016,36.06537
Central African Republic,CAF,2017,31.292297
Central African Republic,CAF,2018,30.74613
Central African Republic,CAF,2019,30.335463
Central African Republic,CAF,2020,29.841074
Central African Republic,CAF,2021,29.342133
Central African Republic,CAF,2022,27.461546
Central African Republic,CAF,2023,27.171724
Chad,TCD,2000,10.5731945
Chad,TCD,2001,11.358316
Chad,TCD,2002,10.969489
Chad,TCD,2003,11.5938
Chad,TCD,2004,12.09673
Chad,TCD,2005,11.618794
Chad,TCD,2006,11.208221
Chad,TCD,2007,10.828695
Chad,TCD,2008,12.199055
Chad,TCD,2009,14.293218
Chad,TCD,2010,15.431372
Chad,TCD,2011,15.68012
Chad,TCD,2012,18.16667
Chad,TCD,2013,20.451271
Chad,TCD,2014,21.143618
Chad,TCD,2015,20.481136
Chad,TCD,2016,20.5099
Chad,TCD,2017,20.48294
Chad,TCD,2018,21.044117
Chad,TCD,2019,20.976645
Chad,TCD,2020,20.319674
Chad,TCD,2021,24.118992
Chad,TCD,2022,21.132118
Chad,TCD,2023,18.634434
Chad,TCD,2024,18.22738
Chile,CHL,2000,2729.0369
Chile,CHL,2001,2786.9429
Chile,CHL,2002,2853.4626
Chile,CHL,2003,3031.5598
Chile,CHL,2004,3267.9893
Chile,CHL,2005,3325.6304
Chile,CHL,2006,3472.6104
Chile,CHL,2007,3593.5425
Chile,CHL,2008,3599.3853
Chile,CHL,2009,3628.5115
Chile,CHL,2010,3562.5603
Chile,CHL,2011,3825.5374
Chile,CHL,2012,3971.0908
Chile,CHL,2013,4118.2773
Chile,CHL,2014,3927.9692
Chile,CHL,2015,4150.6836
Chile,CHL,2016,4315.379
Chile,CHL,2017,4250.798
Chile,CHL,2018,4327.4863
Chile,CHL,2019,4374.4717
Chile,CHL,2020,4314.7817
Chile,CHL,2021,4528.091
Chile,CHL,2022,4656.055
Chile,CHL,2023,4538.927
Chile,CHL,2024,4483.735
Chile,CHL,2025,4456.2114
China,CHN,2000,1060.8617
China,CHN,2001,1151.2952
China,CHN,2002,1278.7726
China,CHN,2003,1470.216
China,CHN,2004,1687.4506
China,CHN,2005,1903.8385
China,CHN,2006,2168.9856
China,CHN,2007,2467.338
China,CHN,2008,2611.265
China,CHN,2009,2758.4338
China,CHN,2010,3102.8184
China,CHN,2011,3455.4512
China,CHN,2012,3633.9424
China,CHN,2013,3930.6514
China,CHN,2014,4166.5996
China,CHN,2015,4155.8613
China,CHN,2016,4359.1245
China,CHN,2017,4666.9507
China,CHN,2018,5039.376
China,CHN,2019,5259.2363
China,CHN,2020,5442.8135
China,CHN,2021,5972.9365
China,CHN,2022,6199.752
China,CHN,2023,6635.3647
China,CHN,2024,7094.856
China,CHN,2025,7459.8755
Colombia,COL,2000,1096.19
Colombia,COL,2001,1082.1154
Colombia,COL,2002,1093.6229
Colombia,COL,2003,1101.4371
Colombia,COL,2004,1148.203
Colombia,COL,2005,1144.1056
Colombia,COL,2006,1207.5122
Colombia,COL,2007,1247.8208
Colombia,COL,2008,1235.8656
Colombia,COL,2009,1257.9186
Colombia,COL,2010,1327.4575
Colombia,COL,2011,1329.4413
Colombia,COL,2012,1363.8608
Colombia,COL,2013,1563.5435
Colombia,COL,2014,1495.9597
Colombia,COL,2015,1651.2689
Colombia,COL,2016,1612.6478
Colombia,COL,2017,1631.794
Colombia,COL,2018,1597.5697
Colombia,COL,2019,1584.7162
Colombia,COL,2020,1556.3896
Colombia,COL,2021,1650.3812
Colombia,COL,2022,1609.8436
Colombia,COL,2023,1654.7802
Colombia,COL,2024,1685.5007
Colombia,COL,2025,1714.7201
Comoros,COM,2000,55.961376
Comoros,COM,2001,54.822456
Comoros,COM,2002,53.67427
Comoros,COM,2003,70.19908
Comoros,COM,2004,68.88108
Comoros,COM,2005,84.3627
Comoros,COM,2006,82.67852
Comoros,COM,2007,81.045815
Comoros,COM,2008,63.56127
Comoros,COM,2009,77.88781
Comoros,COM,2010,91.624596
Comoros,COM,2011,89.81175
Comoros,COM,2012,88.02339
Comoros,COM,2013,86.181755
Comoros,COM,2014,70.27289
Comoros,COM,2015,68.8056
Comoros,COM,2016,80.89033
Comoros,COM,2017,118.941895
Comoros,COM,2018,129.60133
Comoros,COM,2019,139.84557
Comoros,COM,2020,162.06
Comoros,COM,2021,158.88962
Comoros,COM,2022,167.82727
Comoros,COM,2023,164.63034
Congo,COG,2000,174.52844
Congo,COG,2001,192.5109
Congo,COG,2002,223.82915
Congo,COG,2003,220.56105
Congo,COG,2004,224.36838
Congo,COG,2005,229.95354
Congo,COG,2006,224.10944
Congo,COG,2007,213.54477
Congo,COG,2008,218.79103
Congo,COG,2009,228.90683
Congo,COG,2010,244.26843
Congo,COG,2011,290.6896
Congo,COG,2012,369.16272
Congo,COG,2013,364.41467
Congo,COG,2014,353.70578
Congo,COG,2015,543.3948
Congo,COG,2016,568.68823
Congo,COG,2017,556.90393
Congo,COG,2018,561.72314
Congo,COG,2019,689.02203
Congo,COG,2020,697.05286
Congo,COG,2021,697.5339
Congo,COG,2022,820.20123
Congo,COG,2023,858.82166
Congo,COG,2024,849.5226
Cook Islands,COK,2000,1889.6447
Cook Islands,COK,2001,1966.0527
Cook Islands,COK,2002,2000.8003
Cook Islands,COK,2003,1993.4879
Cook Islands,COK,2004,1986.3602
Cook Islands,COK,2005,1979.8059
Cook Islands,COK,2006,1969.4084
Cook Islands,COK,2007,1933.1143
Cook Islands,COK,2008,1874.6484
Cook Islands,COK,2009,1818.5125
Cook Islands,COK,2010,1764.7058
Cook Islands,COK,2011,1716.2471
Cook Islands,COK,2012,1695.8733
Cook Islands,COK,2013,1701.7415
Cook Islands,COK,2014,1708.8175
Cook Islands,COK,2015,1717.1312
Cook Islands,COK,2016,1728.1106
Cook Islands,COK,2017,2343.8416
Cook Islands,COK,2018,3007.8806
Cook Islands,COK,2019,2476.6267
Cook Islands,COK,2020,2553.626
Cook Islands,COK,2021,2630.7136
Cook Islands,COK,2022,2712.416
Cook Islands,COK,2023,2808.2
Cook Islands,COK,2024,2909.0908
Costa Rica,CRI,2000,1622.7594
Costa Rica,CRI,2001,1658.7881
Costa Rica,CRI,2002,1717.4922
Costa Rica,CRI,2003,1744.4707
Costa Rica,CRI,2004,1842.8224
Costa Rica,CRI,2005,1924.3225
Costa Rica,CRI,2006,2015.58
Costa Rica,CRI,2007,2086.639
Costa Rica,CRI,2008,2101.324
Costa Rica,CRI,2009,2057.8748
Costa Rica,CRI,2010,2093.9583
Costa Rica,CRI,2011,2106.3665
Costa Rica,CRI,2012,2171.988
Costa Rica,CRI,2013,2171.2612
Costa Rica,CRI,2014,2175.315
Costa Rica,CRI,2015,2212.5156
Costa Rica,CRI,2016,2268.3364
Costa Rica,CRI,2017,2255.16
Costa Rica,CRI,2018,2259.0605
Costa Rica,CRI,2019,2288.2063
Costa Rica,CRI,2020,2226.7146
Costa Rica,CRI,2021,2318.1858
Costa Rica,CRI,2022,2306.286
Costa Rica,CRI,2023,2364.105
Costa Rica,CRI,2024,2187.1733
Costa Rica,CRI,2025,2416.0923
Cote d'Ivoire,CIV,2000,201.14122
Cote d'Ivoire,CIV,2001,204.63261
Cote d'Ivoire,CIV,2002,199.41278
Cote d'Ivoire,CIV,2003,196.07283
Cote d'Ivoire,CIV,2004,208.72676
Cote d'Ivoire,CIV,2005,212.77159
Cote d'Ivoire,CIV,2006,222.41899
Cote d'Ivoire,CIV,2007,230.61679
Cote d'Ivoire,CIV,2008,241.23326
Cote d'Ivoire,CIV,2009,244.1138
Cote d'Ivoire,CIV,2010,249.02095
Cote d'Ivoire,CIV,2011,238.88257
Cote d'Ivoire,CIV,2012,273.14856
Cote d'Ivoire,CIV,2013,284.46384
Cote d'Ivoire,CIV,2014,301.29578
Cote d'Ivoire,CIV,2015,310.93607
Cote d'Ivoire,CIV,2016,347.06454
Cote d'Ivoire,CIV,2017,308.97708
Cote d'Ivoire,CIV,2018,327.3355
Cote d'Ivoire,CIV,2019,339.44577
Cote d'Ivoire,CIV,2020,350.67758
Cote d'Ivoire,CIV,2021,364.3757
Cote d'Ivoire,CIV,2022,389.86673
Cote d'Ivoire,CIV,2023,329.52945
Cote d'Ivoire,CIV,2024,315.0225
Croatia,HRV,1990,3245.0427
Croatia,HRV,1991,2837.2122
Croatia,HRV,1992,2442.3728
Croatia,HRV,1993,2465.255
Croatia,HRV,1994,2523.7852
Croatia,HRV,1995,2667.035
Croatia,HRV,1996,2812.1843
Croatia,HRV,1997,3016.898
Croatia,HRV,1998,3200.868
Croatia,HRV,1999,3324.3477
Croatia,HRV,2000,3381.795
Croatia,HRV,2001,3550.272
Croatia,HRV,2002,3653.2263
Croatia,HRV,2003,3824.2888
Croatia,HRV,2004,3914.108
Croatia,HRV,2005,4047.3384
Croatia,HRV,2006,4149.866
Croatia,HRV,2007,4272.515
Croatia,HRV,2008,4354.946
Croatia,HRV,2009,4257.0103
Croatia,HRV,2010,4361.6245
Croatia,HRV,2011,4293.5625
Croatia,HRV,2012,4226.113
Croatia,HRV,2013,4198.0923
Croatia,HRV,2014,4118.986
Croatia,HRV,2015,4309.55
Croatia,HRV,2016,4382.998
Croatia,HRV,2017,4589.137
Croatia,HRV,2018,4698.2905
Croatia,HRV,2019,4711.091
Croatia,HRV,2020,4519.5244
Croatia,HRV,2021,4859.085
Croatia,HRV,2022,4809.279
Croatia,HRV,2023,4881.9014
Croatia,HRV,2024,5070.5425
Croatia,HRV,2025,5210.277
Cuba,CUB,2000,1352.9434
Cuba,CUB,2001,1372.9197
Cuba,CUB,2002,1403.7225
Cuba,CUB,2003,1410.426
Cuba,CUB,2004,1391.6132
Cuba,CUB,2005,1362.9237
Cuba,CUB,2006,1460.2941
Cuba,CUB,2007,1560.1642
Cuba,CUB,2008,1565.743
Cuba,CUB,2009,1569.7601
Cuba,CUB,2010,1540.1754
Cuba,CUB,2011,1570.5771
Cuba,CUB,2012,1630.5157
Cuba,CUB,2013,1703.8168
Cuba,CUB,2014,1721.6356
Cuba,CUB,2015,1808.4146
Cuba,CUB,2016,1824.1346
Cuba,CUB,2017,1828.7981
Cuba,CUB,2018,1852.6573
Cuba,CUB,2019,1847.7446
Cuba,CUB,2020,1702.7028
Cuba,CUB,2021,1603.1046
Cuba,CUB,2022,1415.0317
Cuba,CUB,2023,1791.2996
Cuba,CUB,2024,1769.6163
Cyprus,CYP,1990,2498.8743
Cyprus,CYP,1991,2603.417
Cyprus,CYP,1992,2998.7266
Cyprus,CYP,1993,3135.4336
Cyprus,CYP,1994,3172.8406
Cyprus,CYP,1995,2897.8855
Cyprus,CYP,1996,2964.915
Cyprus,CYP,1997,3041.532
Cyprus,CYP,1998,3269.3604
Cyprus,CYP,1999,3371.8665
Cyprus,CYP,2000,3556.1013
Cyprus,CYP,2001,3682.0798
Cyprus,CYP,2002,3861.661
Cyprus,CYP,2003,4051.6208
Cyprus,CYP,2004,4126.243
Cyprus,CYP,2005,4227.1626
Cyprus,CYP,2006,4409.9907
Cyprus,CYP,2007,4539.8315
Cyprus,CYP,2008,4646.9893
Cyprus,CYP,2009,4696.3296
Cyprus,CYP,2010,4725.9062
Cyprus,CYP,2011,4291.3477
Cyprus,CYP,2012,4050.1008
Cyprus,CYP,2013,3623.6199
Cyprus,CYP,2014,3611.232
Cyprus,CYP,2015,3722.825
Cyprus,CYP,2016,3952.748
Cyprus,CYP,2017,3986.3699
Cyprus,CYP,2018,3981.9224
Cyprus,CYP,2019,4002.5835
Cyprus,CYP,2020,3724.3232
Cyprus,CYP,2021,3886.7056
Cyprus,CYP,2022,3950.8
Cyprus,CYP,2023,3962.881
Cyprus,CYP,2024,4262.722
Cyprus,CYP,2025,4311.4956
Czechia,CZE,1990,5977.487
Czechia,CZE,1991,5606.332
Czechia,CZE,1992,5431.2993
Czechia,CZE,1993,5481.3745
Czechia,CZE,1994,5614.0415
Czechia,CZE,1995,5915.415
Czechia,CZE,1996,6199.4106
Czechia,CZE,1997,6130.321
Czechia,CZE,1998,6055.275
Czechia,CZE,1999,5939.685
Czechia,CZE,2000,6142.539
Czechia,CZE,2001,6321.381
Czechia,CZE,2002,6309.8945
Czechia,CZE,2003,6496.3027
Czechia,CZE,2004,6633.5635
Czechia,CZE,2005,6741.1436
Czechia,CZE,2006,6893.0435
Czechia,CZE,2007,6928.1484
Czechia,CZE,2008,6919.246
Czechia,CZE,2009,6525.295
Czechia,CZE,2010,6715.3823
Czechia,CZE,2011,6631.408
Czechia,CZE,2012,6610.6177
Czechia,CZE,2013,6566.3516
Czechia,CZE,2014,6530.2407
Czechia,CZE,2015,6649.2993
Czechia,CZE,2016,6744.2427
Czechia,CZE,2017,6898.552
Czechia,CZE,2018,6913.4946
Czechia,CZE,2019,6880.2354
Czechia,CZE,2020,6630.2505
Czechia,CZE,2021,6892.2407
Czechia,CZE,2022,6577.2114
Czechia,CZE,2023,6162.971
Czechia,CZE,2024,6161.5947
Czechia,CZE,2025,6413.277
Democratic Republic of Congo,COD,2000,92.46162
Democratic Republic of Congo,COD,2001,90.730095
Democratic Republic of Congo,COD,2002,88.37122
Democratic Republic of Congo,COD,2003,86.369095
Democratic Republic of Congo,COD,2004,98.77585
Democratic Republic of Congo,COD,2005,96.4684
Democratic Republic of Congo,COD,2006,102.11841
Democratic Republic of Congo,COD,2007,104.03703
Democratic Republic of Congo,COD,2008,107.46901
Democratic Republic of Congo,COD,2009,105.85431
Democratic Republic of Congo,COD,2010,103.262634
Democratic Republic of Congo,COD,2011,108.54022
Democratic Republic of Congo,COD,2012,110.573235
Democratic Republic of Congo,COD,2013,115.31956
Democratic Republic of Congo,COD,2014,125.122375
Democratic Republic of Congo,COD,2015,122.168625
Democratic Republic of Congo,COD,2016,115.89346
Democratic Republic of Congo,COD,2017,116.55493
Democratic Republic of Congo,COD,2018,124.26754
Democratic Republic of Congo,COD,2019,136.74394
Democratic Republic of Congo,COD,2020,141.99396
Democratic Republic of Congo,COD,2021,157.33907
Democratic Republic of Congo,COD,2022,162.50479
Democratic Republic of Congo,COD,2023,161.3578
Democratic Republic of Congo,COD,2024,158.86342
Denmark,DNK,1990,6417.01
Denmark,DNK,1991,6689.5005
Denmark,DNK,1992,6642.3374
Denmark,DNK,1993,6737.799
Denmark,DNK,1994,6826.492
Denmark,DNK,1995,6838.8135
Denmark,DNK,1996,7216.319
Denmark,DNK,1997,6980.078
Denmark,DNK,1998,6900.11
Denmark,DNK,1999,6841.652
Denmark,DNK,2000,6837.515
Denmark,DNK,2001,6898.901
Denmark,DNK,2002,6888.063
Denmark,DNK,2003,6941.686
Denmark,DNK,2004,6914.488
Denmark,DNK,2005,6910.168
Denmark,DNK,2006,7082.396
Denmark,DNK,2007,6992.451
Denmark,DNK,2008,6904.1943
Denmark,DNK,2009,6623.01
Denmark,DNK,2010,6779.1846
Denmark,DNK,2011,6539.3994
Denmark,DNK,2012,6398.528
Denmark,DNK,2013,6355.8115
Denmark,DNK,2014,6182.0103
Denmark,DNK,2015,6103.4204
Denmark,DNK,2016,6190.4307
Denmark,DNK,2017,6150.7354
Denmark,DNK,2018,6115.1323
Denmark,DNK,2019,6050.2686
Denmark,DNK,2020,6080.738
Denmark,DNK,2021,6452.358
Denmark,DNK,2022,6186.7886
Denmark,DNK,2023,6223.801
Denmark,DNK,2024,6486.079
Denmark,DNK,2025,6775.493
Djibouti,DJI,2000,240.85875
Djibouti,DJI,2001,246.33383
Djibouti,DJI,2002,251.3902
Djibouti,DJI,2003,245.8428
Djibouti,DJI,2004,266.30093
Djibouti,DJI,2005,357.49442
Djibouti,DJI,2006,362.24814
Djibouti,DJI,2007,365.91083
Djibouti,DJI,2008,380.8504
Djibouti,DJI,2009,383.97232
Djibouti,DJI,2010,408.49146
Djibouti,DJI,2011,411.14734
Djibouti,DJI,2012,403.4118
Djibouti,DJI,2013,436.62225
Djibouti,DJI,2014,438.80646
Djibouti,DJI,2015,480.24338
Djibouti,DJI,2016,520.4017
Djibouti,DJI,2017,540.36426
Djibouti,DJI,2018,541.1023
Djibouti,DJI,2019,551.11096
Djibouti,DJI,2020,570.0362
Djibouti,DJI,2021,633.22125
Djibouti,DJI,2022,624.39484
Djibouti,DJI,2023,615.81104
Djibouti,DJI,2024,684.50604
Dominica,DMA,2000,1167.423
Dominica,DMA,2001,1171.3202
Dominica,DMA,2002,1023.6163
Dominica,DMA,2003,1166.9973
Dominica,DMA,2004,1602.0039
Dominica,DMA,2005,1745.4545
Dominica,DMA,2006,1743.6031
Dominica,DMA,2007,1742.6156
Dominica,DMA,2008,1887.7239
Dominica,DMA,2009,1887.3677
Dominica,DMA,2010,2032.7565
Dominica,DMA,2011,2171.6157
Dominica,DMA,2012,2169.574
Dominica,DMA,2013,2151.062
Dominica,DMA,2014,2131.0754
Dominica,DMA,2015,2129.8047
Dominica,DMA,2016,2297.959
Dominica,DMA,2017,1897.4224
Dominica,DMA,2018,1613.0215
Dominica,DMA,2019,2061.8252
Dominica,DMA,2020,2071.3735
Dominica,DMA,2021,2082.6516
Dominica,DMA,2022,2243.9302
Dominica,DMA,2023,2254.5881
Dominican Republic,DOM,2000,1515.5758
Dominican Republic,DOM,2001,1472.4286
Dominican Republic,DOM,2002,1570.2256
Dominican Republic,DOM,2003,1578.9546
Dominican Republic,DOM,2004,1320.1699
Dominican Republic,DOM,2005,1446.065
Dominican Republic,DOM,2006,1510.5146
Dominican Republic,DOM,2007,1540.8755
Dominican Republic,DOM,2008,1526.1458
Dominican Republic,DOM,2009,1418.2173
Dominican Republic,DOM,2010,1505.0641
Dominican Republic,DOM,2011,1584.6167
Dominican Republic,DOM,2012,1678.1841
Dominican Republic,DOM,2013,1738.3049
Dominican Republic,DOM,2014,1675.1454
Dominican Republic,DOM,2015,1724.9928
Dominican Republic,DOM,2016,1779.8536
Dominican Republic,DOM,2017,1799.9698
Dominican Republic,DOM,2018,1817.8365
Dominican Republic,DOM,2019,1953.3612
Dominican Republic,DOM,2020,1770.4825
Dominican Republic,DOM,2021,1926.5554
Dominican Republic,DOM,2022,1974.0472
Dominican Republic,DOM,2023,2167.4536
Dominican Republic,DOM,2024,2102.8115
Dominican Republic,DOM,2025,1968.6675
East Timor,TLS,2003,65.4396
East Timor,TLS,2004,75.34327
East Timor,TLS,2005,73.81552
East Timor,TLS,2006,71.67651
East Timor,TLS,2007,89.56133
East Timor,TLS,2008,106.54465
East Timor,TLS,2009,122.78247
East Timor,TLS,2010,129.06937
East Timor,TLS,2011,126.10204
East Timor,TLS,2012,114.54844
East Timor,TLS,2013,250.28113
East Timor,TLS,2014,296.1301
East Timor,TLS,2015,290.42438
East Timor,TLS,2016,333.79086
East Timor,TLS,2017,343.5298
East Timor,TLS,2018,352.67508
East Timor,TLS,2019,399.7091
East Timor,TLS,2020,377.05942
East Timor,TLS,2021,377.73804
East Timor,TLS,2022,372.45334
East Timor,TLS,2023,368.41937
East Timor,TLS,2024,364.11978
Ecuador,ECU,2000,831.41473
Ecuador,ECU,2001,852.0041
Ecuador,ECU,2002,903.45355
Ecuador,ECU,2003,937.0113
Ecuador,ECU,2004,1058.8815
Ecuador,ECU,2005,1036.3883
Ecuador,ECU,2006,1111.0214
Ecuador,ECU,2007,1261.098
Ecuador,ECU,2008,1300.1537
Ecuador,ECU,2009,1299.0728
Ecuador,ECU,2010,1345.1223
Ecuador,ECU,2011,1416.5255
Ecuador,ECU,2012,1474.4227
Ecuador,ECU,2013,1505.017
Ecuador,ECU,2014,1557.8298
Ecuador,ECU,2015,1616.8467
Ecuador,ECU,2016,1626.1599
Ecuador,ECU,2017,1649.2124
Ecuador,ECU,2018,1705.6177
Ecuador,ECU,2019,1766.4342
Ecuador,ECU,2020,1721.1843
Ecuador,ECU,2021,1807.4414
Ecuador,ECU,2022,1869.9612
Ecuador,ECU,2023,2035.586
Ecuador,ECU,2024,1839.4884
Ecuador,ECU,2025,2003.2916
Egypt,EGY,2000,1001.18646
Egypt,EGY,2001,1078.3363
Egypt,EGY,2002,1120.8153
Egypt,EGY,2003,1172.3293
Egypt,EGY,2004,1227.3923
Egypt,EGY,2005,1284.3243
Egypt,EGY,2006,1345.9426
Egypt,EGY,2007,1415.5831
Egypt,EGY,2008,1489.5511
Egypt,EGY,2009,1523.7429
Egypt,EGY,2010,1603.0975
Egypt,EGY,2011,1624.4924
Egypt,EGY,2012,1743.6481
Egypt,EGY,2013,1727.4086
Egypt,EGY,2014,1748.8193
Egypt,EGY,2015,1818.7234
Egypt,EGY,2016,1848.795
Egypt,EGY,2017,1859.955
Egypt,EGY,2018,1881.3027
Egypt,EGY,2019,1857.5
Egypt,EGY,2020,1803.776
Egypt,EGY,2021,1876.3124
Egypt,EGY,2022,1910.4363
Egypt,EGY,2023,1925.4247
Egypt,EGY,2024,2025.0004
Egypt,EGY,2025,2064.0217
El Salvador,SLV,2000,731.9088
El Salvador,SLV,2001,738.93384
El Salvador,SLV,2002,798.44604
El Salvador,SLV,2003,831.86115
El Salvador,SLV,2004,867.6576
El Salvador,SLV,2005,895.8331
El Salvador,SLV,2006,949.6326
El Salvador,SLV,2007,991.71027
El Salvador,SLV,2008,1010.0672
El Salvador,SLV,2009,988.7102
El Salvador,SLV,2010,1011.8233
El Salvador,SLV,2011,1031.177
El Salvador,SLV,2012,1045.1462
El Salvador,SLV,2013,1060.4601
El Salvador,SLV,2014,1083.8961
El Salvador,SLV,2015,1127.1614
El Salvador,SLV,2016,1153.0756
El Salvador,SLV,2017,1149.1038
El Salvador,SLV,2018,1157.5929
El Salvador,SLV,2019,1198.9105
El Salvador,SLV,2020,1133.9799
El Salvador,SLV,2021,1337.9626
El Salvador,SLV,2022,1154.4005
El Salvador,SLV,2023,885.9475
El Salvador,SLV,2024,978.1961
El Salvador,SLV,2025,984.99634
Equatorial Guinea,GNQ,2000,71.094734
Equatorial Guinea,GNQ,2001,80.017494
Equatorial Guinea,GNQ,2002,87.72282
Equatorial Guinea,GNQ,2003,82.56012
Equatorial Guinea,GNQ,2004,100.008446
Equatorial Guinea,GNQ,2005,105.55538
Equatorial Guinea,GNQ,2006,111.07195
Equatorial Guinea,GNQ,2007,125.476204
Equatorial Guinea,GNQ,2008,184.41032
Equatorial Guinea,GNQ,2009,193.71603
Equatorial Guinea,GNQ,2010,185.01434
Equatorial Guinea,GNQ,2011,241.57645
Equatorial Guinea,GNQ,2012,417.47684
Equatorial Guinea,GNQ,2013,631.3976
Equatorial Guinea,GNQ,2014,778.66656
Equatorial Guinea,GNQ,2015,894.13135
Equatorial Guinea,GNQ,2016,928.26373
Equatorial Guinea,GNQ,2017,857.65436
Equatorial Guinea,GNQ,2018,835.1764
Equatorial Guinea,GNQ,2019,838.23096
Equatorial Guinea,GNQ,2020,821.449
Equatorial Guinea,GNQ,2021,813.05615
Equatorial Guinea,GNQ,2022,837.23816
Equatorial Guinea,GNQ,2023,773.9955
Equatorial Guinea,GNQ,2024,787.3088
Eritrea,ERI,2000,93.45644
Eritrea,ERI,2001,99.4774
Eritrea,ERI,2002,108.651085
Eritrea,ERI,2003,112.27368
Eritrea,ERI,2004,107.76327
Eritrea,ERI,2005,108.97278
Eritrea,ERI,2006,99.87051
Eritrea,ERI,2007,105.71495
Eritrea,ERI,2008,99.420135
Eritrea,ERI,2009,100.41944
Eritrea,ERI,2010,105.256584
Eritrea,ERI,2011,106.720276
Eritrea,ERI,2012,105.3672
Eritrea,ERI,2013,87.82296
Eritrea,ERI,2014,87.23275
Eritrea,ERI,2015,83.72097
Eritrea,ERI,2016,86.4083
Eritrea,ERI,2017,107.924515
Eritrea,ERI,2018,122.151245
Eritrea,ERI,2019,123.4494
Eritrea,ERI,2020,124.57171
Eritrea,ERI,2021,125.36621
Eritrea,ERI,2022,129.05307
Eritrea,ERI,2023,141.19447
Eritrea,ERI,2024,127.27648
Estonia,EST,1990,6482.801
Estonia,EST,1991,6298.79
Estonia,EST,1992,5577.147
Estonia,EST,1993,4998.8564
Estonia,EST,1994,5393.9917
Estonia,EST,1995,5458.5225
Estonia,EST,1996,5736.5703
Estonia,EST,1997,5803.753
Estonia,EST,1998,5782.288
Estonia,EST,1999,5464.6055
Estonia,EST,2000,5425.9087
Estonia,EST,2001,5669.318
Estonia,EST,2002,5683.474
Estonia,EST,2003,6025.4634
Estonia,EST,2004,6252.376
Estonia,EST,2005,6340.199
Estonia,EST,2006,6667.2354
Estonia,EST,2007,7279.7305
Estonia,EST,2008,7209.7515
Estonia,EST,2009,6639.0513
Estonia,EST,2010,7300.312
Estonia,EST,2011,7028.958
Estonia,EST,2012,7349.0776
Estonia,EST,2013,7352.4946
Estonia,EST,2014,7379.4727
Estonia,EST,2015,7021.2534
Estonia,EST,2016,7698.446
Estonia,EST,2017,7916.929
Estonia,EST,2018,7919.9863
Estonia,EST,2019,7363.46
Estonia,EST,2020,7310.057
Estonia,EST,2021,7373.7563
Estonia,EST,2022,7369.8623
Estonia,EST,2023,6612.078
Estonia,EST,2024,6747.2812
Estonia,EST,2025,6948.1846
Eswatini,SWZ,2000,1229.0815
Eswatini,SWZ,2001,1274.8962
Eswatini,SWZ,2002,1434.6985
Eswatini,SWZ,2003,1349.9503
Eswatini,SWZ,2004,1192.728
Eswatini,SWZ,2005,1371.6124
Eswatini,SWZ,2006,1503.0771
Eswatini,SWZ,2007,1549.4452
Eswatini,SWZ,2008,1466.1715
Eswatini,SWZ,2009,1420.6115
Eswatini,SWZ,2010,1394.3225
Eswatini,SWZ,2011,1243.464
Eswatini,SWZ,2012,1192.3087
Eswatini,SWZ,2013,1292.0354
Eswatini,SWZ,2014,1284.8663
Eswatini,SWZ,2015,1277.5393
Eswatini,SWZ,2016,1235.3025
Eswatini,SWZ,2017,1251.9448
Eswatini,SWZ,2018,1223.3378
Eswatini,SWZ,2019,1296.7366
Eswatini,SWZ,2020,1173.7738
Eswatini,SWZ,2021,1168.5747
Eswatini,SWZ,2022,1205.9846
Eswatini,SWZ,2023,1381.5444
Eswatini,SWZ,2024,1327.6162
Ethiopia,ETH,2000,25.069908
Ethiopia,ETH,2001,29.357685
Ethiopia,ETH,2002,28.756683
Ethiopia,ETH,2003,31.557848
Ethiopia,ETH,2004,33.781467
Ethiopia,ETH,2005,36.749943
Ethiopia,ETH,2006,41.01433
Ethiopia,ETH,2007,41.273975
Ethiopia,ETH,2008,38.927486
Ethiopia,ETH,2009,41.13279
Ethiopia,ETH,2010,55.335567
Ethiopia,ETH,2011,64.51961
Ethiopia,ETH,2012,73.17422
Ethiopia,ETH,2013,81.57356
Ethiopia,ETH,2014,86.13902
Ethiopia,ETH,2015,93.29225
Ethiopia,ETH,2016,104.66822
Ethiopia,ETH,2017,106.59592
Ethiopia,ETH,2018,117.42865
Ethiopia,ETH,2019,122.43235
Ethiopia,ETH,2020,117.56032
Ethiopia,ETH,2021,115.60638
Ethiopia,ETH,2022,124.896034
Ethiopia,ETH,2023,124.25044
Ethiopia,ETH,2024,177.49539
Ethiopia,ETH,2025,228.97713
Europe,OWID_EUR,2000,5960.9814
Europe,OWID_EUR,2001,6082.142
Europe,OWID_EUR,2002,6123.0103
Europe,OWID_EUR,2003,6250.0625
Europe,OWID_EUR,2004,6368.3774
Europe,OWID_EUR,2005,6453.1895
Europe,OWID_EUR,2006,6558.412
Europe,OWID_EUR,2007,6630.2905
Europe,OWID_EUR,2008,6669.1113
Europe,OWID_EUR,2009,6333.954
Europe,OWID_EUR,2010,6597.831
Europe,OWID_EUR,2011,6528.8496
Europe,OWID_EUR,2012,6553.0215
Europe,OWID_EUR,2013,6493.746
Europe,OWID_EUR,2014,6369.323
Europe,OWID_EUR,2015,6405.957
Europe,OWID_EUR,2016,6453.9375
Europe,OWID_EUR,2017,6468.3423
Europe,OWID_EUR,2018,6489.917
Europe,OWID_EUR,2019,6416.9844
Europe,OWID_EUR,2020,6199.4453
Europe,OWID_EUR,2021,6483.146
Europe,OWID_EUR,2022,6299.0244
Europe,OWID_EUR,2023,6071.707
Europe,OWID_EUR,2024,6194.153
Europe,OWID_EUR,2025,6166.002
European Union (27),OWID_EU27,1990,5437.2466
European Union (27),OWID_EU27,1991,5454.4507
European Union (27),OWID_EU27,1992,5402.5454
European Union (27),OWID_EU27,1993,5387.632
European Union (27),OWID_EU27,1994,5450.235
European Union (27),OWID_EU27,1995,5605.899
European Union (27),OWID_EU27,1996,5744.941
European Union (27),OWID_EU27,1997,5788.3984
European Union (27),OWID_EU27,1998,5900.616
European Union (27),OWID_EU27,1999,5980.873
European Union (27),OWID_EU27,2000,6152.5996
European Union (27),OWID_EU27,2001,6289.5625
European Union (27),OWID_EU27,2002,6348.686
European Union (27),OWID_EU27,2003,6484.5596
European Union (27),OWID_EU27,2004,6594.35
European Union (27),OWID_EU27,2005,6654.4067
European Union (27),OWID_EU27,2006,6731.428
European Union (27),OWID_EU27,2007,6769.765
European Union (27),OWID_EU27,2008,6776.4727
European Union (27),OWID_EU27,2009,6426.402
European Union (27),OWID_EU27,2010,6696.323
European Union (27),OWID_EU27,2011,6591.2373
European Union (27),OWID_EU27,2012,6584.219
European Union (27),OWID_EU27,2013,6514.2036
European Union (27),OWID_EU27,2014,6363.666
European Union (27),OWID_EU27,2015,6451.1143
European Union (27),OWID_EU27,2016,6500.2817
European Union (27),OWID_EU27,2017,6548.0166
European Union (27),OWID_EU27,2018,6534.011
European Union (27),OWID_EU27,2019,6431.891
European Union (27),OWID_EU27,2020,6179.542
European Union (27),OWID_EU27,2021,6437.8643
European Union (27),OWID_EU27,2022,6213.196
European Union (27),OWID_EU27,2023,6012.836
European Union (27),OWID_EU27,2024,6131.7964
European Union (27),OWID_EU27,2025,6179.701
Falkland Islands,FLK,2000,3206.1558
Falkland Islands,FLK,2001,3157.5623
Falkland Islands,FLK,2002,3131.8508
Falkland Islands,FLK,2003,3113.325
Falkland Islands,FLK,2004,3095.975
Falkland Islands,FLK,2005,3084.5156
Falkland Islands,FLK,2006,6146.2812
Falkland Islands,FLK,2007,6155.74
Falkland Islands,FLK,2008,3082.614
Falkland Islands,FLK,2009,3093.1023
Falkland Islands,FLK,2010,3107.52
Falkland Islands,FLK,2011,6240.2495
Falkland Islands,FLK,2012,6205.3984
Falkland Islands,FLK,2013,6077.18
Falkland Islands,FLK,2014,5948.84
Falkland Islands,FLK,2015,5827.506
Falkland Islands,FLK,2016,5715.919
Falkland Islands,FLK,2017,2824.061
Falkland Islands,FLK,2018,2817.695
Falkland Islands,FLK,2019,2824.061
Falkland Islands,FLK,2020,2827.2546
Falkland Islands,FLK,2021,2837.6843
Falkland Islands,FLK,2022,2844.9502
Falkland Islands,FLK,2023,2858.7764
Faroe Islands,FRO,2000,4815.374
Faroe Islands,FRO,2001,5187.8433
Faroe Islands,FRO,2002,5122.513
Faroe Islands,FRO,2003,5058.169
Faroe Islands,FRO,2004,5203.888
Faroe Islands,FRO,2005,5166.7837
Faroe Islands,FRO,2006,5159.32
Faroe Islands,FRO,2007,5567.24
Faroe Islands,FRO,2008,5563.7983
Faroe Islands,FRO,2009,5565.6333
Faroe Islands,FRO,2010,5810.2134
Faroe Islands,FRO,2011,5630.044
Faroe Islands,FRO,2012,6027.477
Faroe Islands,FRO,2013,6004.5137
Faroe Islands,FRO,2014,6389.7764
Faroe Islands,FRO,2015,6541.8267
Faroe Islands,FRO,2016,6255.802
Faroe Islands,FRO,2017,6564.813
Faroe Islands,FRO,2018,6854.412
Faroe Islands,FRO,2019,7326.2896
Faroe Islands,FRO,2020,7792.4546
Faroe Islands,FRO,2021,8063.911
Faroe Islands,FRO,2022,8882.474
Faroe Islands,FRO,2023,8951.734
Fiji,FJI,2000,891.88776
Fiji,FJI,2001,929.8428
Fiji,FJI,2002,967.3017
Fiji,FJI,2003,1004.27454
Fiji,FJI,2004,1006.44006
Fiji,FJI,2005,1008.63116
Fiji,FJI,2006,1010.8157
Fiji,FJI,2007,991.2646
Fiji,FJI,2008,929.81757
Fiji,FJI,2009,914.85455
Fiji,FJI,2010,966.5794
Fiji,FJI,2011,931.0059
Fiji,FJI,2012,939.9729
Fiji,FJI,2013,960.3223
Fiji,FJI,2014,991.72943
Fiji,FJI,2015,1012.42676
Fiji,FJI,2016,1033.5444
Fiji,FJI,2017,1110.1896
Fiji,FJI,2018,1199.3219
Fiji,FJI,2019,1246.0297
Fiji,FJI,2020,1180.3654
Fiji,FJI,2021,1156.2988
Fiji,FJI,2022,1163.7671
Fiji,FJI,2023,1244.3867
Fiji,FJI,2024,1238.1567
Finland,FIN,1990,13034.996
Finland,FIN,1991,13013.851
Finland,FIN,1992,13107.516
Finland,FIN,1993,13547.5625
Finland,FIN,1994,14181.125
Finland,FIN,1995,14176.028
Finland,FIN,1996,14238.841
Finland,FIN,1997,14934.064
Finland,FIN,1998,15410.751
Finland,FIN,1999,15591.859
Finland,FIN,2000,15812.768
Finland,FIN,2001,16270.334
Finland,FIN,2002,16698.24
Finland,FIN,2003,17097.777
Finland,FIN,2004,17350.314
Finland,FIN,2005,16692.47
Finland,FIN,2006,17790.654
Finland,FIN,2007,17722.643
Finland,FIN,2008,16960.959
Finland,FIN,2009,15761.81
Finland,FIN,2010,16993.12
Finland,FIN,2011,16211.242
Finland,FIN,2012,16226.516
Finland,FIN,2013,15989.904
Finland,FIN,2014,15758.87
Finland,FIN,2015,15502.619
Finland,FIN,2016,15958.604
Finland,FIN,2017,15966.529
Finland,FIN,2018,16347.79
Finland,FIN,2019,16054.682
Finland,FIN,2020,15252.415
Finland,FIN,2021,16220.696
Finland,FIN,2022,15206.579
Finland,FIN,2023,14861.141
Finland,FIN,2024,15261.751
Finland,FIN,2025,15609.973
France,FRA,1990,6502.868
France,FRA,1991,6939.744
France,FRA,1992,7032.246
France,FRA,1993,7035.141
France,FRA,1994,7063.292
France,FRA,1995,7210.0723
France,FRA,1996,7519.274
France,FRA,1997,7408.5693
France,FRA,1998,7628.088
France,FRA,1999,7724.568
France,FRA,2000,7784.9873
France,FRA,2001,7916.016
France,FRA,2002,7860.627
France,FRA,2003,8111.803
France,FRA,2004,8245.002
France,FRA,2005,8256.548
France,FRA,2006,8121.8594
France,FRA,2007,8089.2246
France,FRA,2008,8266.78
France,FRA,2009,7969.707
France,FRA,2010,8383.351
France,FRA,2011,8021.492
France,FRA,2012,8165.3535
France,FRA,2013,8204.823
France,FRA,2014,7715.269
France,FRA,2015,7857.498
France,FRA,2016,7948.4565
France,FRA,2017,7897.8594
France,FRA,2018,7833.8467
France,FRA,2019,7726.368
France,FRA,2020,7316.7134
France,FRA,2021,7648.1973
France,FRA,2022,7293.435
France,FRA,2023,7048.288
France,FRA,2024,7089.5625
France,FRA,2025,7151.6016
French Guiana,GUF,2000,2863.6707
French Guiana,GUF,2001,3559.9014
French Guiana,GUF,2002,3564.9817
French Guiana,GUF,2003,3619.6455
French Guiana,GUF,2004,3459.7432
French Guiana,GUF,2005,3507.004
French Guiana,GUF,2006,3460.1094
French Guiana,GUF,2007,3331.4624
French Guiana,GUF,2008,3317.0283
French Guiana,GUF,2009,3380.7944
French Guiana,GUF,2010,3538.2686
French Guiana,GUF,2011,3465.1914
French Guiana,GUF,2012,3621.0657
French Guiana,GUF,2013,3514.314
French Guiana,GUF,2014,3530.8025
French Guiana,GUF,2015,3491.2925
French Guiana,GUF,2016,3354.4924
French Guiana,GUF,2017,3331.4263
French Guiana,GUF,2018,3309.9385
French Guiana,GUF,2019,3326.6333
French Guiana,GUF,2020,3286.4807
French Guiana,GUF,2021,3310.3206
French Guiana,GUF,2022,3184.5105
French Guiana,GUF,2023,3229.974
French Polynesia,PYF,2000,1705.874
French Polynesia,PYF,2001,1720.5569
French Polynesia,PYF,2002,1856.4481
French Polynesia,PYF,2003,1867.6733
French Polynesia,PYF,2004,2112.1555
French Polynesia,PYF,2005,1965.1891
French Polynesia,PYF,2006,2013.4176
French Polynesia,PYF,2007,2064.1926
French Polynesia,PYF,2008,2123.7751
French Polynesia,PYF,2009,2152.1814
French Polynesia,PYF,2010,2919.5461
French Polynesia,PYF,2011,2723.2515
French Polynesia,PYF,2012,2636.4744
French Polynesia,PYF,2013,2475.1035
French Polynesia,PYF,2014,2460.2827
French Polynesia,PYF,2015,2447.126
French Polynesia,PYF,2016,2435.7046
French Polynesia,PYF,2017,2463.4412
French Polynesia,PYF,2018,2430.1077
French Polynesia,PYF,2019,2472.7637
French Polynesia,PYF,2020,2363.7446
French Polynesia,PYF,2021,2358.7605
French Polynesia,PYF,2022,2532.2053
French Polynesia,PYF,2023,2525.567
French Polynesia,PYF,2024,2554.8586
Gabon,GAB,2000,1026.9854
Gabon,GAB,2001,1069.0336
Gabon,GAB,2002,1092.8214
Gabon,GAB,2003,1106.8076
Gabon,GAB,2004,1076.2369
Gabon,GAB,2005,1072.7686
Gabon,GAB,2006,1100.5491
Gabon,GAB,2007,1111.6523
Gabon,GAB,2008,1126.1947
Gabon,GAB,2009,1101.37
Gabon,GAB,2010,1122.1693
Gabon,GAB,2011,1139.1777
Gabon,GAB,2012,1169.5317
Gabon,GAB,2013,1186.5801
Gabon,GAB,2014,1202.9924
Gabon,GAB,2015,1205.2975
Gabon,GAB,2016,1209.3452
Gabon,GAB,2017,1251.7954
Gabon,GAB,2018,1487.1266
Gabon,GAB,2019,1486.08
Gabon,GAB,2020,1494.0552
Gabon,GAB,2021,1468.4047
Gabon,GAB,2022,1534.5059
Gabon,GAB,2023,1275.7617
Gabon,GAB,2024,1252.4849
Gambia,GMB,2000,89.34124
Gambia,GMB,2001,100.33291
Gambia,GMB,2002,97.67533
Gambia,GMB,2003,107.757324
Gambia,GMB,2004,117.189255
Gambia,GMB,2005,119.97349
Gambia,GMB,2006,128.25858
Gambia,GMB,2007,130.2542
Gambia,GMB,2008,132.02344
Gambia,GMB,2009,128.24431
Gambia,GMB,2010,129.75998
Gambia,GMB,2011,126.02172
Gambia,GMB,2012,122.36326
Gambia,GMB,2013,118.83118
Gambia,GMB,2014,115.498245
Gambia,GMB,2015,125.869286
Gambia,GMB,2016,131.36145
Gambia,GMB,2017,132.3547
Gambia,GMB,2018,162.52484
Gambia,GMB,2019,187.23186
Gambia,GMB,2020,190.79842
Gambia,GMB,2021,194.09825
Gambia,GMB,2022,193.44032
Gambia,GMB,2023,189.0397
Gambia,GMB,2024,184.78267
Georgia,GEO,2000,1758.1713
Georgia,GEO,2001,1698.4822
Georgia,GEO,2002,1850.8406
Georgia,GEO,2003,1960.5977
Georgia,GEO,2004,2006.8658
Georgia,GEO,2005,2123.6248
Georgia,GEO,2006,2024.2288
Georgia,GEO,2007,2091.949
Georgia,GEO,2008,2095.8127
Georgia,GEO,2009,2000.5436
Georgia,GEO,2010,2230.5317
Georgia,GEO,2011,2473.6838
Georgia,GEO,2012,2529.1675
Georgia,GEO,2013,2627.8982
Georgia,GEO,2014,2778.8608
Georgia,GEO,2015,2845.7869
Georgia,GEO,2016,3008.9177
Georgia,GEO,2017,3229.7527
Georgia,GEO,2018,3415.127
Georgia,GEO,2019,3487.2188
Georgia,GEO,2020,3324.8325
Georgia,GEO,2021,3764.0725
Georgia,GEO,2022,3902.7275
Georgia,GEO,2023,3611.299
Georgia,GEO,2024,3705.6802
Georgia,GEO,2025,3861.6438
Germany,DEU,1990,6814.752
Germany,DEU,1991,6667.855
Germany,DEU,1992,6529.322
Germany,DEU,1993,6400.9165
Germany,DEU,1994,6400.4756
Germany,DEU,1995,6529.3916
Germany,DEU,1996,6600.279
Germany,DEU,1997,6603.0156
Germany,DEU,1998,6689.514
Germany,DEU,1999,6737.5317
Germany,DEU,2000,6993.022
Germany,DEU,2001,7110.6113
Germany,DEU,2002,7234.9473
Germany,DEU,2003,7292.0254
Germany,DEU,2004,7393.836
Germany,DEU,2005,7419.796
Germany,DEU,2006,7505.5713
Germany,DEU,2007,7559.0527
Germany,DEU,2008,7547.5786
Germany,DEU,2009,7112.968
Germany,DEU,2010,7537.4624
Germany,DEU,2011,7435.639
Germany,DEU,2012,7406.04
Germany,DEU,2013,7372.7583
Germany,DEU,2014,7187.247
Germany,DEU,2015,7199.1675
Germany,DEU,2016,7141.122
Germany,DEU,2017,7123.6035
Germany,DEU,2018,6999.5254
Germany,DEU,2019,6790.6357
Germany,DEU,2020,6549.425
Germany,DEU,2021,6693.7817
Germany,DEU,2022,6417.46
Germany,DEU,2023,6102.3154
Germany,DEU,2024,6176.7734
Germany,DEU,2025,6188.16
Ghana,GHA,2000,375.81952
Ghana,GHA,2001,394.7028
Ghana,GHA,2002,371.45325
Ghana,GHA,2003,292.06387
Ghana,GHA,2004,283.97272
Ghana,GHA,2005,308.24814
Ghana,GHA,2006,358.496
Ghana,GHA,2007,302.42426
Ghana,GHA,2008,332.37192
Ghana,GHA,2009,337.45377
Ghana,GHA,2010,360.74582
Ghana,GHA,2011,410.0388
Ghana,GHA,2012,434.274
Ghana,GHA,2013,456.0692
Ghana,GHA,2014,449.68915
Ghana,GHA,2015,393.08517
Ghana,GHA,2016,467.69504
Ghana,GHA,2017,444.87598
Ghana,GHA,2018,467.07327
Ghana,GHA,2019,511.85352
Ghana,GHA,2020,564.1656
Ghana,GHA,2021,627.02454
Ghana,GHA,2022,635.00867
Ghana,GHA,2023,646.6809
Ghana,GHA,2024,634.08765
Gibraltar,GIB,2000,4687.387
Gibraltar,GIB,2001,4695.6836
Gibraltar,GIB,2002,4667.8633
Gibraltar,GIB,2003,4593.477
Gibraltar,GIB,2004,4871.0903
Gibraltar,GIB,2005,4795.999
Gibraltar,GIB,2006,5064.146
Gibraltar,GIB,2007,5327.6504
Gibraltar,GIB,2008,5586.4087
Gibraltar,GIB,2009,5511.071
Gibraltar,GIB,2010,5756.1323
Gibraltar,GIB,2011,5365.315
Gibraltar,GIB,2012,5615.524
Gibraltar,GIB,2013,5858.953
Gibraltar,GIB,2014,6090.876
Gibraltar,GIB,2015,6623.713
Gibraltar,GIB,2016,6234.784
Gibraltar,GIB,2017,6128.3447
Gibraltar,GIB,2018,6306.797
Gibraltar,GIB,2019,6194.0425
Gibraltar,GIB,2020,5801.4253
Gibraltar,GIB,2021,6236.2734
Gibraltar,GIB,2022,5580.5054
Gibraltar,GIB,2023,5975.1123
Gibraltar,GIB,2024,5590.709
Greece,GRC,1990,3403.0337
Greece,GRC,1991,3476.3982
Greece,GRC,1992,3607.1792
Greece,GRC,1993,3701.231
Greece,GRC,1994,3860.0205
Greece,GRC,1995,3967.97
Greece,GRC,1996,4117.281
Greece,GRC,1997,4245.774
Greece,GRC,1998,4431.6797
Greece,GRC,1999,4572.1675
Greece,GRC,2000,4908.8174
Greece,GRC,2001,5076.0083
Greece,GRC,2002,5166.0713
Greece,GRC,2003,5437.5767
Greece,GRC,2004,5575.769
Greece,GRC,2005,5692.3833
Greece,GRC,2006,5774.2725
Greece,GRC,2007,6043.961
Greece,GRC,2008,6119.9575
Greece,GRC,2009,5825.496
Greece,GRC,2010,5601.966
Greece,GRC,2011,5552.336
Greece,GRC,2012,5583.669
Greece,GRC,2013,5312.0415
Greece,GRC,2014,5364.83
Greece,GRC,2015,5605.8174
Greece,GRC,2016,5813.184
Greece,GRC,2017,5676.2744
Greece,GRC,2018,5487.9175
Greece,GRC,2019,5400.9014
Greece,GRC,2020,5268.534
Greece,GRC,2021,5474.707
Greece,GRC,2022,5293.647
Greece,GRC,2023,5256.319
Greece,GRC,2024,5649.986
Greece,GRC,2025,5590.186
Greenland,GRL,2000,5157.5728
Greenland,GRL,2001,4961.6357
Greenland,GRL,2002,5475.387
Greenland,GRL,2003,5459.5728
Greenland,GRL,2004,5797
Greenland,GRL,2005,5968.158
Greenland,GRL,2006,6151.034
Greenland,GRL,2007,6337.2476
Greenland,GRL,2008,6527.5303
Greenland,GRL,2009,7250.6055
Greenland,GRL,2010,7239.4673
Greenland,GRL,2011,7915.1494
Greenland,GRL,2012,7922.9536
Greenland,GRL,2013,8136.9844
Greenland,GRL,2014,8541.685
Greenland,GRL,2015,9099.343
Greenland,GRL,2016,8558.8955
Greenland,GRL,2017,8913.609
Greenland,GRL,2018,9269.162
Greenland,GRL,2019,8733.002
Greenland,GRL,2020,9268.336
Greenland,GRL,2021,9096.584
Greenland,GRL,2022,9640.447
Greenland,GRL,2023,10902.397
Greenland,GRL,2024,10740.37
Grenada,GRD,2000,1209.6849
Grenada,GRD,2001,1296.3203
Grenada,GRD,2002,1383.5852
Grenada,GRD,2003,1469.3053
Grenada,GRD,2004,1280.4331
Grenada,GRD,2005,1366.8174
Grenada,GRD,2006,1543.364
Grenada,GRD,2007,1628.4878
Grenada,GRD,2008,1713.0852
Grenada,GRD,2009,1797.4943
Grenada,GRD,2010,1881.7203
Grenada,GRD,2011,1784.2328
Grenada,GRD,2012,1773.1754
Grenada,GRD,2013,1762.1301
Grenada,GRD,2014,1752.1113
Grenada,GRD,2015,1831.0067
Grenada,GRD,2016,1910.6012
Grenada,GRD,2017,1992.239
Grenada,GRD,2018,1987.8483
Grenada,GRD,2019,2069.0547
Grenada,GRD,2020,1890.7979
Grenada,GRD,2021,1970.9331
Grenada,GRD,2022,2052.5452
Grenada,GRD,2023,2049.6353
Grenada,GRD,2024,2047.467
Guadeloupe,GLP,2000,2907.7737
Guadeloupe,GLP,2001,3087.2766
Guadeloupe,GLP,2002,3198.9456
Guadeloupe,GLP,2003,3338.026
Guadeloupe,GLP,2004,3480.5127
Guadeloupe,GLP,2005,3675.7048
Guadeloupe,GLP,2006,3757.0906
Guadeloupe,GLP,2007,3918.6584
Guadeloupe,GLP,2008,3936.5554
Guadeloupe,GLP,2009,3985.3496
Guadeloupe,GLP,2010,4231.743
Guadeloupe,GLP,2011,4106.947
Guadeloupe,GLP,2012,4203.8066
Guadeloupe,GLP,2013,4260.873
Guadeloupe,GLP,2014,4278.843
Guadeloupe,GLP,2015,4356.9746
Guadeloupe,GLP,2016,4374.237
Guadeloupe,GLP,2017,4264.589
Guadeloupe,GLP,2018,4118.656
Guadeloupe,GLP,2019,4192.402
Guadeloupe,GLP,2020,4172.793
Guadeloupe,GLP,2021,4158.7646
Guadeloupe,GLP,2022,4263.04
Guadeloupe,GLP,2023,4435.379
Guam,GUM,2000,12119.093
Guam,GUM,2001,12086.353
Guam,GUM,2002,10595.961
Guam,GUM,2003,10910.473
Guam,GUM,2004,11476.36
Guam,GUM,2005,11559.076
Guam,GUM,2006,11465.107
Guam,GUM,2007,11374.774
Guam,GUM,2008,11345.532
Guam,GUM,2009,11252.249
Guam,GUM,2010,11229.006
Guam,GUM,2011,11047.469
Guam,GUM,2012,10700.459
Guam,GUM,2013,10483.254
Guam,GUM,2014,10272.4
Guam,GUM,2015,10369.041
Guam,GUM,2016,10594.252
Guam,GUM,2017,10825.622
Guam,GUM,2018,10633.786
Guam,GUM,2019,10814.552
Guam,GUM,2020,10544.686
Guam,GUM,2021,10626.538
Guam,GUM,2022,10896.345
Guam,GUM,2023,10809.382
Guam,GUM,2024,11085.285
Guatemala,GTM,2000,492.40906
Guatemala,GTM,2001,536.3667
Guatemala,GTM,2002,512.78186
Guatemala,GTM,2003,519.7255
Guatemala,GTM,2004,468.47882
Guatemala,GTM,2005,507.34903
Guatemala,GTM,2006,582.75867
Guatemala,GTM,2007,629.94244
Guatemala,GTM,2008,617.861
Guatemala,GTM,2009,622.55493
Guatemala,GTM,2010,624.8225
Guatemala,GTM,2011,614.51624
Guatemala,GTM,2012,622.2813
Guatemala,GTM,2013,636.88727
Guatemala,GTM,2014,646.61255
Guatemala,GTM,2015,668.05475
Guatemala,GTM,2016,692.7387
Guatemala,GTM,2017,686.28906
Guatemala,GTM,2018,687.41626
Guatemala,GTM,2019,681.1351
Guatemala,GTM,2020,711.51495
Guatemala,GTM,2021,880.74927
Guatemala,GTM,2022,776.5629
Guatemala,GTM,2023,871.18005
Guatemala,GTM,2024,888.27966
Guinea,GIN,2000,96.09867
Guinea,GIN,2001,112.41267
Guinea,GIN,2002,116.438965
Guinea,GIN,2003,96.947395
Guinea,GIN,2004,99.307884
Guinea,GIN,2005,85.443794
Guinea,GIN,2006,77.32089
Guinea,GIN,2007,80.7263
Guinea,GIN,2008,81.82752
Guinea,GIN,2009,78.86793
Guinea,GIN,2010,60.599705
Guinea,GIN,2011,51.610184
Guinea,GIN,2012,66.84015
Guinea,GIN,2013,58.07785
Guinea,GIN,2014,61.88485
Guinea,GIN,2015,96.88047
Guinea,GIN,2016,133.35509
Guinea,GIN,2017,142.9071
Guinea,GIN,2018,152.69849
Guinea,GIN,2019,157.27675
Guinea,GIN,2020,185.47346
Guinea,GIN,2021,265.4897
Guinea,GIN,2022,284.59348
Guinea,GIN,2023,277.67233
Guinea,GIN,2024,273.13187
Guinea-Bissau,GNB,2000,24.296474
Guinea-Bissau,GNB,2001,15.8568945
Guinea-Bissau,GNB,2002,15.512089
Guinea-Bissau,GNB,2003,15.165198
Guinea-Bissau,GNB,2004,22.229319
Guinea-Bissau,GNB,2005,21.714111
Guinea-Bissau,GNB,2006,21.196693
Guinea-Bissau,GNB,2007,20.675552
Guinea-Bissau,GNB,2008,20.16049
Guinea-Bissau,GNB,2009,19.654293
Guinea-Bissau,GNB,2010,19.152782
Guinea-Bissau,GNB,2011,18.65574
Guinea-Bissau,GNB,2012,18.166128
Guinea-Bissau,GNB,2013,11.792592
Guinea-Bissau,GNB,2014,17.230228
Guinea-Bissau,GNB,2015,33.585957
Guinea-Bissau,GNB,2016,43.67055
Guinea-Bissau,GNB,2017,42.619522
Guinea-Bissau,GNB,2018,41.61969
Guinea-Bissau,GNB,2019,40.65652
Guinea-Bissau,GNB,2020,39.736565
Guinea-Bissau,GNB,2021,38.85681
Guinea-Bissau,GNB,2022,37.995094
Guinea-Bissau,GNB,2023,37.151535
Guinea-Bissau,GNB,2024,36.34117
Guyana,GUY,2000,1176.7228
Guyana,GUY,2001,1203.4261
Guyana,GUY,2002,1204.7294
Guyana,GUY,2003,1074.5544
Guyana,GUY,2004,1127.9813
Guyana,GUY,2005,854.2268
Guyana,GUY,2006,869.5928
Guyana,GUY,2007,924.8567
Guyana,GUY,2008,940.87836
Guyana,GUY,2009,1103.581
Guyana,GUY,2010,1201.1868
Guyana,GUY,2011,1273.1836
Guyana,GUY,2012,1286.3528
Guyana,GUY,2013,1306.6318
Guyana,GUY,2014,1325.8538
Guyana,GUY,2015,1331.0789
Guyana,GUY,2016,1440.6335
Guyana,GUY,2017,1457.4167
Guyana,GUY,2018,1440.1886
Guyana,GUY,2019,1423.8523
Guyana,GUY,2020,1411.7892
Guyana,GUY,2021,1397.9427
Guyana,GUY,2022,1557.8636
Guyana,GUY,2023,1669.9803
Guyana,GUY,2024,1660.466
Haiti,HTI,2000,65.03555
Haiti,HTI,2001,69.77362
Haiti,HTI,2002,63.896667
Haiti,HTI,2003,60.50288
Haiti,HTI,2004,61.726547
Haiti,HTI,2005,60.69787
Haiti,HTI,2006,61.84514
Haiti,HTI,2007,49.075565
Haiti,HTI,2008,51.41236
Haiti,HTI,2009,73.27455
Haiti,HTI,2010,69.3644
Haiti,HTI,2011,99.84968
Haiti,HTI,2012,109.23785
Haiti,HTI,2013,102.71595
Haiti,HTI,2014,99.29394
Haiti,HTI,2015,97.87852
Haiti,HTI,2016,101.204506
Haiti,HTI,2017,97.987015
Haiti,HTI,2018,94.869965
Haiti,HTI,2019,95.45107
Haiti,HTI,2020,90.716286
Haiti,HTI,2021,90.5527
Haiti,HTI,2022,87.79858
Haiti,HTI,2023,73.04036
Haiti,HTI,2024,73.051216
High-income countries,OWID_HIC,2000,8590.754
High-income countries,OWID_HIC,2001,8570.183
High-income countries,OWID_HIC,2002,8709.21
High-income countries,OWID_HIC,2003,8778.845
High-income countries,OWID_HIC,2004,8938.879
High-income countries,OWID_HIC,2005,9101.662
High-income countries,OWID_HIC,2006,9153.443
High-income countries,OWID_HIC,2007,9301.795
High-income countries,OWID_HIC,2008,9260.394
High-income countries,OWID_HIC,2009,8865.378
High-income countries,OWID_HIC,2010,9199.72
High-income countries,OWID_HIC,2011,9119.818
High-income countries,OWID_HIC,2012,9092.848
High-income countries,OWID_HIC,2013,9047.075
High-income countries,OWID_HIC,2014,8996.734
High-income countries,OWID_HIC,2015,8998.218
High-income countries,OWID_HIC,2016,9038.611
High-income countries,OWID_HIC,2017,9040.272
High-income countries,OWID_HIC,2018,9137.978
High-income countries,OWID_HIC,2019,9018.384
High-income countries,OWID_HIC,2020,8766.753
High-income countries,OWID_HIC,2021,9054.632
High-income countries,OWID_HIC,2022,9099.87
High-income countries,OWID_HIC,2023,8967.624
High-income countries,OWID_HIC,2024,9163.039
Honduras,HND,2000,595.9457
Honduras,HND,2001,624.4458
Honduras,HND,2002,657.1679
Honduras,HND,2003,703.7295
Honduras,HND,2004,759.00775
Honduras,HND,2005,746.1527
Honduras,HND,2006,781.00183
Honduras,HND,2007,804.1042
Honduras,HND,2008,807.4792
Honduras,HND,2009,831.5116
Honduras,HND,2010,861.8339
Honduras,HND,2011,879.3307
Honduras,HND,2012,908.76953
Honduras,HND,2013,935.9592
Honduras,HND,2014,951.10657
Honduras,HND,2015,991.6311
Honduras,HND,2016,1019.93335
Honduras,HND,2017,1022.09564
Honduras,HND,2018,1031.2119
Honduras,HND,2019,1097.1841
Honduras,HND,2020,1029.6812
Honduras,HND,2021,1100.1099
Honduras,HND,2022,1100.93
Honduras,HND,2023,1186.4889
Honduras,HND,2024,1166.6678
Hong Kong,HKG,2000,6007.7573
Hong Kong,HKG,2001,6071.5273
Hong Kong,HKG,2002,6192.2666
Hong Kong,HKG,2003,6242.978
Hong Kong,HKG,2004,6358.7334
Hong Kong,HKG,2005,6496.3613
Hong Kong,HKG,2006,6479.5015
Hong Kong,HKG,2007,6569.752
Hong Kong,HKG,2008,6506.484
Hong Kong,HKG,2009,6579.409
Hong Kong,HKG,2010,6571.745
Hong Kong,HKG,2011,6628.896
Hong Kong,HKG,2012,6735.1206
Hong Kong,HKG,2013,6617.2656
Hong Kong,HKG,2014,6667.12
Hong Kong,HKG,2015,6573.0786
Hong Kong,HKG,2016,6552.3706
Hong Kong,HKG,2017,6470.2104
Hong Kong,HKG,2018,6506.326
Hong Kong,HKG,2019,6588.459
Hong Kong,HKG,2020,6281.5073
Hong Kong,HKG,2021,6517.379
Hong Kong,HKG,2022,6489.4946
Hong Kong,HKG,2023,6629.281
Hong Kong,HKG,2024,6582.679
Hungary,HUN,1990,3813.5952
Hungary,HUN,1991,3595.045
Hungary,HUN,1992,3389.1028
Hungary,HUN,1993,3416.0903
Hungary,HUN,1994,3438.1257
Hungary,HUN,1995,3529.084
Hungary,HUN,1996,3619.602
Hungary,HUN,1997,3653.2212
Hungary,HUN,1998,3700.8433
Hungary,HUN,1999,3805.3594
Hungary,HUN,2000,3790.7493
Hungary,HUN,2001,3894.0884
Hungary,HUN,2002,3985.812
Hungary,HUN,2003,4062.7285
Hungary,HUN,2004,4082.973
Hungary,HUN,2005,4170.5977
Hungary,HUN,2006,4284.6
Hungary,HUN,2007,4380.071
Hungary,HUN,2008,4384.6978
Hungary,HUN,2009,4141.4277
Hungary,HUN,2010,4264.902
Hungary,HUN,2011,4288.8706
Hungary,HUN,2012,4294.8096
Hungary,HUN,2013,4262.1636
Hungary,HUN,2014,4337.4917
Hungary,HUN,2015,4473.936
Hungary,HUN,2016,4545.1167
Hungary,HUN,2017,4680.343
Hungary,HUN,2018,4747.097
Hungary,HUN,2019,4796.1455
Hungary,HUN,2020,4779.7524
Hungary,HUN,2021,5032.011
Hungary,HUN,2022,4949.2437
Hungary,HUN,2023,4814.966
Hungary,HUN,2024,5036.1016
Hungary,HUN,2025,5076.677
Iceland,ISL,2000,27053.643
Iceland,ISL,2001,27924.143
Iceland,ISL,2002,29032.473
Iceland,ISL,2003,29142.035
Iceland,ISL,2004,29229.357
Iceland,ISL,2005,29004.352
Iceland,ISL,2006,32413.793
Iceland,ISL,2007,38150.305
Iceland,ISL,2008,51461.49
Iceland,ISL,2009,52445.082
Iceland,ISL,2010,52614.54
Iceland,ISL,2011,52798.312
Iceland,ISL,2012,53887.945
Iceland,ISL,2013,55543.375
Iceland,ISL,2014,54348.32
Iceland,ISL,2015,56048.727
Iceland,ISL,2016,54146.516
Iceland,ISL,2017,55510.758
Iceland,ISL,2018,55801.168
Iceland,ISL,2019,53672.074
Iceland,ISL,2020,51523.895
Iceland,ISL,2021,52033.156
Iceland,ISL,2022,52238.887
Iceland,ISL,2023,51114.797
Iceland,ISL,2024,48423.5
India,IND,2000,541.3344
India,IND,2001,544.93066
India,IND,2002,556.6598
India,IND,2003,572.9032
India,IND,2004,616.2194
India,IND,2005,611.48737
India,IND,2006,637.0393
India,IND,2007,672.8951
India,IND,2008,690.6438
India,IND,2009,721.26654
India,IND,2010,757.5022
India,IND,2011,822.56537
India,IND,2012,854.8384
India,IND,2013,883.74286
India,IND,2014,959.5915
India,IND,2015,986.91705
India,IND,2016,1037.1263
India,IND,2017,1074.3883
India,IND,2018,1140.5083
India,IND,2019,1150.3276
India,IND,2020,1114.5731
India,IND,2021,1187.0211
India,IND,2022,1264.8033
India,IND,2023,1332.4807
India,IND,2024,1402.0055
India,IND,2025,1422.822
Indonesia,IDN,2000,453.7255
Indonesia,IDN,2001,484.53226
Indonesia,IDN,2002,508.9863
Indonesia,IDN,2003,521.622
Indonesia,IDN,2004,547.45685
Indonesia,IDN,2005,575.6012
Indonesia,IDN,2006,589.8655
Indonesia,IDN,2007,625.99567
Indonesia,IDN,2008,649.1562
Indonesia,IDN,2009,669.64056
Indonesia,IDN,2010,720.89386
Indonesia,IDN,2011,769.1505
Indonesia,IDN,2012,826.91425
Indonesia,IDN,2013,880.1166
Indonesia,IDN,2014,917.61584
Indonesia,IDN,2015,929.2998
Indonesia,IDN,2016,975.86255
Indonesia,IDN,2017,998.51636
Indonesia,IDN,2018,1056.8181
Indonesia,IDN,2019,1090.3911
Indonesia,IDN,2020,1067.5187
Indonesia,IDN,2021,1121.3042
Indonesia,IDN,2022,1199.0796
Indonesia,IDN,2023,1250.0085
Indonesia,IDN,2024,1313.9889
Iran,IRN,2000,1786.6967
Iran,IRN,2001,1887.1196
Iran,IRN,2002,2035.1025
Iran,IRN,2003,2213.4863
Iran,IRN,2004,2321.3572
Iran,IRN,2005,2455.712
Iran,IRN,2006,2632.4126
Iran,IRN,2007,2713.5767
Iran,IRN,2008,2758.4216
Iran,IRN,2009,2847.7134
Iran,IRN,2010,2996.4797
Iran,IRN,2011,2941.6868
Iran,IRN,2012,3044.075
Iran,IRN,2013,3121.0715
Iran,IRN,2014,3309.61
Iran,IRN,2015,3359.624
Iran,IRN,2016,3384.5898
Iran,IRN,2017,3538.2979
Iran,IRN,2018,3583.92
Iran,IRN,2019,3584.3088
Iran,IRN,2020,3766.4958
Iran,IRN,2021,3952.383
Iran,IRN,2022,4028.0706
Iran,IRN,2023,4141.8755
Iran,IRN,2024,4296.164
Iran,IRN,2025,4280.566
Iraq,IRQ,2000,1306.0891
Iraq,IRQ,2001,1279.8715
Iraq,IRQ,2002,1301.9794
Iraq,IRQ,2003,1056.9846
Iraq,IRQ,2004,1218.7306
Iraq,IRQ,2005,1113.7924
Iraq,IRQ,2006,1276.186
Iraq,IRQ,2007,1248.2562
Iraq,IRQ,2008,1375.5114
Iraq,IRQ,2009,1445.1959
Iraq,IRQ,2010,1791.8938
Iraq,IRQ,2011,1900.7242
Iraq,IRQ,2012,1669.5962
Iraq,IRQ,2013,1931.2971
Iraq,IRQ,2014,2131.05
Iraq,IRQ,2015,2124.8367
Iraq,IRQ,2016,2341.3276
Iraq,IRQ,2017,2522.2844
Iraq,IRQ,2018,2560.248
Iraq,IRQ,2019,2955.9014
Iraq,IRQ,2020,2957.741
Iraq,IRQ,2021,2915.1724
Iraq,IRQ,2022,3117.501
Iraq,IRQ,2023,3368.4568
Iraq,IRQ,2024,3406.2368
Ireland,IRL,1990,4043.8074
Ireland,IRL,1991,4218.707
Ireland,IRL,1992,4428.9355
Ireland,IRL,1993,4507.6816
Ireland,IRL,1994,4676.6694
Ireland,IRL,1995,4860.56
Ireland,IRL,1996,5150.4644
Ireland,IRL,1997,5348.1655
Ireland,IRL,1998,5639.8755
Ireland,IRL,1999,5851.4155
Ireland,IRL,2000,6240.485
Ireland,IRL,2001,6300.8335
Ireland,IRL,2002,6440.2134
Ireland,IRL,2003,6511.501
Ireland,IRL,2004,6583.7593
Ireland,IRL,2005,6651.773
Ireland,IRL,2006,6765.4067
Ireland,IRL,2007,6757.6826
Ireland,IRL,2008,6772.192
Ireland,IRL,2009,6339.123
Ireland,IRL,2010,6279.77
Ireland,IRL,2011,6046.376
Ireland,IRL,2012,5993.3022
Ireland,IRL,2013,6024.193
Ireland,IRL,2014,6013.006
Ireland,IRL,2015,6130.785
Ireland,IRL,2016,6224.879
Ireland,IRL,2017,6259.5396
Ireland,IRL,2018,6364.2124
Ireland,IRL,2019,6386.9556
Ireland,IRL,2020,6424.354
Ireland,IRL,2021,6628.3145
Ireland,IRL,2022,6661.4287
Ireland,IRL,2023,6700.4976
Ireland,IRL,2024,6877.239
Ireland,IRL,2025,7091.136
Israel,ISR,2000,6741.727
Israel,ISR,2001,6797.1494
Israel,ISR,2002,6905.444
Israel,ISR,2003,7007.728
Israel,ISR,2004,6926.5938
Israel,ISR,2005,6976.5933
Israel,ISR,2006,7118.6143
Israel,ISR,2007,7426.9766
Israel,ISR,2008,7500.0483
Israel,ISR,2009,7070.403
Israel,ISR,2010,7439.277
Israel,ISR,2011,7412.6396
Israel,ISR,2012,7700.0117
Israel,ISR,2013,7308.982
Israel,ISR,2014,7093.6777
Israel,ISR,2015,7330.2637
Israel,ISR,2016,7485.9873
Israel,ISR,2017,7389.561
Israel,ISR,2018,7421.7983
Israel,ISR,2019,7669.6807
Israel,ISR,2020,7556.4917
Israel,ISR,2021,7559.048
Israel,ISR,2022,7684.1587
Israel,ISR,2023,7616.4253
Israel,ISR,2024,7883.23
Israel,ISR,2025,7954.0347
Italy,ITA,1990,4344.9707
Italy,ITA,1991,4441.669
Italy,ITA,1992,4516.062
Italy,ITA,1993,4533.2617
Italy,ITA,1994,4638.6167
Italy,ITA,1995,4787.1777
Italy,ITA,1996,4842.0195
Italy,ITA,1997,4989.222
Italy,ITA,1998,5145.312
Italy,ITA,1999,5263.03
Italy,ITA,2000,5487.654
Italy,ITA,2001,5588.967
Italy,ITA,2002,5714.496
Italy,ITA,2003,5840.6953
Italy,ITA,2004,5832.9155
Italy,ITA,2005,5874.6035
Italy,ITA,2006,5967.2095
Italy,ITA,2007,5962.741
Italy,ITA,2008,5903.1235
Italy,ITA,2009,5530.848
Italy,ITA,2010,5664.331
Italy,ITA,2011,5700.051
Italy,ITA,2012,5589.65
Italy,ITA,2013,5410.3726
Italy,ITA,2014,5279.0635
Italy,ITA,2015,5383.051
Italy,ITA,2016,5340.4453
Italy,ITA,2017,5461.9683
Italy,ITA,2018,5474.016
Italy,ITA,2019,5456.9976
Italy,ITA,2020,5157.666
Italy,ITA,2021,5496.125
Italy,ITA,2022,5420.41
Italy,ITA,2023,5257.191
Italy,ITA,2024,5368.126
Italy,ITA,2025,5268.296
Jamaica,JAM,2000,2596.031
Jamaica,JAM,2001,2587.248
Jamaica,JAM,2002,2635.7825
Jamaica,JAM,2003,2702.673
Jamaica,JAM,2004,2713.0928
Jamaica,JAM,2005,2779.9795
Jamaica,JAM,2006,2776.777
Jamaica,JAM,2007,2233.0247
Jamaica,JAM,2008,1551.9331
Jamaica,JAM,2009,1607.599
Jamaica,JAM,2010,1571.7247
Jamaica,JAM,2011,1579.4281
Jamaica,JAM,2012,1554.5918
Jamaica,JAM,2013,1541.1204
Jamaica,JAM,2014,1524.829
Jamaica,JAM,2015,1527.1884
Jamaica,JAM,2016,1597.9108
Jamaica,JAM,2017,1555.5276
Jamaica,JAM,2018,1404.2041
Jamaica,JAM,2019,1643.4813
Jamaica,JAM,2020,1511.9695
Jamaica,JAM,2021,1532.9424
Jamaica,JAM,2022,1581.4591
Jamaica,JAM,2023,1679.7046
Jamaica,JAM,2024,1732.8936
Japan,JPN,2000,8656.925
Japan,JPN,2001,8511.228
Japan,JPN,2002,8652.574
Japan,JPN,2003,8557.839
Japan,JPN,2004,8771.922
Japan,JPN,2005,9014.463
Japan,JPN,2006,9096.68
Japan,JPN,2007,9213.298
Japan,JPN,2008,9236.399
Japan,JPN,2009,8690.214
Japan,JPN,2010,9018.509
Japan,JPN,2011,8620.068
Japan,JPN,2012,8652.348
Japan,JPN,2013,8516.513
Japan,JPN,2014,8335.935
Japan,JPN,2015,8093.6
Japan,JPN,2016,8365.055
Japan,JPN,2017,8474.8955
Japan,JPN,2018,8532.824
Japan,JPN,2019,8266.81
Japan,JPN,2020,8004.701
Japan,JPN,2021,8232.618
Japan,JPN,2022,8324.721
Japan,JPN,2023,8094.575
Japan,JPN,2024,8213.051
Japan,JPN,2025,8365.808
Jordan,JOR,2000,1446.0886
Jordan,JOR,2001,1418.4656
Jordan,JOR,2002,1502.8284
Jordan,JOR,2003,1567.4426
Jordan,JOR,2004,1657.5808
Jordan,JOR,2005,1723.1666
Jordan,JOR,2006,1801.6681
Jordan,JOR,2007,1883.6322
Jordan,JOR,2008,2055.831
Jordan,JOR,2009,2033.1115
Jordan,JOR,2010,2109.0728
Jordan,JOR,2011,2177.6821
Jordan,JOR,2012,2276.2222
Jordan,JOR,2013,2199.7515
Jordan,JOR,2014,2120.1777
Jordan,JOR,2015,2054.5369
Jordan,JOR,2016,1994.7295
Jordan,JOR,2017,2029.4645
Jordan,JOR,2018,1955.591
Jordan,JOR,2019,1936.8635
Jordan,JOR,2020,1922.6464
Jordan,JOR,2021,1950.0547
Jordan,JOR,2022,2011.3236
Jordan,JOR,2023,2084.058
Jordan,JOR,2024,2054.0325
Kazakhstan,KAZ,2000,3526.1995
Kazakhstan,KAZ,2001,3671.1384
Kazakhstan,KAZ,2002,3750.4758
Kazakhstan,KAZ,2003,3961.9297
Kazakhstan,KAZ,2004,4087.024
Kazakhstan,KAZ,2005,4245.3345
Kazakhstan,KAZ,2006,4463.5654
Kazakhstan,KAZ,2007,4717.906
Kazakhstan,KAZ,2008,4909.133
Kazakhstan,KAZ,2009,4696.793
Kazakhstan,KAZ,2010,4977.784
Kazakhstan,KAZ,2011,5119.537
Kazakhstan,KAZ,2012,5312.573
Kazakhstan,KAZ,2013,5226.5537
Kazakhstan,KAZ,2014,5246.3237
Kazakhstan,KAZ,2015,5067.967
Kazakhstan,KAZ,2016,5085.0596
Kazakhstan,KAZ,2017,5294.894
Kazakhstan,KAZ,2018,5482.571
Kazakhstan,KAZ,2019,5383.779
Kazakhstan,KAZ,2020,5538.413
Kazakhstan,KAZ,2021,5800.3584
Kazakhstan,KAZ,2022,5734.5757
Kazakhstan,KAZ,2023,5689.099
Kazakhstan,KAZ,2024,5872.0195
Kazakhstan,KAZ,2025,6049.773
Kenya,KEN,2000,147.17932
Kenya,KEN,2001,157.49939
Kenya,KEN,2002,164.57344
Kenya,KEN,2003,168.48808
Kenya,KEN,2004,182.06198
Kenya,KEN,2005,187.1692
Kenya,KEN,2006,202.41702
Kenya,KEN,2007,174.30693
Kenya,KEN,2008,156.35223
Kenya,KEN,2009,162.34053
Kenya,KEN,2010,172.12129
Kenya,KEN,2011,183.12163
Kenya,KEN,2012,186.38223
Kenya,KEN,2013,179.60826
Kenya,KEN,2014,202.59952
Kenya,KEN,2015,208.54335
Kenya,KEN,2016,202.12015
Kenya,KEN,2017,224.60374
Kenya,KEN,2018,226.8603
Kenya,KEN,2019,229.67482
Kenya,KEN,2020,225.97864
Kenya,KEN,2021,237.6963
Kenya,KEN,2022,244.41289
Kenya,KEN,2023,247.38426
Kenya,KEN,2024,261.37213
Kenya,KEN,2025,270.8035
Kiribati,KIR,2000,112.826065
Kiribati,KIR,2001,221.36137
Kiribati,KIR,2002,216.72934
Kiribati,KIR,2003,212.33902
Kiribati,KIR,2004,208.1252
Kiribati,KIR,2005,203.98796
Kiribati,KIR,2006,299.91602
Kiribati,KIR,2007,293.88425
Kiribati,KIR,2008,191.87413
Kiribati,KIR,2009,187.83046
Kiribati,KIR,2010,183.96387
Kiribati,KIR,2011,180.73378
Kiribati,KIR,2012,178.10548
Kiribati,KIR,2013,263.51154
Kiribati,KIR,2014,260.1028
Kiribati,KIR,2015,256.79214
Kiribati,KIR,2016,253.19019
Kiribati,KIR,2017,249.40143
Kiribati,KIR,2018,245.70628
Kiribati,KIR,2019,322.76807
Kiribati,KIR,2020,317.1834
Kiribati,KIR,2021,311.558
Kiribati,KIR,2022,306.55334
Kiribati,KIR,2023,301.7957
Kiribati,KIR,2024,297.35135
Kosovo,OWID_KOS,2000,1847.4464
Kosovo,OWID_KOS,2001,2307.6758
Kosovo,OWID_KOS,2002,2284.8184
Kosovo,OWID_KOS,2003,2239.334
Kosovo,OWID_KOS,2004,2490.7036
Kosovo,OWID_KOS,2005,2601.2507
Kosovo,OWID_KOS,2006,2597.7937
Kosovo,OWID_KOS,2007,2794.536
Kosovo,OWID_KOS,2008,3092.965
Kosovo,OWID_KOS,2009,3042.3115
Kosovo,OWID_KOS,2010,3153.0293
Kosovo,OWID_KOS,2011,3471.0808
Kosovo,OWID_KOS,2012,3371.0889
Kosovo,OWID_KOS,2013,3400.8906
Kosovo,OWID_KOS,2014,3272.5571
Kosovo,OWID_KOS,2015,3507.551
Kosovo,OWID_KOS,2016,3104.8408
Kosovo,OWID_KOS,2017,3551.7852
Kosovo,OWID_KOS,2018,3428.0903
Kosovo,OWID_KOS,2019,3629.5303
Kosovo,OWID_KOS,2020,3642.7732
Kosovo,OWID_KOS,2021,4364.1816
Kosovo,OWID_KOS,2022,4342.385
Kosovo,OWID_KOS,2023,4323.43
Kosovo,OWID_KOS,2024,4338.804
Kosovo,OWID_KOS,2025,4420.2036
Kuwait,KWT,2000,16539.514
Kuwait,KWT,2001,17080.592
Kuwait,KWT,2002,17655.484
Kuwait,KWT,2003,18863.578
Kuwait,KWT,2004,19125.502
Kuwait,KWT,2005,19550.277
Kuwait,KWT,2006,20129.053
Kuwait,KWT,2007,19438.652
Kuwait,KWT,2008,19517.748
Kuwait,KWT,2009,19037.814
Kuwait,KWT,2010,19375.723
Kuwait,KWT,2011,18341.332
Kuwait,KWT,2012,18315.715
Kuwait,KWT,2013,17387.19
Kuwait,KWT,2014,17772.533
Kuwait,KWT,2015,17812.133
Kuwait,KWT,2016,17507.598
Kuwait,KWT,2017,16581.277
Kuwait,KWT,2018,17146.27
Kuwait,KWT,2019,16892.527
Kuwait,KWT,2020,16963.074
Kuwait,KWT,2021,18528.932
Kuwait,KWT,2022,18583.668
Kuwait,KWT,2023,18550.127
Kuwait,KWT,2024,18743.51
Kuwait,KWT,2025,18402.018
Kyrgyzstan,KGZ,2000,2590.9675
Kyrgyzstan,KGZ,2001,2557.1968
Kyrgyzstan,KGZ,2002,2404.1038
Kyrgyzstan,KGZ,2003,2680.5327
Kyrgyzstan,KGZ,2004,2465.8623
Kyrgyzstan,KGZ,2005,2312.0894
Kyrgyzstan,KGZ,2006,2279.2449
Kyrgyzstan,KGZ,2007,2318.6765
Kyrgyzstan,KGZ,2008,2043.9755
Kyrgyzstan,KGZ,2009,1811.7777
Kyrgyzstan,KGZ,2010,1871.8943
Kyrgyzstan,KGZ,2011,2205.7231
Kyrgyzstan,KGZ,2012,2347.0466
Kyrgyzstan,KGZ,2013,2375.246
Kyrgyzstan,KGZ,2014,2482.062
Kyrgyzstan,KGZ,2015,2244.2983
Kyrgyzstan,KGZ,2016,2174.034
Kyrgyzstan,KGZ,2017,2274.8655
Kyrgyzstan,KGZ,2018,2314.8247
Kyrgyzstan,KGZ,2019,2305.1921
Kyrgyzstan,KGZ,2020,2318.3777
Kyrgyzstan,KGZ,2021,2385.4617
Kyrgyzstan,KGZ,2022,2324.6814
Kyrgyzstan,KGZ,2023,2396.26
Kyrgyzstan,KGZ,2024,2678.8147
Kyrgyzstan,KGZ,2025,2647.0051
Laos,LAO,2000,191.48576
Laos,LAO,2001,179.29973
Laos,LAO,2002,183.57166
Laos,LAO,2003,196.56213
Laos,LAO,2004,143.5582
Laos,LAO,2005,228.29764
Laos,LAO,2006,291.7897
Laos,LAO,2007,399.58807
Laos,LAO,2008,365.9147
Laos,LAO,2009,419.76086
Laos,LAO,2010,460.98972
Laos,LAO,2011,477.70264
Laos,LAO,2012,598.25305
Laos,LAO,2013,626.1925
Laos,LAO,2014,707.1281
Laos,LAO,2015,979.17456
Laos,LAO,2016,969.77765
Laos,LAO,2017,950.39294
Laos,LAO,2018,1053.5852
Laos,LAO,2019,1170.2719
Laos,LAO,2020,1441.4961
Laos,LAO,2021,1546.9882
Laos,LAO,2022,1580.8953
Laos,LAO,2023,2230.9194
Laos,LAO,2024,2009.0547
Latvia,LVA,1990,3845.675
Latvia,LVA,1991,3729.8037
Latvia,LVA,1992,3028.8743
Latvia,LVA,1993,2507.9763
Latvia,LVA,1994,2482.9072
Latvia,LVA,1995,2514.1313
Latvia,LVA,1996,2583.4988
Latvia,LVA,1997,2601.4814
Latvia,LVA,1998,2626.3196
Latvia,LVA,1999,2534.693
Latvia,LVA,2000,2503.8845
Latvia,LVA,2001,2630.117
Latvia,LVA,2002,2734.3232
Latvia,LVA,2003,2883.3765
Latvia,LVA,2004,2998.8794
Latvia,LVA,2005,3156.5503
Latvia,LVA,2006,3334.7769
Latvia,LVA,2007,3526.0322
Latvia,LVA,2008,3577.152
Latvia,LVA,2009,3370.6123
Latvia,LVA,2010,3575.116
Latvia,LVA,2011,3558.356
Latvia,LVA,2012,3863.0933
Latvia,LVA,2013,3755.5813
Latvia,LVA,2014,3740.9368
Latvia,LVA,2015,3721.1672
Latvia,LVA,2016,3801.2861
Latvia,LVA,2017,3845.3638
Latvia,LVA,2018,3958.3188
Latvia,LVA,2019,3949.2922
Latvia,LVA,2020,3866.144
Latvia,LVA,2021,4041.169
Latvia,LVA,2022,3902.0574
Latvia,LVA,2023,3814.2815
Latvia,LVA,2024,3953.2576
Latvia,LVA,2025,4057.0579
Lebanon,LBN,2000,2621.6438
Lebanon,LBN,2001,2546.6143
Lebanon,LBN,2002,2706.3933
Lebanon,LBN,2003,2857.1348
Lebanon,LBN,2004,2535.1765
Lebanon,LBN,2005,2609.661
Lebanon,LBN,2006,2580.4302
Lebanon,LBN,2007,2382.27
Lebanon,LBN,2008,2641.432
Lebanon,LBN,2009,2830.3616
Lebanon,LBN,2010,3364.218
Lebanon,LBN,2011,3363.4104
Lebanon,LBN,2012,3204.8945
Lebanon,LBN,2013,3363.8372
Lebanon,LBN,2014,2853.3198
Lebanon,LBN,2015,2921.605
Lebanon,LBN,2016,3080.7864
Lebanon,LBN,2017,3535.6404
Lebanon,LBN,2018,3557.7498
Lebanon,LBN,2019,3741.4138
Lebanon,LBN,2020,3200.4067
Lebanon,LBN,2021,1948.1897
Lebanon,LBN,2022,760.7287
Lebanon,LBN,2023,1087.7296
Lebanon,LBN,2024,919.74426
Lesotho,LSO,2000,144.71643
Lesotho,LSO,2001,149.93561
Lesotho,LSO,2002,145.38629
Lesotho,LSO,2003,161.2042
Lesotho,LSO,2004,162.34343
Lesotho,LSO,2005,230.4053
Lesotho,LSO,2006,282.76675
Lesotho,LSO,2007,302.0571
Lesotho,LSO,2008,320.35846
Lesotho,LSO,2009,388.71533
Lesotho,LSO,2010,445.8346
Lesotho,LSO,2011,352.52963
Lesotho,LSO,2012,383.41238
Lesotho,LSO,2013,384.14615
Lesotho,LSO,2014,379.79108
Lesotho,LSO,2015,375.36575
Lesotho,LSO,2016,417.7572
Lesotho,LSO,2017,431.131
Lesotho,LSO,2018,416.7409
Lesotho,LSO,2019,420.9261
Lesotho,LSO,2020,389.13516
Lesotho,LSO,2021,424.48782
Lesotho,LSO,2022,398.05576
Lesotho,LSO,2023,194.6808
Lesotho,LSO,2024,248.13597
Liberia,LBR,2000,68.30328
Liberia,LBR,2001,66.327446
Liberia,LBR,2002,64.62468
Liberia,LBR,2003,64.112144
Liberia,LBR,2004,63.35343
Liberia,LBR,2005,60.587406
Liberia,LBR,2006,57.29359
Liberia,LBR,2007,68.13753
Liberia,LBR,2008,65.427795
Liberia,LBR,2009,63.40294
Liberia,LBR,2010,61.593086
Liberia,LBR,2011,71.07023
Liberia,LBR,2012,68.60207
Liberia,LBR,2013,67.110405
Liberia,LBR,2014,65.72751
Liberia,LBR,2015,66.531654
Liberia,LBR,2016,63.08343
Liberia,LBR,2017,72.180916
Liberia,LBR,2018,82.916595
Liberia,LBR,2019,83.27188
Liberia,LBR,2020,87.387634
Liberia,LBR,2021,72.25259
Liberia,LBR,2022,72.58113
Liberia,LBR,2023,111.04972
Liberia,LBR,2024,101.55335
Libya,LBY,2000,2921.761
Libya,LBY,2001,2981.3245
Libya,LBY,2002,3182.4055
Libya,LBY,2003,3372.2432
Libya,LBY,2004,3521.1907
Libya,LBY,2005,3818.1926
Libya,LBY,2006,4143.666
Libya,LBY,2007,4291.9995
Libya,LBY,2008,4589.898
Libya,LBY,2009,4766.999
Libya,LBY,2010,4998.5864
Libya,LBY,2011,4090.9888
Libya,LBY,2012,5557.2397
Libya,LBY,2013,6025.7246
Libya,LBY,2014,5884.3115
Libya,LBY,2015,5742.652
Libya,LBY,2016,4794.8394
Libya,LBY,2017,4983.105
Libya,LBY,2018,5059.0903
Libya,LBY,2019,5094.2017
Libya,LBY,2020,4365.9673
Libya,LBY,2021,4985.1587
Libya,LBY,2022,4959.9907
Libya,LBY,2023,4619.7065
Libya,LBY,2024,4686.3384
Lithuania,LTU,1990,4443.8237
Lithuania,LTU,1991,4490.1836
Lithuania,LTU,1992,3583.452
Lithuania,LTU,1993,3043.312
Lithuania,LTU,1994,2971.3591
Lithuania,LTU,1995,2988.6646
Lithuania,LTU,1996,3078.0164
Lithuania,LTU,1997,3041.9055
Lithuania,LTU,1998,3120.2715
Lithuania,LTU,1999,2952.1091
Lithuania,LTU,2000,2796.8152
Lithuania,LTU,2001,2994.5222
Lithuania,LTU,2002,3135.842
Lithuania,LTU,2003,3305.7358
Lithuania,LTU,2004,3423.4578
Lithuania,LTU,2005,3446.4448
Lithuania,LTU,2006,3559.841
Lithuania,LTU,2007,3741.438
Lithuania,LTU,2008,3867.4595
Lithuania,LTU,2009,3701.883
Lithuania,LTU,2010,3547.7693
Lithuania,LTU,2011,3628.689
Lithuania,LTU,2012,3721.137
Lithuania,LTU,2013,3765.6013
Lithuania,LTU,2014,3855.8953
Lithuania,LTU,2015,3936.993
Lithuania,LTU,2016,4147.629
Lithuania,LTU,2017,4326.1323
Lithuania,LTU,2018,4478.1685
Lithuania,LTU,2019,4536.58
Lithuania,LTU,2020,4510.3916
Lithuania,LTU,2021,4773.6797
Lithuania,LTU,2022,4476.5156
Lithuania,LTU,2023,4285.0576
Lithuania,LTU,2024,4473.417
Lithuania,LTU,2025,4353.126
Low-income countries,OWID_LIC,2000,174.96243
Low-income countries,OWID_LIC,2001,186.93741
Low-income countries,OWID_LIC,2002,185.21443
Low-income countries,OWID_LIC,2003,196.65099
Low-income countries,OWID_LIC,2004,206.14503
Low-income countries,OWID_LIC,2005,215.43465
Low-income countries,OWID_LIC,2006,218.55493
Low-income countries,OWID_LIC,2007,222.14288
Low-income countries,OWID_LIC,2008,227.05453
Low-income countries,OWID_LIC,2009,231.2271
Low-income countries,OWID_LIC,2010,243.57051
Low-income countries,OWID_LIC,2011,229.02397
Low-income countries,OWID_LIC,2012,214.9346
Low-income countries,OWID_LIC,2013,207.78752
Low-income countries,OWID_LIC,2014,201.258
Low-income countries,OWID_LIC,2015,190.68889
Low-income countries,OWID_LIC,2016,201.1469
Low-income countries,OWID_LIC,2017,199.69183
Low-income countries,OWID_LIC,2018,211.20712
Low-income countries,OWID_LIC,2019,209.2432
Low-income countries,OWID_LIC,2020,203.95264
Low-income countries,OWID_LIC,2021,208.80937
Low-income countries,OWID_LIC,2022,207.17006
Low-income countries,OWID_LIC,2023,211.36964
Low-income countries,OWID_LIC,2024,216.40823
Lower-middle-income countries,OWID_LMC,2000,514.819
Lower-middle-income countries,OWID_LMC,2001,524.6217
Lower-middle-income countries,OWID_LMC,2002,537.25287
Lower-middle-income countries,OWID_LMC,2003,548.4717
Lower-middle-income countries,OWID_LMC,2004,581.3007
Lower-middle-income countries,OWID_LMC,2005,587.06903
Lower-middle-income countries,OWID_LMC,2006,609.19977
Lower-middle-income countries,OWID_LMC,2007,627.7773
Lower-middle-income countries,OWID_LMC,2008,638.6879
Lower-middle-income countries,OWID_LMC,2009,656.2369
Lower-middle-income countries,OWID_LMC,2010,680.9789
Lower-middle-income countries,OWID_LMC,2011,720.7509
Lower-middle-income countries,OWID_LMC,2012,751.93524
Lower-middle-income countries,OWID_LMC,2013,774.3769
Lower-middle-income countries,OWID_LMC,2014,811.27997
Lower-middle-income countries,OWID_LMC,2015,836.1839
Lower-middle-income countries,OWID_LMC,2016,867.0892
Lower-middle-income countries,OWID_LMC,2017,886.99097
Lower-middle-income countries,OWID_LMC,2018,924.21606
Lower-middle-income countries,OWID_LMC,2019,928.49054
Lower-middle-income countries,OWID_LMC,2020,908.8597
Lower-middle-income countries,OWID_LMC,2021,963.79376
Lower-middle-income countries,OWID_LMC,2022,1009.59576
Lower-middle-income countries,OWID_LMC,2023,1039.6519
Lower-middle-income countries,OWID_LMC,2024,1078.5437
Luxembourg,LUX,1990,11920.139
Luxembourg,LUX,1991,12538.164
Luxembourg,LUX,1992,11837.58
Luxembourg,LUX,1993,11882.883
Luxembourg,LUX,1994,12543.562
Luxembourg,LUX,1995,13448.07
Luxembourg,LUX,1996,12929.607
Luxembourg,LUX,1997,13366.112
Luxembourg,LUX,1998,13626.998
Luxembourg,LUX,1999,13770.356
Luxembourg,LUX,2000,14009.199
Luxembourg,LUX,2001,14012.323
Luxembourg,LUX,2002,14045.95
Luxembourg,LUX,2003,14496.122
Luxembourg,LUX,2004,14706.363
Luxembourg,LUX,2005,14203.782
Luxembourg,LUX,2006,15014.7295
Luxembourg,LUX,2007,14887.242
Luxembourg,LUX,2008,14458.226
Luxembourg,LUX,2009,13187.581
Luxembourg,LUX,2010,14386.562
Luxembourg,LUX,2011,13729.721
Luxembourg,LUX,2012,12939.047
Luxembourg,LUX,2013,12477.962
Luxembourg,LUX,2014,12223.95
Luxembourg,LUX,2015,12185.272
Luxembourg,LUX,2016,12150.585
Luxembourg,LUX,2017,11869.118
Luxembourg,LUX,2018,11708.427
Luxembourg,LUX,2019,11206.658
Luxembourg,LUX,2020,10593.136
Luxembourg,LUX,2021,10854.693
Luxembourg,LUX,2022,10286.003
Luxembourg,LUX,2023,9938.341
Luxembourg,LUX,2024,10043.95
Luxembourg,LUX,2025,9846.367
Macao,MAC,2000,3818.7488
Macao,MAC,2001,3953.981
Macao,MAC,2002,4144.5005
Macao,MAC,2003,4221.1904
Macao,MAC,2004,4396.4336
Macao,MAC,2005,4783.8584
Macao,MAC,2006,5169.513
Macao,MAC,2007,6126.97
Macao,MAC,2008,6567.9604
Macao,MAC,2009,6715.2935
Macao,MAC,2010,6876.2227
Macao,MAC,2011,7035.5986
Macao,MAC,2012,7524.045
Macao,MAC,2013,7465.528
Macao,MAC,2014,7766.57
Macao,MAC,2015,8036.195
Macao,MAC,2016,8355.444
Macao,MAC,2017,8382.853
Macao,MAC,2018,8439.882
Macao,MAC,2019,8673.8545
Macao,MAC,2020,7920.1367
Macao,MAC,2021,8194.077
Macao,MAC,2022,7609.745
Macao,MAC,2023,8390.343
Macao,MAC,2024,8718.953
Madagascar,MDG,2000,52.06966
Madagascar,MDG,2001,51.66462
Madagascar,MDG,2002,49.003086
Madagascar,MDG,2003,53.12126
Madagascar,MDG,2004,56.43157
Madagascar,MDG,2005,55.32442
Madagascar,MDG,2006,54.229618
Madagascar,MDG,2007,55.121937
Madagascar,MDG,2008,56.394993
Madagascar,MDG,2009,55.227398
Madagascar,MDG,2010,58.602528
Madagascar,MDG,2011,64.410675
Madagascar,MDG,2012,66.489235
Madagascar,MDG,2013,68.43835
Madagascar,MDG,2014,69.454666
Madagascar,MDG,2015,70.39843
Madagascar,MDG,2016,72.79707
Madagascar,MDG,2017,73.91265
Madagascar,MDG,2018,86.56142
Madagascar,MDG,2019,87.52795
Madagascar,MDG,2020,74.60223
Madagascar,MDG,2021,85.210754
Madagascar,MDG,2022,86.735794
Madagascar,MDG,2023,79.497536
Madagascar,MDG,2024,76.020744
Malawi,MWI,2000,106.92875
Malawi,MWI,2001,104.37282
Malawi,MWI,2002,106.89837
Malawi,MWI,2003,106.718544
Malawi,MWI,2004,116.79313
Malawi,MWI,2005,118.379745
Malawi,MWI,2006,118.19347
Malawi,MWI,2007,114.90575
Malawi,MWI,2008,120.20249
Malawi,MWI,2009,114.61686
Malawi,MWI,2010,128.14922
Malawi,MWI,2011,127.74299
Malawi,MWI,2012,129.22054
Malawi,MWI,2013,125.6047
Malawi,MWI,2014,129.35028
Malawi,MWI,2015,125.83707
Malawi,MWI,2016,121.31402
Malawi,MWI,2017,104.768845
Malawi,MWI,2018,96.610085
Malawi,MWI,2019,93.55743
Malawi,MWI,2020,88.56406
Malawi,MWI,2021,90.28663
Malawi,MWI,2022,87.99765
Malawi,MWI,2023,85.76378
Malawi,MWI,2024,83.58235
Malaysia,MYS,2000,3042.518
Malaysia,MYS,2001,3217.2185
Malaysia,MYS,2002,3354.012
Malaysia,MYS,2003,3367.558
Malaysia,MYS,2004,3782.7478
Malaysia,MYS,2005,3735.8616
Malaysia,MYS,2006,3848.5256
Malaysia,MYS,2007,3936.9026
Malaysia,MYS,2008,4111.345
Malaysia,MYS,2009,4125.188
Malaysia,MYS,2010,4358.284
Malaysia,MYS,2011,4369.7227
Malaysia,MYS,2012,4523.1685
Malaysia,MYS,2013,4678.158
Malaysia,MYS,2014,4804.5137
Malaysia,MYS,2015,4806.486
Malaysia,MYS,2016,4906.9365
Malaysia,MYS,2017,4930.2065
Malaysia,MYS,2018,5137.802
Malaysia,MYS,2019,5288.184
Malaysia,MYS,2020,5088.884
Malaysia,MYS,2021,5083.3657
Malaysia,MYS,2022,5252.8433
Malaysia,MYS,2023,5315.1064
Malaysia,MYS,2024,5541.4204
Malaysia,MYS,2025,5556.477
Maldives,MDV,2000,531.86774
Maldives,MDV,2001,557.92285
Maldives,MDV,2002,651.50824
Maldives,MDV,2003,741.9974
Maldives,MDV,2004,796.2417
Maldives,MDV,2005,881.1177
Maldives,MDV,2006,987.6827
Maldives,MDV,2007,1078.619
Maldives,MDV,2008,1219.592
Maldives,MDV,2009,1119.7822
Maldives,MDV,2010,970.0611
Maldives,MDV,2011,1016.90466
Maldives,MDV,2012,1034.0701
Maldives,MDV,2013,1049.7979
Maldives,MDV,2014,1305.5367
Maldives,MDV,2015,1448.0399
Maldives,MDV,2016,1511.3373
Maldives,MDV,2017,1592.8536
Maldives,MDV,2018,1669.8162
Maldives,MDV,2019,1660.7311
Maldives,MDV,2020,1633.053
Maldives,MDV,2021,1627.3928
Maldives,MDV,2022,1621.7784
Maldives,MDV,2023,1615.942
Maldives,MDV,2024,1610.4554
Mali,MLI,2000,91.70112
Mali,MLI,2001,89.824165
Mali,MLI,2002,74.05569
Mali,MLI,2003,55.1835
Mali,MLI,2004,68.68963
Mali,MLI,2005,80.510254
Mali,MLI,2006,86.48947
Mali,MLI,2007,91.300354
Mali,MLI,2008,99.05771
Mali,MLI,2009,84.869095
Mali,MLI,2010,122.921
Mali,MLI,2011,146.94226
Mali,MLI,2012,109.688965
Mali,MLI,2013,120.277534
Mali,MLI,2014,125.414345
Mali,MLI,2015,141.98875
Mali,MLI,2016,139.12556
Mali,MLI,2017,161.00528
Mali,MLI,2018,170.23749
Mali,MLI,2019,183.21272
Mali,MLI,2020,188.35916
Mali,MLI,2021,183.1286
Mali,MLI,2022,199.80374
Mali,MLI,2023,222.55757
Mali,MLI,2024,223.052
Malta,MLT,1990,3017.0176
Malta,MLT,1991,3824.0403
Malta,MLT,1992,3975.4006
Malta,MLT,1993,3965.9248
Malta,MLT,1994,4037.0464
Malta,MLT,1995,4238.6216
Malta,MLT,1996,4282.4673
Malta,MLT,1997,4325.7134
Malta,MLT,1998,4367.899
Malta,MLT,1999,4661.159
Malta,MLT,2000,4801.14
Malta,MLT,2001,4816.4297
Malta,MLT,2002,5054.602
Malta,MLT,2003,5487.0225
Malta,MLT,2004,5404.09
Malta,MLT,2005,5419.477
Malta,MLT,2006,5439.7144
Malta,MLT,2007,5512.93
Malta,MLT,2008,5513.534
Malta,MLT,2009,5156.844
Malta,MLT,2010,4992.2627
Malta,MLT,2011,5110.2715
Malta,MLT,2012,5391.265
Malta,MLT,2013,5274.7417
Malta,MLT,2014,5178.4375
Malta,MLT,2015,5281.1597
Malta,MLT,2016,5249.563
Malta,MLT,2017,5364.371
Malta,MLT,2018,5345.055
Malta,MLT,2019,5376.8027
Malta,MLT,2020,4959.3604
Malta,MLT,2021,5206.1187
Malta,MLT,2022,5566.1367
Malta,MLT,2023,5572.609
Malta,MLT,2024,5856.0596
Malta,MLT,2025,5922.194
Martinique,MTQ,2000,2705.3452
Martinique,MTQ,2001,3140.3044
Martinique,MTQ,2002,3272.894
Martinique,MTQ,2003,3427.869
Martinique,MTQ,2004,3554.6428
Martinique,MTQ,2005,3583.4358
Martinique,MTQ,2006,3670.7878
Martinique,MTQ,2007,3692.5042
Martinique,MTQ,2008,3818.3274
Martinique,MTQ,2009,3854.5579
Martinique,MTQ,2010,4051.4458
Martinique,MTQ,2011,3978.9548
Martinique,MTQ,2012,4058.8042
Martinique,MTQ,2013,4056.7952
Martinique,MTQ,2014,4004.8884
Martinique,MTQ,2015,4065.2842
Martinique,MTQ,2016,4170.0537
Martinique,MTQ,2017,4199.079
Martinique,MTQ,2018,4229.607
Martinique,MTQ,2019,4310.093
Martinique,MTQ,2020,4206.0986
Martinique,MTQ,2021,4274.157
Martinique,MTQ,2022,4263.697
Martinique,MTQ,2023,4364.061
Mauritania,MRT,2000,160.7071
Mauritania,MRT,2001,175.45392
Mauritania,MRT,2002,193.52536
Mauritania,MRT,2003,206.9913
Mauritania,MRT,2004,212.64203
Mauritania,MRT,2005,224.5616
Mauritania,MRT,2006,248.86691
Mauritania,MRT,2007,232.77882
Mauritania,MRT,2008,257.59625
Mauritania,MRT,2009,267.92886
Mauritania,MRT,2010,286.05402
Mauritania,MRT,2011,285.48483
Mauritania,MRT,2012,303.94843
Mauritania,MRT,2013,307.95398
Mauritania,MRT,2014,314.40732
Mauritania,MRT,2015,337.87543
Mauritania,MRT,2016,337.68448
Mauritania,MRT,2017,365.74332
Mauritania,MRT,2018,382.6926
Mauritania,MRT,2019,396.17575
Mauritania,MRT,2020,402.16202
Mauritania,MRT,2021,373.822
Mauritania,MRT,2022,414.30423
Mauritania,MRT,2023,467.89987
Mauritania,MRT,2024,458.46686
Mauritius,MUS,2000,1454.8359
Mauritius,MUS,2001,1566.3151
Mauritius,MUS,2002,1588.2148
Mauritius,MUS,2003,1682.6423
Mauritius,MUS,2004,1728.278
Mauritius,MUS,2005,1797.6241
Mauritius,MUS,2006,1867.4061
Mauritius,MUS,2007,1937.7372
Mauritius,MUS,2008,2008.4181
Mauritius,MUS,2009,2009.42
Mauritius,MUS,2010,2097.1226
Mauritius,MUS,2011,2122.416
Mauritius,MUS,2012,2164.1765
Mauritius,MUS,2013,2215.3574
Mauritius,MUS,2014,2275.5312
Mauritius,MUS,2015,2313.7346
Mauritius,MUS,2016,2361.0337
Mauritius,MUS,2017,2409.631
Mauritius,MUS,2018,2420.7888
Mauritius,MUS,2019,2511.139
Mauritius,MUS,2020,2259.9207
Mauritius,MUS,2021,2336.6167
Mauritius,MUS,2022,2444.8843
Mauritius,MUS,2023,2567.5432
Mauritius,MUS,2024,2682.566
Mexico,MEX,2000,2073.3977
Mexico,MEX,2001,2100.7183
Mexico,MEX,2002,2126.3704
Mexico,MEX,2003,2175.5022
Mexico,MEX,2004,2242.6548
Mexico,MEX,2005,2327.724
Mexico,MEX,2006,2381.9233
Mexico,MEX,2007,2409.4834
Mexico,MEX,2008,2429.8232
Mexico,MEX,2009,2382.6843
Mexico,MEX,2010,2416.9211
Mexico,MEX,2011,2528.993
Mexico,MEX,2012,2546.2642
Mexico,MEX,2013,2510.4026
Mexico,MEX,2014,2527.878
Mexico,MEX,2015,2557.8928
Mexico,MEX,2016,2622.5479
Mexico,MEX,2017,2669.691
Mexico,MEX,2018,2813.9163
Mexico,MEX,2019,2746.357
Mexico,MEX,2020,2600.4924
Mexico,MEX,2021,2566.6648
Mexico,MEX,2022,2642.6543
Mexico,MEX,2023,2702.7952
Mexico,MEX,2024,2711.8086
Mexico,MEX,2025,2703.0571
Moldova,MDA,2000,1707.2144
Moldova,MDA,2001,1904.6396
Moldova,MDA,2002,1902.0323
Moldova,MDA,2003,2251.2966
Moldova,MDA,2004,2159.7993
Moldova,MDA,2005,2283.9705
Moldova,MDA,2006,2445.605
Moldova,MDA,2007,2284.8853
Moldova,MDA,2008,2373.328
Moldova,MDA,2009,2064.102
Moldova,MDA,2010,1690.5332
Moldova,MDA,2011,1813.1841
Moldova,MDA,2012,1912.3484
Moldova,MDA,2013,1751.3798
Moldova,MDA,2014,1824.8639
Moldova,MDA,2015,1843.5322
Moldova,MDA,2016,1806.7834
Moldova,MDA,2017,1906.9987
Moldova,MDA,2018,2010.2867
Moldova,MDA,2019,2033.6951
Moldova,MDA,2020,2068.9868
Moldova,MDA,2021,2255.455
Moldova,MDA,2022,2029.6146
Moldova,MDA,2023,2096.462
Moldova,MDA,2024,1996.7268
Moldova,MDA,2025,2059.341
Mongolia,MNG,2000,1246.3434
Mongolia,MNG,2001,1271.3384
Mongolia,MNG,2002,1295.9617
Mongolia,MNG,2003,1296.6882
Mongolia,MNG,2004,1352.8389
Mongolia,MNG,2005,1388.7448
Mongolia,MNG,2006,1450.8112
Mongolia,MNG,2007,1499.247
Mongolia,MNG,2008,1586.6803
Mongolia,MNG,2009,1568.2843
Mongolia,MNG,2010,1687.8018
Mongolia,MNG,2011,1744.8745
Mongolia,MNG,2012,1842.2709
Mongolia,MNG,2013,2173.999
Mongolia,MNG,2014,2300.002
Mongolia,MNG,2015,2311.418
Mongolia,MNG,2016,2328.3232
Mongolia,MNG,2017,2441.7185
Mongolia,MNG,2018,2591.7744
Mongolia,MNG,2019,2673.17
Mongolia,MNG,2020,2516.1162
Mongolia,MNG,2021,2766.7354
Mongolia,MNG,2022,2903.1177
Mongolia,MNG,2023,3111.9443
Mongolia,MNG,2024,3320.3464
Mongolia,MNG,2025,3528.478
Montenegro,MNE,2005,7349.4736
Montenegro,MNE,2006,7604.011
Montenegro,MNE,2007,7467.7764
Montenegro,MNE,2008,7284.449
Montenegro,MNE,2009,6024.2393
Montenegro,MNE,2010,6359.874
Montenegro,MNE,2011,6654.138
Montenegro,MNE,2012,6408.3745
Montenegro,MNE,2013,5685.4165
Montenegro,MNE,2014,5432.5703
Montenegro,MNE,2015,5603.802
Montenegro,MNE,2016,5510.648
Montenegro,MNE,2017,5805.403
Montenegro,MNE,2018,5846.0728
Montenegro,MNE,2019,6016.306
Montenegro,MNE,2020,5707.8564
Montenegro,MNE,2021,5961.706
Montenegro,MNE,2022,5173.6846
Montenegro,MNE,2023,5240.2876
Montenegro,MNE,2024,5278.1523
Montenegro,MNE,2025,6859.166
Montserrat,MSR,2000,1979.0223
Montserrat,MSR,2001,2166.3777
Montserrat,MSR,2002,2222.2222
Montserrat,MSR,2003,2214.8394
Montserrat,MSR,2004,2202.158
Montserrat,MSR,2005,2186.2703
Montserrat,MSR,2006,2171.081
Montserrat,MSR,2007,2151.0002
Montserrat,MSR,2008,2127.6594
Montserrat,MSR,2009,2101.2817
Montserrat,MSR,2010,2075.1194
Montserrat,MSR,2011,2063.5576
Montserrat,MSR,2012,2073.8281
Montserrat,MSR,2013,2094.6794
Montserrat,MSR,2014,2110.5952
Montserrat,MSR,2015,2130.833
Montserrat,MSR,2016,2143.6226
Montserrat,MSR,2017,2162.6296
Montserrat,MSR,2018,2176.2786
Montserrat,MSR,2019,2191.0603
Montserrat,MSR,2020,2206.5312
Montserrat,MSR,2021,2219.7559
Montserrat,MSR,2022,2234.1375
Montserrat,MSR,2023,2252.2522
Montserrat,MSR,2024,2265.5188
Morocco,MAR,2000,563.9712
Morocco,MAR,2001,594.83636
Morocco,MAR,2002,564.0769
Morocco,MAR,2003,600.58
Morocco,MAR,2004,634.32666
Morocco,MAR,2005,661.1076
Morocco,MAR,2006,711.7049
Morocco,MAR,2007,743.9124
Morocco,MAR,2008,778.6307
Morocco,MAR,2009,797.6702
Morocco,MAR,2010,825.1453
Morocco,MAR,2011,880.2104
Morocco,MAR,2012,939.88214
Morocco,MAR,2013,957.1567
Morocco,MAR,2014,996.6442
Morocco,MAR,2015,1007.8714
Morocco,MAR,2016,1028.4535
Morocco,MAR,2017,1067.5275
Morocco,MAR,2018,1058.3218
Morocco,MAR,2019,1089.4508
Morocco,MAR,2020,1066.8538
Morocco,MAR,2021,1113.2626
Morocco,MAR,2022,1146.8275
Morocco,MAR,2023,1174.9415
Morocco,MAR,2024,1180.1106
Morocco,MAR,2025,1254.9838
Mozambique,MOZ,2000,169.88742
Mozambique,MOZ,2001,333.9135
Mozambique,MOZ,2002,327.03287
Mozambique,MOZ,2003,438.83
Mozambique,MOZ,2004,527.7135
Mozambique,MOZ,2005,528.94476
Mozambique,MOZ,2006,558.03876
Mozambique,MOZ,2007,569.8143
Mozambique,MOZ,2008,548.1452
Mozambique,MOZ,2009,555.1152
Mozambique,MOZ,2010,570.8886
Mozambique,MOZ,2011,577.61316
Mozambique,MOZ,2012,564.55273
Mozambique,MOZ,2013,567.6281
Mozambique,MOZ,2014,558.389
Mozambique,MOZ,2015,568.0368
Mozambique,MOZ,2016,568.0923
Mozambique,MOZ,2017,565.2125
Mozambique,MOZ,2018,542.06525
Mozambique,MOZ,2019,552.1279
Mozambique,MOZ,2020,507.0868
Mozambique,MOZ,2021,501.45392
Mozambique,MOZ,2022,501.28244
Mozambique,MOZ,2023,490.55804
Mozambique,MOZ,2024,476.15244
Myanmar,MMR,2000,112.60552
Myanmar,MMR,2001,102.02936
Myanmar,MMR,2002,109.66275
Myanmar,MMR,2003,116.141556
Myanmar,MMR,2004,119.18729
Myanmar,MMR,2005,126.90151
Myanmar,MMR,2006,129.3289
Myanmar,MMR,2007,132.9869
Myanmar,MMR,2008,136.80289
Myanmar,MMR,2009,143.23744
Myanmar,MMR,2010,175.8309
Myanmar,MMR,2011,211.04892
Myanmar,MMR,2012,223.92798
Myanmar,MMR,2013,247.89775
Myanmar,MMR,2014,283.9293
Myanmar,MMR,2015,317.09335
Myanmar,MMR,2016,305.6566
Myanmar,MMR,2017,378.64963
Myanmar,MMR,2018,386.6296
Myanmar,MMR,2019,342.89044
Myanmar,MMR,2020,330.84027
Myanmar,MMR,2021,349.5226
Myanmar,MMR,2022,428.78302
Myanmar,MMR,2023,400.6739
Myanmar,MMR,2024,402.2012
Namibia,NAM,2000,1171.1985
Namibia,NAM,2001,1190.0537
Namibia,NAM,2002,1227.5288
Namibia,NAM,2003,1262.0804
Namibia,NAM,2004,1503.5372
Namibia,NAM,2005,1708.549
Namibia,NAM,2006,1767.1659
Namibia,NAM,2007,1773.5002
Namibia,NAM,2008,1792.8159
Namibia,NAM,2009,1713.6805
Namibia,NAM,2010,1748.9685
Namibia,NAM,2011,1793.7587
Namibia,NAM,2012,1868.1743
Namibia,NAM,2013,1851.2723
Namibia,NAM,2014,1872.7216
Namibia,NAM,2015,1756.3035
Namibia,NAM,2016,1824.3544
Namibia,NAM,2017,1826.9911
Namibia,NAM,2018,1796.4349
Namibia,NAM,2019,1667.6106
Namibia,NAM,2020,1535.496
Namibia,NAM,2021,1405.4178
Namibia,NAM,2022,1408.4663
Namibia,NAM,2023,1410.6837
Namibia,NAM,2024,1333.2775
Nauru,NRU,2000,2944.9297
Nauru,NRU,2001,2956.5388
Nauru,NRU,2002,2968.8271
Nauru,NRU,2003,2974.42
Nauru,NRU,2004,2975.0098
Nauru,NRU,2005,2978.85
Nauru,NRU,2006,1987.8739
Nauru,NRU,2007,1991.6351
Nauru,NRU,2008,1993.6204
Nauru,NRU,2009,1991.8335
Nauru,NRU,2010,1986.6891
Nauru,NRU,2011,1977.066
Nauru,NRU,2012,1943.8235
Nauru,NRU,2013,1897.7133
Nauru,NRU,2014,2786.5503
Nauru,NRU,2015,2733.485
Nauru,NRU,2016,2685.0442
Nauru,NRU,2017,2642.939
Nauru,NRU,2018,3478.5632
Nauru,NRU,2019,3445.6025
Nauru,NRU,2020,3429.0613
Nauru,NRU,2021,3410.932
Nauru,NRU,2022,3383.5222
Nauru,NRU,2023,3361.3445
Nauru,NRU,2024,4177.8076
Nepal,NPL,2000,71.293236
Nepal,NPL,2001,77.765625
Nepal,NPL,2002,81.329735
Nepal,NPL,2003,85.640564
Nepal,NPL,2004,96.86104
Nepal,NPL,2005,101.864494
Nepal,NPL,2006,111.79943
Nepal,NPL,2007,117.21449
Nepal,NPL,2008,114.8572
Nepal,NPL,2009,133.95633
Nepal,NPL,2010,140.4435
Nepal,NPL,2011,152.92468
Nepal,NPL,2012,156.89171
Nepal,NPL,2013,174.701
Nepal,NPL,2014,186.82893
Nepal,NPL,2015,187.96971
Nepal,NPL,2016,227.14694
Nepal,NPL,2017,255.61151
Nepal,NPL,2018,271.37054
Nepal,NPL,2019,273.45612
Nepal,NPL,2020,308.97675
Nepal,NPL,2021,362.3408
Nepal,NPL,2022,376.57196
Nepal,NPL,2023,358.65088
Nepal,NPL,2024,371.9935
Netherlands,NLD,1990,5316.3867
Netherlands,NLD,1991,5435.7964
Netherlands,NLD,1992,5532.5767
Netherlands,NLD,1993,5599.843
Netherlands,NLD,1994,5735.7056
Netherlands,NLD,1995,5857.3594
Netherlands,NLD,1996,6052.4175
Netherlands,NLD,1997,6215.4897
Netherlands,NLD,1998,6394.0923
Netherlands,NLD,1999,6499.298
Netherlands,NLD,2000,6661.163
Netherlands,NLD,2001,6761.5396
Netherlands,NLD,2002,6816.0356
Netherlands,NLD,2003,6871.179
Netherlands,NLD,2004,7064.5986
Netherlands,NLD,2005,7094.7456
Netherlands,NLD,2006,7213.5977
Netherlands,NLD,2007,7336.9644
Netherlands,NLD,2008,7354.226
Netherlands,NLD,2009,7027.0293
Netherlands,NLD,2010,7207.58
Netherlands,NLD,2011,7223.8774
Netherlands,NLD,2012,7057.5615
Netherlands,NLD,2013,7001.8
Netherlands,NLD,2014,6860.2124
Netherlands,NLD,2015,6882.39
Netherlands,NLD,2016,6909.1616
Netherlands,NLD,2017,6904.2686
Netherlands,NLD,2018,6949.545
Netherlands,NLD,2019,6894.3677
Netherlands,NLD,2020,6764.292
Netherlands,NLD,2021,6832.2695
Netherlands,NLD,2022,6461.5327
Netherlands,NLD,2023,6317.526
Netherlands,NLD,2024,6479.3286
Netherlands,NLD,2025,6601.143
New Caledonia,NCL,2000,7350.6343
New Caledonia,NCL,2001,7553.3345
New Caledonia,NCL,2002,7535.341
New Caledonia,NCL,2003,7393.8247
New Caledonia,NCL,2004,6933.344
New Caledonia,NCL,2005,7692.591
New Caledonia,NCL,2006,7553.816
New Caledonia,NCL,2007,7697.523
New Caledonia,NCL,2008,7327.7104
New Caledonia,NCL,2009,7540.98
New Caledonia,NCL,2010,8104.5947
New Caledonia,NCL,2011,8478.709
New Caledonia,NCL,2012,8430.275
New Caledonia,NCL,2013,9066.871
New Caledonia,NCL,2014,10702.869
New Caledonia,NCL,2015,10240.873
New Caledonia,NCL,2016,11078.495
New Caledonia,NCL,2017,11391.128
New Caledonia,NCL,2018,12343.458
New Caledonia,NCL,2019,11741.228
New Caledonia,NCL,2020,11400.943
New Caledonia,NCL,2021,10202.4
New Caledonia,NCL,2022,10761.676
New Caledonia,NCL,2023,10659.62
New Caledonia,NCL,2024,10661.017
New Zealand,NZL,2000,10086.6455
New Zealand,NZL,2001,10093.111
New Zealand,NZL,2002,10176.871
New Zealand,NZL,2003,10035.835
New Zealand,NZL,2004,10350.37
New Zealand,NZL,2005,10273.271
New Zealand,NZL,2006,10291.867
New Zealand,NZL,2007,10271.662
New Zealand,NZL,2008,10181.099
New Zealand,NZL,2009,9978.385
New Zealand,NZL,2010,10191.441
New Zealand,NZL,2011,10007.532
New Zealand,NZL,2012,9916.853
New Zealand,NZL,2013,9587.196
New Zealand,NZL,2014,9489.327
New Zealand,NZL,2015,9442.928
New Zealand,NZL,2016,9152.095
New Zealand,NZL,2017,9071.738
New Zealand,NZL,2018,8922.96
New Zealand,NZL,2019,8768.572
New Zealand,NZL,2020,8550.473
New Zealand,NZL,2021,8526.353
New Zealand,NZL,2022,8427.955
New Zealand,NZL,2023,8291.388
New Zealand,NZL,2024,8440.83
New Zealand,NZL,2025,8252.256
Nicaragua,NIC,2000,475.84576
Nicaragua,NIC,2001,489.40344
Nicaragua,NIC,2002,497.09567
Nicaragua,NIC,2003,516.2187
Nicaragua,NIC,2004,532.91266
Nicaragua,NIC,2005,539.11304
Nicaragua,NIC,2006,584.9942
Nicaragua,NIC,2007,593.0241
Nicaragua,NIC,2008,607.89764
Nicaragua,NIC,2009,609.9068
Nicaragua,NIC,2010,630.9422
Nicaragua,NIC,2011,649.59045
Nicaragua,NIC,2012,686.29065
Nicaragua,NIC,2013,703.5602
Nicaragua,NIC,2014,730.24066
Nicaragua,NIC,2015,748.0384
Nicaragua,NIC,2016,766.9273
Nicaragua,NIC,2017,767.8625
Nicaragua,NIC,2018,757.8037
Nicaragua,NIC,2019,772.71173
Nicaragua,NIC,2020,740.25934
Nicaragua,NIC,2021,784.07825
Nicaragua,NIC,2022,799.327
Nicaragua,NIC,2023,782.5759
Nicaragua,NIC,2024,783.6746
Niger,NER,2000,35.62233
Niger,NER,2001,33.55522
Niger,NER,2002,32.390892
Niger,NER,2003,33.60168
Niger,NER,2004,36.936966
Niger,NER,2005,41.435886
Niger,NER,2006,39.947906
Niger,NER,2007,45.25925
Niger,NER,2008,44.265297
Niger,NER,2009,49.54944
Niger,NER,2010,50.758865
Niger,NER,2011,55.30881
Niger,NER,2012,57.74588
Niger,NER,2013,56.15581
Niger,NER,2014,61.407425
Niger,NER,2015,66.20027
Niger,NER,2016,71.546814
Niger,NER,2017,65.778885
Niger,NER,2018,68.50527
Niger,NER,2019,75.3886
Niger,NER,2020,75.049706
Niger,NER,2021,74.68734
Niger,NER,2022,77.03863
Niger,NER,2023,84.48057
Niger,NER,2024,79.53414
Nigeria,NGA,2000,116.47183
Nigeria,NGA,2001,118.8949
Nigeria,NGA,2002,161.23233
Nigeria,NGA,2003,146.93594
Nigeria,NGA,2004,172.05806
Nigeria,NGA,2005,162.39445
Nigeria,NGA,2006,155.0873
Nigeria,NGA,2007,149.99942
Nigeria,NGA,2008,134.0144
Nigeria,NGA,2009,122.12321
Nigeria,NGA,2010,156.80237
Nigeria,NGA,2011,157.77841
Nigeria,NGA,2012,163.10953
Nigeria,NGA,2013,159.7906
Nigeria,NGA,2014,173.64462
Nigeria,NGA,2015,173.96376
Nigeria,NGA,2016,177.03307
Nigeria,NGA,2017,148.71071
Nigeria,NGA,2018,164.48816
Nigeria,NGA,2019,162.92287
Nigeria,NGA,2020,163.5076
Nigeria,NGA,2021,165.3783
Nigeria,NGA,2022,159.39886
Nigeria,NGA,2023,169.3852
Nigeria,NGA,2024,151.53893
Nigeria,NGA,2025,165.20174
Niue,NIU,2000,0
Niue,NIU,2001,0
Niue,NIU,2002,0
Niue,NIU,2003,0
Niue,NIU,2004,0
Niue,NIU,2005,0
Niue,NIU,2006,0
Niue,NIU,2007,0
Niue,NIU,2008,0
Niue,NIU,2009,0
Niue,NIU,2010,0
Niue,NIU,2011,0
Niue,NIU,2012,0
Niue,NIU,2013,0
Niue,NIU,2014,0
Niue,NIU,2015,0
Niue,NIU,2016,0
Niue,NIU,2017,0
Niue,NIU,2018,0
Niue,NIU,2019,0
Niue,NIU,2020,0
Niue,NIU,2021,0
Niue,NIU,2022,0
Niue,NIU,2023,0
North America,OWID_NAM,2000,9691.273
North America,OWID_NAM,2001,9417.207
North America,OWID_NAM,2002,9589.576
North America,OWID_NAM,2003,9535.632
North America,OWID_NAM,2004,9633.057
North America,OWID_NAM,2005,9764.928
North America,OWID_NAM,2006,9681.275
North America,OWID_NAM,2007,9823.003
North America,OWID_NAM,2008,9654.59
North America,OWID_NAM,2009,9192.392
North America,OWID_NAM,2010,9420.554
North America,OWID_NAM,2011,9363.438
North America,OWID_NAM,2012,9192.268
North America,OWID_NAM,2013,9170.695
North America,OWID_NAM,2014,9158.712
North America,OWID_NAM,2015,9082.206
North America,OWID_NAM,2016,9027.972
North America,OWID_NAM,2017,8880.8
North America,OWID_NAM,2018,9082.394
North America,OWID_NAM,2019,8913.902
North America,OWID_NAM,2020,8624.077
North America,OWID_NAM,2021,8778.978
North America,OWID_NAM,2022,8981.309
North America,OWID_NAM,2023,8859.972
North America,OWID_NAM,2024,9030.021
North Korea,PRK,2000,815.51904
North Korea,PRK,2001,843.57306
North Korea,PRK,2002,821.0834
North Korea,PRK,2003,866.7359
North Korea,PRK,2004,901.2595
North Korea,PRK,2005,933.3331
North Korea,PRK,2006,909.7022
North Korea,PRK,2007,867.8758
North Korea,PRK,2008,931.1671
North Korea,PRK,2009,939.7734
North Korea,PRK,2010,943.2808
North Korea,PRK,2011,831.5445
North Korea,PRK,2012,847.2245
North Korea,PRK,2013,867.36957
North Korea,PRK,2014,843.96594
North Korea,PRK,2015,740.1657
North Korea,PRK,2016,926.51953
North Korea,PRK,2017,907.5166
North Korea,PRK,2018,957.5355
North Korea,PRK,2019,917.13403
North Korea,PRK,2020,922.0888
North Korea,PRK,2021,977.0311
North Korea,PRK,2022,1008.3998
North Korea,PRK,2023,1011.4241
North Korea,PRK,2024,1022.6866
North Macedonia,MKD,1990,2825.0366
North Macedonia,MKD,1991,2840.4644
North Macedonia,MKD,1992,3119.2866
North Macedonia,MKD,1993,2885.1143
North Macedonia,MKD,1994,3016.0554
North Macedonia,MKD,1995,3127.297
North Macedonia,MKD,1996,3284.3857
North Macedonia,MKD,1997,3356.7583
North Macedonia,MKD,1998,3459.9954
North Macedonia,MKD,1999,3300.6396
North Macedonia,MKD,2000,3363.7073
North Macedonia,MKD,2001,3290.9065
North Macedonia,MKD,2002,3316.4907
North Macedonia,MKD,2003,3689.794
North Macedonia,MKD,2004,3757.3428
North Macedonia,MKD,2005,4086.4978
North Macedonia,MKD,2006,4212.074
North Macedonia,MKD,2007,4318.0215
North Macedonia,MKD,2008,4365.385
North Macedonia,MKD,2009,4008.5393
North Macedonia,MKD,2010,4231.03
North Macedonia,MKD,2011,4626.4414
North Macedonia,MKD,2012,4404.9
North Macedonia,MKD,2013,4231.9004
North Macedonia,MKD,2014,4174.5044
North Macedonia,MKD,2015,4120.45
North Macedonia,MKD,2016,3905.6365
North Macedonia,MKD,2017,3905.451
North Macedonia,MKD,2018,3922.4268
North Macedonia,MKD,2019,4057.665
North Macedonia,MKD,2020,4097.1763
North Macedonia,MKD,2021,4327.1357
North Macedonia,MKD,2022,3994.053
North Macedonia,MKD,2023,3843.2144
North Macedonia,MKD,2024,3850.7722
North Macedonia,MKD,2025,4603.615
Norway,NOR,1990,24918.424
Norway,NOR,1991,25293.21
Norway,NOR,1992,25285.477
Norway,NOR,1993,25960.932
Norway,NOR,1994,25871.291
Norway,NOR,1995,26517.604
Norway,NOR,1996,25945.318
Norway,NOR,1997,25952.398
Norway,NOR,1998,27091.324
Norway,NOR,1999,26977.969
Norway,NOR,2000,27493.596
Norway,NOR,2001,27669.402
Norway,NOR,2002,26560.064
Norway,NOR,2003,25092.746
Norway,NOR,2004,26471.453
Norway,NOR,2005,27083.441
Norway,NOR,2006,26192.541
Norway,NOR,2007,26774.166
Norway,NOR,2008,26704.574
Norway,NOR,2009,25263.92
Norway,NOR,2010,26730.564
Norway,NOR,2011,24803.305
Norway,NOR,2012,25577.604
Norway,NOR,2013,25221.816
Norway,NOR,2014,24389.783
Norway,NOR,2015,24731.314
Norway,NOR,2016,25137.633
Norway,NOR,2017,25225.482
Norway,NOR,2018,25564.074
Norway,NOR,2019,25033.037
Norway,NOR,2020,24882.537
Norway,NOR,2021,25803.973
Norway,NOR,2022,24354.95
Norway,NOR,2023,24621.469
Norway,NOR,2024,24866.156
Norway,NOR,2025,24490.164
Oceania,OWID_OCE,2000,8392.1875
Oceania,OWID_OCE,2001,8528.214
Oceania,OWID_OCE,2002,8399.241
Oceania,OWID_OCE,2003,8357.916
Oceania,OWID_OCE,2004,8394.011
Oceania,OWID_OCE,2005,8321.611
Oceania,OWID_OCE,2006,8401.186
Oceania,OWID_OCE,2007,8404.08
Oceania,OWID_OCE,2008,8300.002
Oceania,OWID_OCE,2009,8253.095
Oceania,OWID_OCE,2010,8186.7524
Oceania,OWID_OCE,2011,8181.8213
Oceania,OWID_OCE,2012,7894.0537
Oceania,OWID_OCE,2013,7713.475
Oceania,OWID_OCE,2014,7558.6035
Oceania,OWID_OCE,2015,7605.316
Oceania,OWID_OCE,2016,7577.2915
Oceania,OWID_OCE,2017,7467.574
Oceania,OWID_OCE,2018,7436.7925
Oceania,OWID_OCE,2019,7391.1836
Oceania,OWID_OCE,2020,7260.096
Oceania,OWID_OCE,2021,7240.1387
Oceania,OWID_OCE,2022,7284.4023
Oceania,OWID_OCE,2023,7202.7524
Oceania,OWID_OCE,2024,7331.023
Oman,OMN,2000,3991.869
Oman,OMN,2001,4216.043
Oman,OMN,2002,4419.9243
Oman,OMN,2003,4530.8384
Oman,OMN,2004,4782.0586
Oman,OMN,2005,5142.6777
Oman,OMN,2006,5284.727
Oman,OMN,2007,5513.243
Oman,OMN,2008,6110.71
Oman,OMN,2009,6872.366
Oman,OMN,2010,7184.174
Oman,OMN,2011,7108.1226
Oman,OMN,2012,7053.6416
Oman,OMN,2013,6844.1787
Oman,OMN,2014,7278.0527
Oman,OMN,2015,7825.7583
Oman,OMN,2016,7795.7036
Oman,OMN,2017,7967.1235
Oman,OMN,2018,8212.483
Oman,OMN,2019,8470.464
Oman,OMN,2020,8446.652
Oman,OMN,2021,9110.242
Oman,OMN,2022,8963.626
Oman,OMN,2023,8912.185
Oman,OMN,2024,9296.527
Oman,OMN,2025,9616.547
Pakistan,PAK,2000,429.30252
Pakistan,PAK,2001,452.7506
Pakistan,PAK,2002,464.2128
Pakistan,PAK,2003,491.59164
Pakistan,PAK,2004,502.49292
Pakistan,PAK,2005,539.802
Pakistan,PAK,2006,554.867
Pakistan,PAK,2007,522.2414
Pakistan,PAK,2008,492.03397
Pakistan,PAK,2009,495.73886
Pakistan,PAK,2010,475.86053
Pakistan,PAK,2011,466.75748
Pakistan,PAK,2012,474.22046
Pakistan,PAK,2013,498.87723
Pakistan,PAK,2014,505.68304
Pakistan,PAK,2015,521.19073
Pakistan,PAK,2016,560.5553
Pakistan,PAK,2017,586.3648
Pakistan,PAK,2018,570.7074
Pakistan,PAK,2019,586.9994
Pakistan,PAK,2020,624.0805
Pakistan,PAK,2021,683.6124
Pakistan,PAK,2022,723.96185
Pakistan,PAK,2023,696.755
Pakistan,PAK,2024,698.2154
Pakistan,PAK,2025,766.04626
Palestine,PSE,2000,726.5689
Palestine,PSE,2001,653.8596
Palestine,PSE,2002,740.43555
Palestine,PSE,2003,782.7971
Palestine,PSE,2004,863.26514
Palestine,PSE,2005,944.5084
Palestine,PSE,2006,946.4772
Palestine,PSE,2007,966.0946
Palestine,PSE,2008,1120.3855
Palestine,PSE,2009,1142.4943
Palestine,PSE,2010,1152.625
Palestine,PSE,2011,1260.96
Palestine,PSE,2012,1273.9252
Palestine,PSE,2013,1218.9292
Palestine,PSE,2014,1195.6829
Palestine,PSE,2015,1311.493
Palestine,PSE,2016,1295.129
Palestine,PSE,2017,1292.4999
Palestine,PSE,2018,1307.0568
Palestine,PSE,2019,1424.0265
Palestine,PSE,2020,1451.7648
Palestine,PSE,2021,1463.7417
Palestine,PSE,2022,1455.1558
Palestine,PSE,2023,1464.1719
Palestine,PSE,2024,1453.9308
Panama,PAN,2000,1664.244
Panama,PAN,2001,1641.9371
Panama,PAN,2002,1687.2551
Panama,PAN,2003,1689.7542
Panama,PAN,2004,1731.6907
Panama,PAN,2005,1741.6113
Panama,PAN,2006,1757.0245
Panama,PAN,2007,1844.369
Panama,PAN,2008,1856.8002
Panama,PAN,2009,1930.2079
Panama,PAN,2010,2042.1453
Panama,PAN,2011,2133.4727
Panama,PAN,2012,2279.7034
Panama,PAN,2013,2339.6655
Panama,PAN,2014,2412.5793
Panama,PAN,2015,2570.685
Panama,PAN,2016,2608.5327
Panama,PAN,2017,2617.9006
Panama,PAN,2018,2612.8518
Panama,PAN,2019,2666.0696
Panama,PAN,2020,2443.3657
Panama,PAN,2021,2685.5923
Panama,PAN,2022,2710.8862
Panama,PAN,2023,2908.8818
Panama,PAN,2024,2943.146
Papua New Guinea,PNG,2000,391.90417
Papua New Guinea,PNG,2001,467.84085
Papua New Guinea,PNG,2002,484.46912
Papua New Guinea,PNG,2003,525.7997
Papua New Guinea,PNG,2004,554.67395
Papua New Guinea,PNG,2005,553.8636
Papua New Guinea,PNG,2006,503.87363
Papua New Guinea,PNG,2007,481.09006
Papua New Guinea,PNG,2008,474.73187
Papua New Guinea,PNG,2009,455.00928
Papua New Guinea,PNG,2010,459.81384
Papua New Guinea,PNG,2011,461.87033
Papua New Guinea,PNG,2012,461.55392
Papua New Guinea,PNG,2013,482.97543
Papua New Guinea,PNG,2014,502.14468
Papua New Guinea,PNG,2015,518.1142
Papua New Guinea,PNG,2016,532.2641
Papua New Guinea,PNG,2017,473.92242
Papua New Guinea,PNG,2018,464.10046
Papua New Guinea,PNG,2019,445.41513
Papua New Guinea,PNG,2020,417.69635
Papua New Guinea,PNG,2021,452.4165
Papua New Guinea,PNG,2022,449.8599
Papua New Guinea,PNG,2023,455.2613
Papua New Guinea,PNG,2024,447.2175
Paraguay,PRY,2000,1201.7546
Paraguay,PRY,2001,1191.2816
Paraguay,PRY,2002,1222.1235
Paraguay,PRY,2003,1237.2249
Paraguay,PRY,2004,1284.2925
Paraguay,PRY,2005,1354.6007
Paraguay,PRY,2006,1464.0851
Paraguay,PRY,2007,1546.9337
Paraguay,PRY,2008,1633.5396
Paraguay,PRY,2009,1745.649
Paraguay,PRY,2010,1861.2845
Paraguay,PRY,2011,1977.7692
Paraguay,PRY,2012,2131.5884
Paraguay,PRY,2013,2198.0972
Paraguay,PRY,2014,2311.4363
Paraguay,PRY,2015,2396.4517
Paraguay,PRY,2016,2483.5461
Paraguay,PRY,2017,2554.1685
Paraguay,PRY,2018,2665.1597
Paraguay,PRY,2019,2738.2715
Paraguay,PRY,2020,2821.1282
Paraguay,PRY,2021,2860.484
Paraguay,PRY,2022,2982.0457
Paraguay,PRY,2023,3309.3955
Paraguay,PRY,2024,3811.433
Paraguay,PRY,2025,4227.815
Peru,PER,2000,748.91925
Peru,PER,2001,770.2689
Peru,PER,2002,805.84247
Peru,PER,2003,831.38495
Peru,PER,2004,870.6676
Peru,PER,2005,907.43536
Peru,PER,2006,965.9486
Peru,PER,2007,1049.0453
Peru,PER,2008,1129.2161
Peru,PER,2009,1137.1494
Peru,PER,2010,1230.1442
Peru,PER,2011,1339.0626
Peru,PER,2012,1352.2675
Peru,PER,2013,1459.1902
Peru,PER,2014,1518.1388
Peru,PER,2015,1583.1847
Peru,PER,2016,1672.0394
Peru,PER,2017,1683.3395
Peru,PER,2018,1712.982
Peru,PER,2019,1754.4291
Peru,PER,2020,1614.869
Peru,PER,2021,1720.0568
Peru,PER,2022,1790.5667
Peru,PER,2023,1799.3468
Peru,PER,2024,1733.5981
Peru,PER,2025,1748.867
Philippines,PHL,2000,568.91394
Philippines,PHL,2001,577.99927
Philippines,PHL,2002,583.3712
Philippines,PHL,2003,624.7947
Philippines,PHL,2004,647.4948
Philippines,PHL,2005,642.72437
Philippines,PHL,2006,634.3497
Philippines,PHL,2007,654.624
Philippines,PHL,2008,656.1014
Philippines,PHL,2009,656.0416
Philippines,PHL,2010,703.05194
Philippines,PHL,2011,703.8267
Philippines,PHL,2012,727.6229
Philippines,PHL,2013,736.9975
Philippines,PHL,2014,744.2627
Philippines,PHL,2015,782.4296
Philippines,PHL,2016,850.6056
Philippines,PHL,2017,872.7365
Philippines,PHL,2018,911.15643
Philippines,PHL,2019,956.909
Philippines,PHL,2020,907.8234
Philippines,PHL,2021,935.0939
Philippines,PHL,2022,978.81494
Philippines,PHL,2023,1016.00476
Philippines,PHL,2024,1071.8756
Philippines,PHL,2025,1054.2273
Poland,POL,1990,3505.1487
Poland,POL,1991,3409.9595
Poland,POL,1992,3312.5283
Poland,POL,1993,3378.258
Poland,POL,1994,3406.242
Poland,POL,1995,3499.3135
Poland,POL,1996,3599.401
Poland,POL,1997,3618.4126
Poland,POL,1998,3582.3843
Poland,POL,1999,3527.502
Poland,POL,2000,3575.9768
Poland,POL,2001,3581.6853
Poland,POL,2002,3542.2993
Poland,POL,2003,3660.657
Poland,POL,2004,3753.1865
Poland,POL,2005,3779.7341
Poland,POL,2006,3932.3723
Poland,POL,2007,4028.6245
Poland,POL,2008,4048.5945
Poland,POL,2009,3912.1467
Poland,POL,2010,4079.7622
Poland,POL,2011,4125.5063
Poland,POL,2012,4147.682
Poland,POL,2013,4162.6514
Poland,POL,2014,4194.944
Poland,POL,2015,4284.9697
Poland,POL,2016,4390.635
Poland,POL,2017,4501.3765
Poland,POL,2018,4579.3696
Poland,POL,2019,4547.7036
Poland,POL,2020,4464.6455
Poland,POL,2021,4723.411
Poland,POL,2022,4609.004
Poland,POL,2023,4366.5522
Poland,POL,2024,4517.218
Poland,POL,2025,4570.158
Portugal,PRT,1990,2839.9746
Portugal,PRT,1991,2990.2156
Portugal,PRT,1992,3094.2703
Portugal,PRT,1993,3109.6008
Portugal,PRT,1994,3201.4841
Portugal,PRT,1995,3371.2942
Portugal,PRT,1996,3507.2717
Portugal,PRT,1997,3638.7742
Portugal,PRT,1998,3840.7312
Portugal,PRT,1999,4099.903
Portugal,PRT,2000,4292.44
Portugal,PRT,2001,4471.5596
Portugal,PRT,2002,4556.784
Portugal,PRT,2003,4704.3086
Portugal,PRT,2004,4881.0337
Portugal,PRT,2005,5029.995
Portugal,PRT,2006,5115.8657
Portugal,PRT,2007,5138.989
Portugal,PRT,2008,5184.547
Portugal,PRT,2009,5120.9004
Portugal,PRT,2010,5303.1294
Portugal,PRT,2011,5170.952
Portugal,PRT,2012,5072.6924
Portugal,PRT,2013,5080.182
Portugal,PRT,2014,5064.287
Portugal,PRT,2015,5150.3027
Portugal,PRT,2016,5215.352
Portugal,PRT,2017,5315.1543
Portugal,PRT,2018,5393.519
Portugal,PRT,2019,5317.494
Portugal,PRT,2020,5096.177
Portugal,PRT,2021,5193.9395
Portugal,PRT,2022,5335.4717
Portugal,PRT,2023,5404.221
Portugal,PRT,2024,5538.4546
Portugal,PRT,2025,5804.9346
Puerto Rico,PRI,2000,5735.107
Puerto Rico,PRI,2001,5851.022
Puerto Rico,PRI,2002,6077.5996
Puerto Rico,PRI,2003,6284.7427
Puerto Rico,PRI,2004,6357.5063
Puerto Rico,PRI,2005,6588.512
Puerto Rico,PRI,2006,6612.432
Puerto Rico,PRI,2007,6558.442
Puerto Rico,PRI,2008,6201.439
Puerto Rico,PRI,2009,6168.652
Puerto Rico,PRI,2010,6258.6914
Puerto Rico,PRI,2011,6042.8193
Puerto Rico,PRI,2012,6115.582
Puerto Rico,PRI,2013,5955.462
Puerto Rico,PRI,2014,5906.825
Puerto Rico,PRI,2015,5934.447
Puerto Rico,PRI,2016,5937.8457
Puerto Rico,PRI,2017,4857.8267
Puerto Rico,PRI,2018,5376.7886
Puerto Rico,PRI,2019,5824.161
Puerto Rico,PRI,2020,5821.4785
Puerto Rico,PRI,2021,5951.0454
Puerto Rico,PRI,2022,6140.1333
Puerto Rico,PRI,2023,6138.1445
Puerto Rico,PRI,2024,6168.628
Puerto Rico,PRI,2025,6265.281
Qatar,QAT,2000,14155.192
Qatar,QAT,2001,14676.944
Qatar,QAT,2002,15382.127
Qatar,QAT,2003,16127.517
Qatar,QAT,2004,17107.588
Qatar,QAT,2005,17445.686
Qatar,QAT,2006,17556.826
Qatar,QAT,2007,16101.26
Qatar,QAT,2008,15151.282
Qatar,QAT,2009,15232.792
Qatar,QAT,2010,16463.477
Qatar,QAT,2011,16968.9
Qatar,QAT,2012,18247.39
Qatar,QAT,2013,17095.91
Qatar,QAT,2014,17490.256
Qatar,QAT,2015,17150.46
Qatar,QAT,2016,16326.957
Qatar,QAT,2017,16883.93
Qatar,QAT,2018,17405.83
Qatar,QAT,2019,17870.373
Qatar,QAT,2020,17621.617
Qatar,QAT,2021,18397.947
Qatar,QAT,2022,18928.484
Qatar,QAT,2023,18925.268
Qatar,QAT,2024,18593.184
Qatar,QAT,2025,18030.156
Reunion,REU,2000,2306.2368
Reunion,REU,2001,2395.622
Reunion,REU,2002,2470.2197
Reunion,REU,2003,2631.013
Reunion,REU,2004,2747.763
Reunion,REU,2005,2836.695
Reunion,REU,2006,2925.5496
Reunion,REU,2007,3004.6572
Reunion,REU,2008,3058.4133
Reunion,REU,2009,3124.7278
Reunion,REU,2010,3197.234
Reunion,REU,2011,3247.5583
Reunion,REU,2012,3337.0332
Reunion,REU,2013,3327.041
Reunion,REU,2014,3330.705
Reunion,REU,2015,3352.5393
Reunion,REU,2016,3407.2695
Reunion,REU,2017,3470.1157
Reunion,REU,2018,3442.4573
Reunion,REU,2019,3557.569
Reunion,REU,2020,4399.549
Reunion,REU,2021,3559.559
Reunion,REU,2022,3511.0144
Reunion,REU,2023,3509.0405
Romania,ROU,1990,3216.282
Romania,ROU,1991,2782.4482
Romania,ROU,1992,2540.5469
Romania,ROU,1993,2505.444
Romania,ROU,1994,2450.3162
Romania,ROU,1995,2619.416
Romania,ROU,1996,2743.334
Romania,ROU,1997,2540.6587
Romania,ROU,1998,2395.344
Romania,ROU,1999,2239.45
Romania,ROU,2000,2306.9668
Romania,ROU,2001,2383.221
Romania,ROU,2002,2368.854
Romania,ROU,2003,2443.3337
Romania,ROU,2004,2583.2568
Romania,ROU,2005,2660.1118
Romania,ROU,2006,2770.9995
Romania,ROU,2007,2849.4473
Romania,ROU,2008,2925.3704
Romania,ROU,2009,2686.9907
Romania,ROU,2010,2845.9458
Romania,ROU,2011,2952.8633
Romania,ROU,2012,2916.3948
Romania,ROU,2013,2799.693
Romania,ROU,2014,2894.1047
Romania,ROU,2015,2965.6257
Romania,ROU,2016,2993.3687
Romania,ROU,2017,3080.337
Romania,ROU,2018,3139.6262
Romania,ROU,2019,3091.0376
Romania,ROU,2020,2990.852
Romania,ROU,2021,3156.6655
Romania,ROU,2022,2919.6355
Romania,ROU,2023,2820.8306
Romania,ROU,2024,2928.1997
Romania,ROU,2025,2876.4604
Russia,RUS,2000,5886.812
Russia,RUS,2001,5991.1455
Russia,RUS,2002,6018.5215
Russia,RUS,2003,6193.0435
Russia,RUS,2004,6366.5063
Russia,RUS,2005,6512.7505
Russia,RUS,2006,6775.087
Russia,RUS,2007,6992.226
Russia,RUS,2008,7109.081
Russia,RUS,2009,6799.5127
Russia,RUS,2010,7090.5186
Russia,RUS,2011,7166.6426
Russia,RUS,2012,7296.296
Russia,RUS,2013,7229.394
Russia,RUS,2014,7287.531
Russia,RUS,2015,7266.5845
Russia,RUS,2016,7384.2764
Russia,RUS,2017,7391.7065
Russia,RUS,2018,7488.8267
Russia,RUS,2019,7504.9956
Russia,RUS,2020,7342.1504
Russia,RUS,2021,7787.711
Russia,RUS,2022,7903.1523
Russia,RUS,2023,7987.596
Russia,RUS,2024,8237.167
Russia,RUS,2025,8167.578
Rwanda,RWA,2000,30.436079
Rwanda,RWA,2001,32.580795
Rwanda,RWA,2002,35.7135
Rwanda,RWA,2003,34.93703
Rwanda,RWA,2004,28.354801
Rwanda,RWA,2005,30.92374
Rwanda,RWA,2006,35.48673
Rwanda,RWA,2007,34.55519
Rwanda,RWA,2008,37.738667
Rwanda,RWA,2009,36.77772
Rwanda,RWA,2010,34.89197
Rwanda,RWA,2011,39.721035
Rwanda,RWA,2012,44.32172
Rwanda,RWA,2013,41.466324
Rwanda,RWA,2014,43.99566
Rwanda,RWA,2015,50.68717
Rwanda,RWA,2016,59.56784
Rwanda,RWA,2017,59.006424
Rwanda,RWA,2018,72.86996
Rwanda,RWA,2019,68.8786
Rwanda,RWA,2020,69.64728
Rwanda,RWA,2021,76.3744
Rwanda,RWA,2022,77.64984
Rwanda,RWA,2023,85.993935
Rwanda,RWA,2024,85.57456
Saint Helena,SHN,2000,1654.2596
Saint Helena,SHN,2001,1677.0082
Saint Helena,SHN,2002,1700.9695
Saint Helena,SHN,2003,1731.6017
Saint Helena,SHN,2004,1761.1835
Saint Helena,SHN,2005,1795.3322
Saint Helena,SHN,2006,1832.5087
Saint Helena,SHN,2007,1870.5574
Saint Helena,SHN,2008,1888.5741
Saint Helena,SHN,2009,1879.6992
Saint Helena,SHN,2010,1868.4603
Saint Helena,SHN,2011,1857.0101
Saint Helena,SHN,2012,1842.2992
Saint Helena,SHN,2013,1830.8312
Saint Helena,SHN,2014,1820.4988
Saint Helena,SHN,2015,1808.6453
Saint Helena,SHN,2016,1803.7517
Saint Helena,SHN,2017,1808.9724
Saint Helena,SHN,2018,1815.8707
Saint Helena,SHN,2019,1823.154
Saint Helena,SHN,2020,1834.5258
Saint Helena,SHN,2021,1846.722
Saint Helena,SHN,2022,1862.5442
Saint Helena,SHN,2023,1881.1135
Saint Kitts and Nevis,KNA,2000,3313.3064
Saint Kitts and Nevis,KNA,2001,3494.5942
Saint Kitts and Nevis,KNA,2002,3908.9646
Saint Kitts and Nevis,KNA,2003,3896.104
Saint Kitts and Nevis,KNA,2004,3884.5847
Saint Kitts and Nevis,KNA,2005,4089.6274
Saint Kitts and Nevis,KNA,2006,4077.9531
Saint Kitts and Nevis,KNA,2007,4493.516
Saint Kitts and Nevis,KNA,2008,4268.3057
Saint Kitts and Nevis,KNA,2009,4686.7344
Saint Kitts and Nevis,KNA,2010,4480.3823
Saint Kitts and Nevis,KNA,2011,4689.132
Saint Kitts and Nevis,KNA,2012,4675.2803
Saint Kitts and Nevis,KNA,2013,4671.7065
Saint Kitts and Nevis,KNA,2014,4669.723
Saint Kitts and Nevis,KNA,2015,4670.1196
Saint Kitts and Nevis,KNA,2016,4883.331
Saint Kitts and Nevis,KNA,2017,4673.3936
Saint Kitts and Nevis,KNA,2018,4890.2876
Saint Kitts and Nevis,KNA,2019,4896.117
Saint Kitts and Nevis,KNA,2020,4691.2314
Saint Kitts and Nevis,KNA,2021,4702.261
Saint Kitts and Nevis,KNA,2022,4707.695
Saint Kitts and Nevis,KNA,2023,4702.563
Saint Kitts and Nevis,KNA,2024,4907.5044
Saint Lucia,LCA,2000,1765.1805
Saint Lucia,LCA,2001,1809.7062
Saint Lucia,LCA,2002,1793.9438
Saint Lucia,LCA,2003,1840.6603
Saint Lucia,LCA,2004,1887.3668
Saint Lucia,LCA,2005,1934.0021
Saint Lucia,LCA,2006,1980.1149
Saint Lucia,LCA,2007,2086.239
Saint Lucia,LCA,2008,2073.2632
Saint Lucia,LCA,2009,2119.143
Saint Lucia,LCA,2010,2223.2493
Saint Lucia,LCA,2011,2269.8965
Saint Lucia,LCA,2012,2201.686
Saint Lucia,LCA,2013,2191.7175
Saint Lucia,LCA,2014,2182.0896
Saint Lucia,LCA,2015,2172.434
Saint Lucia,LCA,2016,2220.3118
Saint Lucia,LCA,2017,2268.191
Saint Lucia,LCA,2018,2315.9656
Saint Lucia,LCA,2019,2363.8665
Saint Lucia,LCA,2020,2131.7058
Saint Lucia,LCA,2021,2240.3943
Saint Lucia,LCA,2022,2237.2117
Saint Lucia,LCA,2023,2231.01
Saint Lucia,LCA,2024,2225.3005
Saint Pierre and Miquelon,SPM,2000,6332.1196
Saint Pierre and Miquelon,SPM,2001,6350.2144
Saint Pierre and Miquelon,SPM,2002,6376.534
Saint Pierre and Miquelon,SPM,2003,6416.426
Saint Pierre and Miquelon,SPM,2004,6460.9917
Saint Pierre and Miquelon,SPM,2005,6515.719
Saint Pierre and Miquelon,SPM,2006,6563.833
Saint Pierre and Miquelon,SPM,2007,6585.446
Saint Pierre and Miquelon,SPM,2008,6597.394
Saint Pierre and Miquelon,SPM,2009,6607.2017
Saint Pierre and Miquelon,SPM,2010,6614.85
Saint Pierre and Miquelon,SPM,2011,6626.9053
Saint Pierre and Miquelon,SPM,2012,6645.622
Saint Pierre and Miquelon,SPM,2013,8334.723
Saint Pierre and Miquelon,SPM,2014,8355.615
Saint Pierre and Miquelon,SPM,2015,8373.807
Saint Pierre and Miquelon,SPM,2016,8393.486
Saint Pierre and Miquelon,SPM,2017,8409.015
Saint Pierre and Miquelon,SPM,2018,8428.86
Saint Pierre and Miquelon,SPM,2019,8476.013
Saint Pierre and Miquelon,SPM,2020,8544.088
Saint Pierre and Miquelon,SPM,2021,8617.718
Saint Pierre and Miquelon,SPM,2022,8680.556
Saint Pierre and Miquelon,SPM,2023,8761.171
Saint Vincent and the Grenadines,VCT,2000,880.58405
Saint Vincent and the Grenadines,VCT,2001,881.0107
Saint Vincent and the Grenadines,VCT,2002,882.1065
Saint Vincent and the Grenadines,VCT,2003,972.16943
Saint Vincent and the Grenadines,VCT,2004,1063.3019
Saint Vincent and the Grenadines,VCT,2005,1244.8318
Saint Vincent and the Grenadines,VCT,2006,1160.4344
Saint Vincent and the Grenadines,VCT,2007,1255.1101
Saint Vincent and the Grenadines,VCT,2008,1260.7274
Saint Vincent and the Grenadines,VCT,2009,1266.7275
Saint Vincent and the Grenadines,VCT,2010,1363.9589
Saint Vincent and the Grenadines,VCT,2011,1280.0936
Saint Vincent and the Grenadines,VCT,2012,1379.2723
Saint Vincent and the Grenadines,VCT,2013,1294.4265
Saint Vincent and the Grenadines,VCT,2014,1301.6597
Saint Vincent and the Grenadines,VCT,2015,1402.1968
Saint Vincent and the Grenadines,VCT,2016,1504.2542
Saint Vincent and the Grenadines,VCT,2017,1419.46
Saint Vincent and the Grenadines,VCT,2018,1429.4019
Saint Vincent and the Grenadines,VCT,2019,1439.7743
Saint Vincent and the Grenadines,VCT,2020,1448.7156
Saint Vincent and the Grenadines,VCT,2021,1361.232
Saint Vincent and the Grenadines,VCT,2022,1469.6805
Saint Vincent and the Grenadines,VCT,2023,1480.2974
Saint Vincent and the Grenadines,VCT,2024,1490.6093
Samoa,WSM,2000,440.29828
Samoa,WSM,2001,545.929
Samoa,WSM,2002,596.26416
Samoa,WSM,2003,539.2376
Samoa,WSM,2004,590.55646
Samoa,WSM,2005,588.2573
Samoa,WSM,2006,639.2363
Samoa,WSM,2007,635.7077
Samoa,WSM,2008,578.59106
Samoa,WSM,2009,678.7448
Samoa,WSM,2010,621.6489
Samoa,WSM,2011,667.60474
Samoa,WSM,2012,559.7452
Samoa,WSM,2013,605.19257
Samoa,WSM,2014,649.8343
Samoa,WSM,2015,644.2213
Samoa,WSM,2016,737.0682
Samoa,WSM,2017,778.8806
Samoa,WSM,2018,722.5608
Samoa,WSM,2019,810.3187
Samoa,WSM,2020,849.2289
Samoa,WSM,2021,795.1654
Samoa,WSM,2022,743.2526
Samoa,WSM,2023,692.2875
Samoa,WSM,2024,733.8406
Sao Tome and Principe,STP,2000,208.29138
Sao Tome and Principe,STP,2001,136.62509
Sao Tome and Principe,STP,2002,266.7876
Sao Tome and Principe,STP,2003,260.03745
Sao Tome and Principe,STP,2004,253.61238
Sao Tome and Principe,STP,2005,247.44818
Sao Tome and Principe,STP,2006,301.83942
Sao Tome and Principe,STP,2007,294.62198
Sao Tome and Principe,STP,2008,287.67377
Sao Tome and Principe,STP,2009,337.33258
Sao Tome and Principe,STP,2010,275.0124
Sao Tome and Principe,STP,2011,377.02313
Sao Tome and Principe,STP,2012,422.27054
Sao Tome and Principe,STP,2013,362.3976
Sao Tome and Principe,STP,2014,406.54538
Sao Tome and Principe,STP,2015,499.2312
Sao Tome and Principe,STP,2016,540.0045
Sao Tome and Principe,STP,2017,483.12448
Sao Tome and Principe,STP,2018,475.7419
Sao Tome and Principe,STP,2019,515.45184
Sao Tome and Principe,STP,2020,505.8634
Sao Tome and Principe,STP,2021,495.5513
Sao Tome and Principe,STP,2022,397.67932
Sao Tome and Principe,STP,2023,389.80954
Saudi Arabia,SAU,2000,8572.895
Saudi Arabia,SAU,2001,8572.649
Saudi Arabia,SAU,2002,8648.919
Saudi Arabia,SAU,2003,8866.878
Saudi Arabia,SAU,2004,8816.194
Saudi Arabia,SAU,2005,9292.367
Saudi Arabia,SAU,2006,9148.083
Saudi Arabia,SAU,2007,9139.268
Saudi Arabia,SAU,2008,8768.508
Saudi Arabia,SAU,2009,8973.205
Saudi Arabia,SAU,2010,9888.646
Saudi Arabia,SAU,2011,9924.293
Saudi Arabia,SAU,2012,10404.823
Saudi Arabia,SAU,2013,10513.856
Saudi Arabia,SAU,2014,11316.248
Saudi Arabia,SAU,2015,11696.102
Saudi Arabia,SAU,2016,11619.972
Saudi Arabia,SAU,2017,12830.708
Saudi Arabia,SAU,2018,12341.134
Saudi Arabia,SAU,2019,12432.3955
Saudi Arabia,SAU,2020,12278.645
Saudi Arabia,SAU,2021,12541.666
Saudi Arabia,SAU,2022,12736.457
Saudi Arabia,SAU,2023,12903.026
Saudi Arabia,SAU,2024,13384.958
Senegal,SEN,2000,149.4744
Senegal,SEN,2001,175.26782
Senegal,SEN,2002,198.73466
Senegal,SEN,2003,217.3269
Senegal,SEN,2004,217.75356
Senegal,SEN,2005,235.86012
Senegal,SEN,2006,229.56335
Senegal,SEN,2007,237.88591
Senegal,SEN,2008,245.66429
Senegal,SEN,2009,266.66904
Senegal,SEN,2010,275.4163
Senegal,SEN,2011,273.94296
Senegal,SEN,2012,293.75308
Senegal,SEN,2013,300.4918
Senegal,SEN,2014,317.97394
Senegal,SEN,2015,326.86154
Senegal,SEN,2016,341.87994
Senegal,SEN,2017,326.3328
Senegal,SEN,2018,330.51633
Senegal,SEN,2019,375.46796
Senegal,SEN,2020,382.3883
Senegal,SEN,2021,404.74155
Senegal,SEN,2022,433.4008
Senegal,SEN,2023,483.47195
Senegal,SEN,2024,439.41223
Serbia,SRB,1990,4692.3047
Serbia,SRB,1991,4499.771
Serbia,SRB,1992,4314.353
Serbia,SRB,1993,3689.302
Serbia,SRB,1994,3773.0518
Serbia,SRB,1995,4062.2344
Serbia,SRB,1996,4363.63
Serbia,SRB,1997,4623.076
Serbia,SRB,1998,4594.4277
Serbia,SRB,1999,4227.8833
Serbia,SRB,2000,4543.4414
Serbia,SRB,2001,4784.416
Serbia,SRB,2002,4952.2495
Serbia,SRB,2003,4880.8145
Serbia,SRB,2004,4879.826
Serbia,SRB,2005,4499.1875
Serbia,SRB,2006,4667.575
Serbia,SRB,2007,4794.871
Serbia,SRB,2008,4948.8315
Serbia,SRB,2009,4885.9673
Serbia,SRB,2010,5019.0156
Serbia,SRB,2011,5124.3354
Serbia,SRB,2012,4994.1133
Serbia,SRB,2013,5042.479
Serbia,SRB,2014,4842.814
Serbia,SRB,2015,5109.194
Serbia,SRB,2016,5148.691
Serbia,SRB,2017,5268.9565
Serbia,SRB,2018,5240.7305
Serbia,SRB,2019,5302.7817
Serbia,SRB,2020,5294.005
Serbia,SRB,2021,5575.3633
Serbia,SRB,2022,5535.0923
Serbia,SRB,2023,5483.3726
Serbia,SRB,2024,5563.9536
Serbia,SRB,2025,5591.238
Seychelles,SYC,2000,2399.837
Seychelles,SYC,2001,2363.4795
Seychelles,SYC,2002,2678.218
Seychelles,SYC,2003,2641.9775
Seychelles,SYC,2004,2608.4492
Seychelles,SYC,2005,3359.914
Seychelles,SYC,2006,3540.1753
Seychelles,SYC,2007,3716.5376
Seychelles,SYC,2008,3673.174
Seychelles,SYC,2009,3737.559
Seychelles,SYC,2010,4000.2947
Seychelles,SYC,2011,4121.969
Seychelles,SYC,2012,4117.913
Seychelles,SYC,2013,4309.1626
Seychelles,SYC,2014,4299.5137
Seychelles,SYC,2015,4289.1646
Seychelles,SYC,2016,4552.2417
Seychelles,SYC,2017,4535.6313
Seychelles,SYC,2018,4519.656
Seychelles,SYC,2019,4844.385
Seychelles,SYC,2020,4904.4463
Seychelles,SYC,2021,4878.049
Seychelles,SYC,2022,4938.9404
Seychelles,SYC,2023,4845.226
Seychelles,SYC,2024,4829.955
Sierra Leone,SLE,2000,20.345352
Sierra Leone,SLE,2001,27.702513
Sierra Leone,SLE,2002,32.183865
Sierra Leone,SLE,2003,28.970472
Sierra Leone,SLE,2004,22.405972
Sierra Leone,SLE,2005,14.540941
Sierra Leone,SLE,2006,8.889736
Sierra Leone,SLE,2007,10.435957
Sierra Leone,SLE,2008,10.178586
Sierra Leone,SLE,2009,9.908094
Sierra Leone,SLE,2010,22.498219
Sierra Leone,SLE,2011,26.61549
Sierra Leone,SLE,2012,27.476395
Sierra Leone,SLE,2013,23.830599
Sierra Leone,SLE,2014,21.813787
Sierra Leone,SLE,2015,22.734829
Sierra Leone,SLE,2016,29.145054
Sierra Leone,SLE,2017,31.168268
Sierra Leone,SLE,2018,35.739967
Sierra Leone,SLE,2019,25.866549
Sierra Leone,SLE,2020,25.27628
Sierra Leone,SLE,2021,24.70782
Sierra Leone,SLE,2022,24.163902
Sierra Leone,SLE,2023,24.82116
Sierra Leone,SLE,2024,24.299849
Singapore,SGP,2000,7848.3345
Singapore,SGP,2001,8031.7407
Singapore,SGP,2002,8358.055
Singapore,SGP,2003,8535.027
Singapore,SGP,2004,8823.881
Singapore,SGP,2005,8954.253
Singapore,SGP,2006,8960.614
Singapore,SGP,2007,8948.082
Singapore,SGP,2008,8669.073
Singapore,SGP,2009,8412.876
Singapore,SGP,2010,8934.375
Singapore,SGP,2011,8876.467
Singapore,SGP,2012,8867.738
Singapore,SGP,2013,8907.104
Singapore,SGP,2014,9032.779
Singapore,SGP,2015,9099.888
Singapore,SGP,2016,9248.94
Singapore,SGP,2017,9328.905
Singapore,SGP,2018,9401.235
Singapore,SGP,2019,9549.238
Singapore,SGP,2020,9442.807
Singapore,SGP,2021,10058.975
Singapore,SGP,2022,10106.395
Singapore,SGP,2023,9915.199
Singapore,SGP,2024,10223.944
Singapore,SGP,2025,10295.108
Slovakia,SVK,1990,5827.8677
Slovakia,SVK,1991,5411.669
Slovakia,SVK,1992,5033.5015
Slovakia,SVK,1993,4781.8745
Slovakia,SVK,1994,4847.2554
Slovakia,SVK,1995,5193.9688
Slovakia,SVK,1996,5404.266
Slovakia,SVK,1997,5417.353
Slovakia,SVK,1998,5027.163
Slovakia,SVK,1999,5330.874
Slovakia,SVK,2000,5219.33
Slovakia,SVK,2001,5231.029
Slovakia,SVK,2002,5210.4204
Slovakia,SVK,2003,5342.066
Slovakia,SVK,2004,5319.903
Slovakia,SVK,2005,5220.6772
Slovakia,SVK,2006,5378.6167
Slovakia,SVK,2007,5501.216
Slovakia,SVK,2008,5432.108
Slovakia,SVK,2009,5058.4263
Slovakia,SVK,2010,5285.7485
Slovakia,SVK,2011,5374.1084
Slovakia,SVK,2012,5308.169
Slovakia,SVK,2013,5284.246
Slovakia,SVK,2014,5213.0674
Slovakia,SVK,2015,5352.124
Slovakia,SVK,2016,5426.309
Slovakia,SVK,2017,5601.8525
Slovakia,SVK,2018,5573.8975
Slovakia,SVK,2019,5487.442
Slovakia,SVK,2020,5285.032
Slovakia,SVK,2021,5598.2563
Slovakia,SVK,2022,5106.7065
Slovakia,SVK,2023,4731.7383
Slovakia,SVK,2024,4824.9795
Slovakia,SVK,2025,4885.957
Slovenia,SVN,1990,5730.702
Slovenia,SVN,1991,5362.169
Slovenia,SVN,1992,5275.9155
Slovenia,SVN,1993,5289.291
Slovenia,SVN,1994,5512.352
Slovenia,SVN,1995,5658.675
Slovenia,SVN,1996,5732.86
Slovenia,SVN,1997,5785.1123
Slovenia,SVN,1998,5959.3823
Slovenia,SVN,1999,6016.5615
Slovenia,SVN,2000,6185.7734
Slovenia,SVN,2001,6387.949
Slovenia,SVN,2002,6763.505
Slovenia,SVN,2003,7021.3335
Slovenia,SVN,2004,7278.4805
Slovenia,SVN,2005,7406.4243
Slovenia,SVN,2006,7563.2163
Slovenia,SVN,2007,7581.328
Slovenia,SVN,2008,7313.2554
Slovenia,SVN,2009,6548.406
Slovenia,SVN,2010,6915.741
Slovenia,SVN,2011,7101.7007
Slovenia,SVN,2012,7066.5977
Slovenia,SVN,2013,7055.842
Slovenia,SVN,2014,7000.6
Slovenia,SVN,2015,7160.382
Slovenia,SVN,2016,7300.938
Slovenia,SVN,2017,7530.0254
Slovenia,SVN,2018,7547.775
Slovenia,SVN,2019,7473.2246
Slovenia,SVN,2020,7082.3115
Slovenia,SVN,2021,7248.6567
Slovenia,SVN,2022,7001.5996
Slovenia,SVN,2023,6627.662
Slovenia,SVN,2024,6749.4473
Slovenia,SVN,2025,6759.3423
Solomon Islands,SLB,2000,136.21472
Solomon Islands,SLB,2001,133.58952
Solomon Islands,SLB,2002,131.0971
Solomon Islands,SLB,2003,128.71007
Solomon Islands,SLB,2004,126.41745
Solomon Islands,SLB,2005,144.90054
Solomon Islands,SLB,2006,142.39162
Solomon Islands,SLB,2007,159.94626
Solomon Islands,SLB,2008,157.23209
Solomon Islands,SLB,2009,154.39545
Solomon Islands,SLB,2010,150.10057
Solomon Islands,SLB,2011,144.67645
Solomon Islands,SLB,2012,139.46442
Solomon Islands,SLB,2013,134.46463
Solomon Islands,SLB,2014,145.8872
Solomon Islands,SLB,2015,140.7519
Solomon Islands,SLB,2016,150.96915
Solomon Islands,SLB,2017,145.84126
Solomon Islands,SLB,2018,141.02205
Solomon Islands,SLB,2019,137.3332
Solomon Islands,SLB,2020,134.31743
Solomon Islands,SLB,2021,131.13138
Solomon Islands,SLB,2022,140.83154
Solomon Islands,SLB,2023,137.49759
Solomon Islands,SLB,2024,134.27635
Somalia,SOM,2000,28.284658
Somalia,SOM,2001,28.265491
Somalia,SOM,2002,28.272049
Somalia,SOM,2003,28.256681
Somalia,SOM,2004,27.234703
Somalia,SOM,2005,27.244797
Somalia,SOM,2006,27.333603
Somalia,SOM,2007,27.378916
Somalia,SOM,2008,27.436983
Somalia,SOM,2009,27.589195
Somalia,SOM,2010,26.912937
Somalia,SOM,2011,26.723183
Somalia,SOM,2012,27.284773
Somalia,SOM,2013,27.195873
Somalia,SOM,2014,26.237871
Somalia,SOM,2015,25.349518
Somalia,SOM,2016,25.08931
Somalia,SOM,2017,24.804531
Somalia,SOM,2018,23.944363
Somalia,SOM,2019,23.080326
Somalia,SOM,2020,22.220621
Somalia,SOM,2021,22.001646
Somalia,SOM,2022,23.592993
Somalia,SOM,2023,22.877533
Somalia,SOM,2024,22.62068
South Africa,ZAF,2000,4728.4004
South Africa,ZAF,2001,4462.9863
South Africa,ZAF,2002,4640.415
South Africa,ZAF,2003,4786.9756
South Africa,ZAF,2004,4922.6987
South Africa,ZAF,2005,4901.7944
South Africa,ZAF,2006,5017.174
South Africa,ZAF,2007,5152.332
South Africa,ZAF,2008,4982.7256
South Africa,ZAF,2009,4790.3945
South Africa,ZAF,2010,4912.115
South Africa,ZAF,2011,4894.9707
South Africa,ZAF,2012,4701.1514
South Africa,ZAF,2013,4598.6753
South Africa,ZAF,2014,4534.7734
South Africa,ZAF,2015,4380.8975
South Africa,ZAF,2016,4310.5474
South Africa,ZAF,2017,4311.778
South Africa,ZAF,2018,4292.563
South Africa,ZAF,2019,4160.2417
South Africa,ZAF,2020,3911.9998
South Africa,ZAF,2021,3933.0044
South Africa,ZAF,2022,3809.9717
South Africa,ZAF,2023,3676.4946
South Africa,ZAF,2024,3846.7556
South Africa,ZAF,2025,3657.912
South America,OWID_SAM,2000,2020.8969
South America,OWID_SAM,2001,1948.7439
South America,OWID_SAM,2002,1984.1465
South America,OWID_SAM,2003,2049.7783
South America,OWID_SAM,2004,2154.7488
South America,OWID_SAM,2005,2219.3906
South America,OWID_SAM,2006,2300.8313
South America,OWID_SAM,2007,2392.4136
South America,OWID_SAM,2008,2468.3767
South America,OWID_SAM,2009,2461.9001
South America,OWID_SAM,2010,2576.1636
South America,OWID_SAM,2011,2647.8035
South America,OWID_SAM,2012,2746.655
South America,OWID_SAM,2013,2840.7112
South America,OWID_SAM,2014,2797.8936
South America,OWID_SAM,2015,2840.5842
South America,OWID_SAM,2016,2824.8525
South America,OWID_SAM,2017,2793.0054
South America,OWID_SAM,2018,2806.0576
South America,OWID_SAM,2019,2806.8582
South America,OWID_SAM,2020,2755.1682
South America,OWID_SAM,2021,2864.7212
South America,OWID_SAM,2022,2899.4678
South America,OWID_SAM,2023,2969.0486
South America,OWID_SAM,2024,3046.615
South Korea,KOR,2000,6210.621
South Korea,KOR,2001,6587.0996
South Korea,KOR,2002,7019.37
South Korea,KOR,2003,7319.292
South Korea,KOR,2004,7715.777
South Korea,KOR,2005,8139.114
South Korea,KOR,2006,8394.485
South Korea,KOR,2007,8829.941
South Korea,KOR,2008,9153.063
South Korea,KOR,2009,9319.895
South Korea,KOR,2010,10150.437
South Korea,KOR,2011,10547.219
South Korea,KOR,2012,10709.97
South Korea,KOR,2013,10727.93
South Korea,KOR,2014,10692.325
South Korea,KOR,2015,10744.566
South Korea,KOR,2016,10935.743
South Korea,KOR,2017,11195.412
South Korea,KOR,2018,11481.404
South Korea,KOR,2019,11335.222
South Korea,KOR,2020,11128.556
South Korea,KOR,2021,11721.866
South Korea,KOR,2022,12023.171
South Korea,KOR,2023,11932.463
South Korea,KOR,2024,12092.212
South Korea,KOR,2025,12090.106
South Sudan,SSD,2012,40.906467
South Sudan,SSD,2013,42.09101
South Sudan,SSD,2014,42.723362
South Sudan,SSD,2015,52.216644
South Sudan,SSD,2016,48.014294
South Sudan,SSD,2017,52.63594
South Sudan,SSD,2018,53.343964
South Sudan,SSD,2019,52.765984
South Sudan,SSD,2020,52.34393
South Sudan,SSD,2021,52.458237
South Sudan,SSD,2022,46.274555
South Sudan,SSD,2023,48.766174
South Sudan,SSD,2024,46.887783
Spain,ESP,1990,3856.725
Spain,ESP,1991,3929.1614
Spain,ESP,1992,3990.0715
Spain,ESP,1993,3944.1003
Spain,ESP,1994,4065.6096
Spain,ESP,1995,4233.419
Spain,ESP,1996,4331.048
Spain,ESP,1997,4602.7314
Spain,ESP,1998,4844.9634
Spain,ESP,1999,5178.5156
Spain,ESP,2000,5493.936
Spain,ESP,2001,5734.4297
Spain,ESP,2002,5873.21
Spain,ESP,2003,6082.8286
Spain,ESP,2004,6327.8076
Spain,ESP,2005,6554.3066
Spain,ESP,2006,6540.04
Spain,ESP,2007,6505.5522
Spain,ESP,2008,6461.5474
Spain,ESP,2009,6060.2314
Spain,ESP,2010,6179.9126
Spain,ESP,2011,6073.6577
Spain,ESP,2012,6013.613
Spain,ESP,2013,5862.3066
Spain,ESP,2014,5801.133
Spain,ESP,2015,5934.4077
Spain,ESP,2016,5956.634
Spain,ESP,2017,6007.2207
Spain,ESP,2018,5998.7915
Spain,ESP,2019,5847.566
Spain,ESP,2020,5510.7563
Spain,ESP,2021,5689.6655
Spain,ESP,2022,5589.777
Spain,ESP,2023,5534.1523
Spain,ESP,2024,5650.323
Spain,ESP,2025,5744.4194
Sri Lanka,LKA,2000,351.42178
Sri Lanka,LKA,2001,340.29987
Sri Lanka,LKA,2002,350.4033
Sri Lanka,LKA,2003,382.427
Sri Lanka,LKA,2004,402.73587
Sri Lanka,LKA,2005,436.2766
Sri Lanka,LKA,2006,463.82697
Sri Lanka,LKA,2007,482.12653
Sri Lanka,LKA,2008,480.86765
Sri Lanka,LKA,2009,476.4787
Sri Lanka,LKA,2010,513.4323
Sri Lanka,LKA,2011,549.763
Sri Lanka,LKA,2012,557.40674
Sri Lanka,LKA,2013,560.89215
Sri Lanka,LKA,2014,577.7945
Sri Lanka,LKA,2015,607.916
Sri Lanka,LKA,2016,653.1037
Sri Lanka,LKA,2017,674.1362
Sri Lanka,LKA,2018,722.14606
Sri Lanka,LKA,2019,743.846
Sri Lanka,LKA,2020,731.32434
Sri Lanka,LKA,2021,771.35284
Sri Lanka,LKA,2022,733.52423
Sri Lanka,LKA,2023,713.4892
Sri Lanka,LKA,2024,738.8471
Sri Lanka,LKA,2025,742.59106
Sudan,SDN,2000,91.3119
Sudan,SDN,2001,93.979774
Sudan,SDN,2002,102.63875
Sudan,SDN,2003,116.06889
Sudan,SDN,2004,117.813995
Sudan,SDN,2005,126.66955
Sudan,SDN,2006,145.34685
Sudan,SDN,2007,157.48926
Sudan,SDN,2008,167.73743
Sudan,SDN,2009,191.21115
Sudan,SDN,2010,214.0372
Sudan,SDN,2011,235.4679
Sudan,SDN,2012,259.1868
Sudan,SDN,2013,282.38083
Sudan,SDN,2014,305.2289
Sudan,SDN,2015,330.29825
Sudan,SDN,2016,363.79156
Sudan,SDN,2017,388.3944
Sudan,SDN,2018,388.8711
Sudan,SDN,2019,360.71695
Sudan,SDN,2020,383.2078
Sudan,SDN,2021,387.58453
Sudan,SDN,2022,357.61044
Sudan,SDN,2023,302.94067
Sudan,SDN,2024,308.62875
Suriname,SUR,2000,2014.0691
Suriname,SUR,2001,2137.4285
Suriname,SUR,2002,2477.0122
Suriname,SUR,2003,2567.034
Suriname,SUR,2004,2782.4907
Suriname,SUR,2005,3254.2495
Suriname,SUR,2006,2990.4592
Suriname,SUR,2007,2824.7205
Suriname,SUR,2008,2810.599
Suriname,SUR,2009,2814.673
Suriname,SUR,2010,3564.0835
Suriname,SUR,2011,2750.4185
Suriname,SUR,2012,2968.1501
Suriname,SUR,2013,3093.0154
Suriname,SUR,2014,3163.127
Suriname,SUR,2015,3197.8875
Suriname,SUR,2016,3096.4758
Suriname,SUR,2017,3048.575
Suriname,SUR,2018,3169.2073
Suriname,SUR,2019,3367.5647
Suriname,SUR,2020,3347.9226
Suriname,SUR,2021,3382.3967
Suriname,SUR,2022,3385.9028
Suriname,SUR,2023,2750.8699
Suriname,SUR,2024,2742.5847
Sweden,SWE,1990,16849.775
Sweden,SWE,1991,16906.203
Sweden,SWE,1992,16587.105
Sweden,SWE,1993,16594.33
Sweden,SWE,1994,16282.108
Sweden,SWE,1995,16609.455
Sweden,SWE,1996,16600.059
Sweden,SWE,1997,16562.047
Sweden,SWE,1998,16732.188
Sweden,SWE,1999,16636.39
Sweden,SWE,2000,16896.791
Sweden,SWE,2001,17345.963
Sweden,SWE,2002,17037.45
Sweden,SWE,2003,16545.303
Sweden,SWE,2004,16618.105
Sweden,SWE,2005,16719.139
Sweden,SWE,2006,16443.797
Sweden,SWE,2007,16411.828
Sweden,SWE,2008,16045.723
Sweden,SWE,2009,15194.534
Sweden,SWE,2010,16050.996
Sweden,SWE,2011,15138.747
Sweden,SWE,2012,15428.368
Sweden,SWE,2013,14897.996
Sweden,SWE,2014,14225.843
Sweden,SWE,2015,14225.239
Sweden,SWE,2016,14527.453
Sweden,SWE,2017,14440.442
Sweden,SWE,2018,14362.089
Sweden,SWE,2019,13839.706
Sweden,SWE,2020,13403.927
Sweden,SWE,2021,14036.879
Sweden,SWE,2022,13333.226
Sweden,SWE,2023,13037.018
Sweden,SWE,2024,13077.223
Sweden,SWE,2025,12866.161
Switzerland,CHE,2000,8219.651
Switzerland,CHE,2001,8387.3125
Switzerland,CHE,2002,8366.828
Switzerland,CHE,2003,8485.772
Switzerland,CHE,2004,8554.757
Switzerland,CHE,2005,8631.798
Switzerland,CHE,2006,8668.835
Switzerland,CHE,2007,8531.042
Switzerland,CHE,2008,8625.011
Switzerland,CHE,2009,8337.163
Switzerland,CHE,2010,8506.533
Switzerland,CHE,2011,8272.285
Switzerland,CHE,2012,8242.355
Switzerland,CHE,2013,8192.853
Switzerland,CHE,2014,7886.2173
Switzerland,CHE,2015,7851.3364
Switzerland,CHE,2016,7763.6714
Switzerland,CHE,2017,7771.809
Switzerland,CHE,2018,7597.159
Switzerland,CHE,2019,7497.5005
Switzerland,CHE,2020,7284.2314
Switzerland,CHE,2021,7522.6665
Switzerland,CHE,2022,7377.0103
Switzerland,CHE,2023,7178.7993
Switzerland,CHE,2024,7169.934
Switzerland,CHE,2025,7261.8496
Syria,SYR,2000,1517.6208
Syria,SYR,2001,1568.2054
Syria,SYR,2002,1606.9076
Syria,SYR,2003,1685.3652
Syria,SYR,2004,1724.3938
Syria,SYR,2005,1882.0999
Syria,SYR,2006,1868.9194
Syria,SYR,2007,1871.277
Syria,SYR,2008,1895.8646
Syria,SYR,2009,1968.8792
Syria,SYR,2010,2050.0464
Syria,SYR,2011,1816.147
Syria,SYR,2012,1417.8531
Syria,SYR,2013,1137.2174
Syria,SYR,2014,1041.2526
Syria,SYR,2015,913.789
Syria,SYR,2016,943.01117
Syria,SYR,2017,931.0952
Syria,SYR,2018,1112.4818
Syria,SYR,2019,1079.4193
Syria,SYR,2020,983.8745
Syria,SYR,2021,987.57043
Syria,SYR,2022,877.9205
Syria,SYR,2023,1033.2863
Syria,SYR,2024,984.08136
Taiwan,TWN,2000,8276.588
Taiwan,TWN,2001,8399.174
Taiwan,TWN,2002,8811.136
Taiwan,TWN,2003,9224.268
Taiwan,TWN,2004,9602.368
Taiwan,TWN,2005,9967.171
Taiwan,TWN,2006,10279.016
Taiwan,TWN,2007,10566.82
Taiwan,TWN,2008,10322.6
Taiwan,TWN,2009,9931.208
Taiwan,TWN,2010,10637.68
Taiwan,TWN,2011,10834.407
Taiwan,TWN,2012,10724.338
Taiwan,TWN,2013,10775.564
Taiwan,TWN,2014,11075.367
Taiwan,TWN,2015,10971.021
Taiwan,TWN,2016,11198.102
Taiwan,TWN,2017,11435.729
Taiwan,TWN,2018,11645.733
Taiwan,TWN,2019,11581.414
Taiwan,TWN,2020,11832.166
Taiwan,TWN,2021,12353.592
Taiwan,TWN,2022,12305.238
Taiwan,TWN,2023,12106.113
Taiwan,TWN,2024,12430.449
Taiwan,TWN,2025,12477.504
Tajikistan,TJK,2000,2477.4307
Tajikistan,TJK,2001,2456.5437
Tajikistan,TJK,2002,2463.3809
Tajikistan,TJK,2003,2481.0115
Tajikistan,TJK,2004,2481.3877
Tajikistan,TJK,2005,2504.0718
Tajikistan,TJK,2006,2485.2761
Tajikistan,TJK,2007,2444.9304
Tajikistan,TJK,2008,2320.6687
Tajikistan,TJK,2009,2160.1467
Tajikistan,TJK,2010,2168.0198
Tajikistan,TJK,2011,2071.6216
Tajikistan,TJK,2012,2035.1663
Tajikistan,TJK,2013,1967.9354
Tajikistan,TJK,2014,1764.868
Tajikistan,TJK,2015,1830.2053
Tajikistan,TJK,2016,1794.5721
Tajikistan,TJK,2017,1849.0101
Tajikistan,TJK,2018,1864.1191
Tajikistan,TJK,2019,1896.1234
Tajikistan,TJK,2020,1908.8527
Tajikistan,TJK,2021,1836.0751
Tajikistan,TJK,2022,1860.1038
Tajikistan,TJK,2023,1800.8033
Tajikistan,TJK,2024,1850.6401
Tajikistan,TJK,2025,1804.9941
Tanzania,TZA,2000,74.43051
Tanzania,TZA,2001,81.82213
Tanzania,TZA,2002,81.39242
Tanzania,TZA,2003,74.41448
Tanzania,TZA,2004,69.79857
Tanzania,TZA,2005,94.686134
Tanzania,TZA,2006,88.59682
Tanzania,TZA,2007,103.775734
Tanzania,TZA,2008,105.706436
Tanzania,TZA,2009,111.3811
Tanzania,TZA,2010,120.42407
Tanzania,TZA,2011,113.405846
Tanzania,TZA,2012,120.95175
Tanzania,TZA,2013,123.91413
Tanzania,TZA,2014,125.5176
Tanzania,TZA,2015,126.87194
Tanzania,TZA,2016,128.56715
Tanzania,TZA,2017,129.01396
Tanzania,TZA,2018,129.35883
Tanzania,TZA,2019,133.1646
Tanzania,TZA,2020,130.222
Tanzania,TZA,2021,139.9004
Tanzania,TZA,2022,150.97705
Tanzania,TZA,2023,161.51886
Tanzania,TZA,2024,131.70914
Thailand,THA,2000,1560.7587
Thailand,THA,2001,1629.1931
Thailand,THA,2002,1728.1183
Thailand,THA,2003,1822.3115
Thailand,THA,2004,1944.1714
Thailand,THA,2005,2034.3118
Thailand,THA,2006,2123.4028
Thailand,THA,2007,2179.8032
Thailand,THA,2008,2177.7632
Thailand,THA,2009,2158.6565
Thailand,THA,2010,2384.2422
Thailand,THA,2011,2358.3042
Thailand,THA,2012,2557.4597
Thailand,THA,2013,2576.1287
Thailand,THA,2014,2619.7598
Thailand,THA,2015,2693.1936
Thailand,THA,2016,2797.2124
Thailand,THA,2017,2811.2632
Thailand,THA,2018,2848.8535
Thailand,THA,2019,2924.544
Thailand,THA,2020,2839.2769
Thailand,THA,2021,2896.3853
Thailand,THA,2022,2980.1218
Thailand,THA,2023,3082.601
Thailand,THA,2024,3236.1719
Thailand,THA,2025,3142.9827
Togo,TGO,2000,117.06368
Togo,TGO,2001,112.15026
Togo,TGO,2002,117.36323
Togo,TGO,2003,124.172676
Togo,TGO,2004,128.75569
Togo,TGO,2005,129.3147
Togo,TGO,2006,129.27184
Togo,TGO,2007,121.77223
Togo,TGO,2008,134.76772
Togo,TGO,2009,143.53418
Togo,TGO,2010,147.01718
Togo,TGO,2011,163.06244
Togo,TGO,2012,192.37361
Togo,TGO,2013,144.142
Togo,TGO,2014,262.3368
Togo,TGO,2015,142.82684
Togo,TGO,2016,234.69345
Togo,TGO,2017,211.62202
Togo,TGO,2018,198.43918
Togo,TGO,2019,190.29082
Togo,TGO,2020,182.33043
Togo,TGO,2021,190.26775
Togo,TGO,2022,251.59209
Togo,TGO,2023,273.5944
Togo,TGO,2024,262.89014
Tonga,TON,2000,389.5029
Tonga,TON,2001,387.20294
Tonga,TON,2002,385.03003
Tonga,TON,2003,382.84473
Tonga,TON,2004,475.79172
Tonga,TON,2005,473.10852
Tonga,TON,2006,470.5174
Tonga,TON,2007,468.4104
Tonga,TON,2008,467.13257
Tonga,TON,2009,466.33527
Tonga,TON,2010,465.48434
Tonga,TON,2011,464.75314
Tonga,TON,2012,465.22015
Tonga,TON,2013,466.88394
Tonga,TON,2014,468.92438
Tonga,TON,2015,471.20914
Tonga,TON,2016,568.52637
Tonga,TON,2017,664.3068
Tonga,TON,2018,662.9416
Tonga,TON,2019,662.32684
Tonga,TON,2020,662.1201
Tonga,TON,2021,663.48193
Tonga,TON,2022,761.5204
Tonga,TON,2023,669.1329
Tonga,TON,2024,671.8366
Trinidad and Tobago,TTO,2000,4137.05
Trinidad and Tobago,TTO,2001,4254.7637
Trinidad and Tobago,TTO,2002,4234.18
Trinidad and Tobago,TTO,2003,4810.5728
Trinidad and Tobago,TTO,2004,4779.2974
Trinidad and Tobago,TTO,2005,5214.343
Trinidad and Tobago,TTO,2006,5277.08
Trinidad and Tobago,TTO,2007,5624.8037
Trinidad and Tobago,TTO,2008,5633.741
Trinidad and Tobago,TTO,2009,5685.0483
Trinidad and Tobago,TTO,2010,6115.427
Trinidad and Tobago,TTO,2011,6279.615
Trinidad and Tobago,TTO,2012,6496.587
Trinidad and Tobago,TTO,2013,6724.9116
Trinidad and Tobago,TTO,2014,6621.468
Trinidad and Tobago,TTO,2015,6696.1006
Trinidad and Tobago,TTO,2016,6555.182
Trinidad and Tobago,TTO,2017,6448.644
Trinidad and Tobago,TTO,2018,6276.6826
Trinidad and Tobago,TTO,2019,6195.7114
Trinidad and Tobago,TTO,2020,6232.1655
Trinidad and Tobago,TTO,2021,6231.032
Trinidad and Tobago,TTO,2022,6350.594
Trinidad and Tobago,TTO,2023,6334.2603
Trinidad and Tobago,TTO,2024,6333.8237
Tunisia,TUN,2000,1084.4921
Tunisia,TUN,2001,1154.0396
Tunisia,TUN,2002,1181.3644
Tunisia,TUN,2003,1117.991
Tunisia,TUN,2004,1170.549
Tunisia,TUN,2005,1234.4626
Tunisia,TUN,2006,1264.2069
Tunisia,TUN,2007,1314.9193
Tunisia,TUN,2008,1362.088
Tunisia,TUN,2009,1436.5277
Tunisia,TUN,2010,1477.8026
Tunisia,TUN,2011,1494.5746
Tunisia,TUN,2012,1616.7635
Tunisia,TUN,2013,1622.7814
Tunisia,TUN,2014,1674.6057
Tunisia,TUN,2015,1699.6615
Tunisia,TUN,2016,1692.3019
Tunisia,TUN,2017,1763.8721
Tunisia,TUN,2018,1769.5782
Tunisia,TUN,2019,1840.8291
Tunisia,TUN,2020,1735.4185
Tunisia,TUN,2021,1903.1217
Tunisia,TUN,2022,1978.6559
Tunisia,TUN,2023,1949.1111
Tunisia,TUN,2024,1951.6003
Tunisia,TUN,2025,2016.4268
Turkey,TUR,1990,1014.1813
Turkey,TUR,1991,1061.044
Turkey,TUR,1992,1159.163
Turkey,TUR,1993,1244.5939
Turkey,TUR,1994,1295.7694
Turkey,TUR,1995,1401.732
Turkey,TUR,1996,1529.9155
Turkey,TUR,1997,1678.8387
Turkey,TUR,1998,1788.9872
Turkey,TUR,1999,1834.2853
Turkey,TUR,2000,1952.2833
Turkey,TUR,2001,1907.914
Turkey,TUR,2002,1962.8989
Turkey,TUR,2003,2065.5522
Turkey,TUR,2004,2173.2659
Turkey,TUR,2005,2314.5972
Turkey,TUR,2006,2492.528
Turkey,TUR,2007,2684.9246
Turkey,TUR,2008,2767.3772
Turkey,TUR,2009,2678.2642
Turkey,TUR,2010,2868.702
Turkey,TUR,2011,3103.1377
Turkey,TUR,2012,3222.9924
Turkey,TUR,2013,3224.3486
Turkey,TUR,2014,3296.0361
Turkey,TUR,2015,3320.7844
Turkey,TUR,2016,3420.3657
Turkey,TUR,2017,3571.2192
Turkey,TUR,2018,3548.1438
Turkey,TUR,2019,3509.9365
Turkey,TUR,2020,3501.0347
Turkey,TUR,2021,3761.0347
Turkey,TUR,2022,3713.4814
Turkey,TUR,2023,3710.4175
Turkey,TUR,2024,3889.6216
Turkey,TUR,2025,4013.5518
Turkmenistan,TKM,2000,1974.8291
Turkmenistan,TKM,2001,2059.7097
Turkmenistan,TKM,2002,2021.1877
Turkmenistan,TKM,2003,2000.4641
Turkmenistan,TKM,2004,2168.173
Turkmenistan,TKM,2005,2288.085
Turkmenistan,TKM,2006,2391.6367
Turkmenistan,TKM,2007,2559.0923
Turkmenistan,TKM,2008,2536.9348
Turkmenistan,TKM,2009,2643.2622
Turkmenistan,TKM,2010,2560.9434
Turkmenistan,TKM,2011,2581.1956
Turkmenistan,TKM,2012,2587.5657
Turkmenistan,TKM,2013,2697.2659
Turkmenistan,TKM,2014,2829.4966
Turkmenistan,TKM,2015,3109.8303
Turkmenistan,TKM,2016,3039.2886
Turkmenistan,TKM,2017,3179.621
Turkmenistan,TKM,2018,3329.5654
Turkmenistan,TKM,2019,2836.5903
Turkmenistan,TKM,2020,3246.0828
Turkmenistan,TKM,2021,3553.2786
Turkmenistan,TKM,2022,3264.0881
Turkmenistan,TKM,2023,3204.5898
Turkmenistan,TKM,2024,3203.6853
Turks and Caicos Islands,TCA,2000,4265.7563
Turks and Caicos Islands,TCA,2001,4081.0078
Turks and Caicos Islands,TCA,2002,4849.896
Turks and Caicos Islands,TCA,2003,5057.7036
Turks and Caicos Islands,TCA,2004,5244.526
Turks and Caicos Islands,TCA,2005,5414.185
Turks and Caicos Islands,TCA,2006,6362.841
Turks and Caicos Islands,TCA,2007,6846.71
Turks and Caicos Islands,TCA,2008,6921.1714
Turks and Caicos Islands,TCA,2009,6990.563
Turks and Caicos Islands,TCA,2010,7055.74
Turks and Caicos Islands,TCA,2011,6802.7207
Turks and Caicos Islands,TCA,2012,6531.475
Turks and Caicos Islands,TCA,2013,6236.08
Turks and Caicos Islands,TCA,2014,6557.0034
Turks and Caicos Islands,TCA,2015,6278.6636
Turks and Caicos Islands,TCA,2016,6520.265
Turks and Caicos Islands,TCA,2017,7262.528
Turks and Caicos Islands,TCA,2018,6253.006
Turks and Caicos Islands,TCA,2019,6019.7725
Turks and Caicos Islands,TCA,2020,5629.9966
Turks and Caicos Islands,TCA,2021,5744.333
Turks and Caicos Islands,TCA,2022,5668.316
Turks and Caicos Islands,TCA,2023,5625.1484
Turks and Caicos Islands,TCA,2024,5798.5957
Uganda,UGA,2000,59.58294
Uganda,UGA,2001,57.78787
Uganda,UGA,2002,57.18119
Uganda,UGA,2003,60.336693
Uganda,UGA,2004,64.44601
Uganda,UGA,2005,67.94623
Uganda,UGA,2006,55.567123
Uganda,UGA,2007,67.10858
Uganda,UGA,2008,75.639626
Uganda,UGA,2009,75.35496
Uganda,UGA,2010,83.357
Uganda,UGA,2011,78.25021
Uganda,UGA,2012,82.70856
Uganda,UGA,2013,85.17972
Uganda,UGA,2014,85.17526
Uganda,UGA,2015,92.72225
Uganda,UGA,2016,94.07422
Uganda,UGA,2017,86.86479
Uganda,UGA,2018,98.63869
Uganda,UGA,2019,100.000854
Uganda,UGA,2020,98.97171
Uganda,UGA,2021,106.7284
Uganda,UGA,2022,112.86606
Uganda,UGA,2023,109.54319
Uganda,UGA,2024,107.36759
Ukraine,UKR,1990,5230.1357
Ukraine,UKR,1991,5083.095
Ukraine,UKR,1992,4755.9736
Ukraine,UKR,1993,4390.0566
Ukraine,UKR,1994,3900.8372
Ukraine,UKR,1995,3726.0815
Ukraine,UKR,1996,3556.7798
Ukraine,UKR,1997,3524.3354
Ukraine,UKR,1998,3427.172
Ukraine,UKR,1999,3384.3943
Ukraine,UKR,2000,3389.8577
Ukraine,UKR,2001,3466.726
Ukraine,UKR,2002,3511.0837
Ukraine,UKR,2003,3635.2998
Ukraine,UKR,2004,3691.3682
Ukraine,UKR,2005,3741.4712
Ukraine,UKR,2006,3874.2612
Ukraine,UKR,2007,3975.114
Ukraine,UKR,2008,3969.528
Ukraine,UKR,2009,3632.056
Ukraine,UKR,2010,3977.0967
Ukraine,UKR,2011,4074.039
Ukraine,UKR,2012,4055.6113
Ukraine,UKR,2013,3999.4138
Ukraine,UKR,2014,3793.3647
Ukraine,UKR,2015,3545.4917
Ukraine,UKR,2016,3525.6724
Ukraine,UKR,2017,3320.272
Ukraine,UKR,2018,3401.7634
Ukraine,UKR,2019,3338.7126
Ukraine,UKR,2020,3253.5803
Ukraine,UKR,2021,3485.434
Ukraine,UKR,2022,2718.961
United Arab Emirates,ARE,2000,11432.389
United Arab Emirates,ARE,2001,11593.631
United Arab Emirates,ARE,2002,11840.289
United Arab Emirates,ARE,2003,11794.971
United Arab Emirates,ARE,2004,11833.467
United Arab Emirates,ARE,2005,13012.356
United Arab Emirates,ARE,2006,12465.298
United Arab Emirates,ARE,2007,14002.675
United Arab Emirates,ARE,2008,12766.0205
United Arab Emirates,ARE,2009,12777.574
United Arab Emirates,ARE,2010,13540.64
United Arab Emirates,ARE,2011,13766.356
United Arab Emirates,ARE,2012,14162.769
United Arab Emirates,ARE,2013,14041.381
United Arab Emirates,ARE,2014,14144.919
United Arab Emirates,ARE,2015,14683.042
United Arab Emirates,ARE,2016,14421.641
United Arab Emirates,ARE,2017,14561.966
United Arab Emirates,ARE,2018,14548.186
United Arab Emirates,ARE,2019,14762.4375
United Arab Emirates,ARE,2020,14529.246
United Arab Emirates,ARE,2021,15247.641
United Arab Emirates,ARE,2022,15163.904
United Arab Emirates,ARE,2023,15732.8125
United Arab Emirates,ARE,2024,16053.128
United Kingdom,GBR,1990,5781.808
United Kingdom,GBR,1991,5895.0366
United Kingdom,GBR,1992,5851.252
United Kingdom,GBR,1993,5873.2095
United Kingdom,GBR,1994,5921.225
United Kingdom,GBR,1995,6082.5767
United Kingdom,GBR,1996,6305.816
United Kingdom,GBR,1997,6283.2896
United Kingdom,GBR,1998,6403.5537
United Kingdom,GBR,1999,6498.9585
United Kingdom,GBR,2000,6624.5796
United Kingdom,GBR,2001,6665.2505
United Kingdom,GBR,2002,6645.0273
United Kingdom,GBR,2003,6692.869
United Kingdom,GBR,2004,6671.269
United Kingdom,GBR,2005,6711.157
United Kingdom,GBR,2006,6630.348
United Kingdom,GBR,2007,6533.101
United Kingdom,GBR,2008,6448.4507
United Kingdom,GBR,2009,6073.3154
United Kingdom,GBR,2010,6106.0386
United Kingdom,GBR,2011,5891.8945
United Kingdom,GBR,2012,5874.408
United Kingdom,GBR,2013,5788.3765
United Kingdom,GBR,2014,5528.327
United Kingdom,GBR,2015,5505.788
United Kingdom,GBR,2016,5416.7827
United Kingdom,GBR,2017,5319.6113
United Kingdom,GBR,2018,5286.246
United Kingdom,GBR,2019,5190.806
United Kingdom,GBR,2020,4878.1133
United Kingdom,GBR,2021,4915.708
United Kingdom,GBR,2022,4697.6123
United Kingdom,GBR,2023,4598.3745
United Kingdom,GBR,2024,4590.083
United Kingdom,GBR,2025,4620.76
United States,USA,2000,13627.27
United States,USA,2001,13189.83
United States,USA,2002,13463.674
United States,USA,2003,13367.547
United States,USA,2004,13536.359
United States,USA,2005,13728.58
United States,USA,2006,13608.802
United States,USA,2007,13827.729
United States,USA,2008,13576.239
United States,USA,2009,12901.193
United States,USA,2010,13308.953
United States,USA,2011,13136.114
United States,USA,2012,12890.987
United States,USA,2013,12850.21
United States,USA,2014,12841.296
United States,USA,2015,12727.147
United States,USA,2016,12619.44
United States,USA,2017,12367.738
United States,USA,2018,12672.519
United States,USA,2019,12426.12
United States,USA,2020,12050.838
United States,USA,2021,12326.295
United States,USA,2022,12672.529
United States,USA,2023,12439.86
United States,USA,2024,12751.856
United States,USA,2025,13061.117
United States Virgin Islands,VIR,2000,9485.132
United States Virgin Islands,VIR,2001,9490.026
United States Virgin Islands,VIR,2002,9591.176
United States Virgin Islands,VIR,2003,9613.073
United States Virgin Islands,VIR,2004,9735.653
United States Virgin Islands,VIR,2005,9013.027
United States Virgin Islands,VIR,2006,9026.363
United States Virgin Islands,VIR,2007,9138.552
United States Virgin Islands,VIR,2008,9067.879
United States Virgin Islands,VIR,2009,8616.895
United States Virgin Islands,VIR,2010,9028.921
United States Virgin Islands,VIR,2011,9013.454
United States Virgin Islands,VIR,2012,8340.764
United States Virgin Islands,VIR,2013,7948.2007
United States Virgin Islands,VIR,2014,7646.159
United States Virgin Islands,VIR,2015,7780.4707
United States Virgin Islands,VIR,2016,7873.613
United States Virgin Islands,VIR,2017,6307.5566
United States Virgin Islands,VIR,2018,6715.9897
United States Virgin Islands,VIR,2019,7383.3765
United States Virgin Islands,VIR,2020,7295.609
United States Virgin Islands,VIR,2021,7565.5107
United States Virgin Islands,VIR,2022,7859.364
United States Virgin Islands,VIR,2023,7933.545
Upper-middle-income countries,OWID_UMC,2000,1341.901
Upper-middle-income countries,OWID_UMC,2001,1383.8795
Upper-middle-income countries,OWID_UMC,2002,1471.6117
Upper-middle-income countries,OWID_UMC,2003,1597.5828
Upper-middle-income countries,OWID_UMC,2004,1741.7335
Upper-middle-income countries,OWID_UMC,2005,1875.4739
Upper-middle-income countries,OWID_UMC,2006,2042.9863
Upper-middle-income countries,OWID_UMC,2007,2220.2893
Upper-middle-income countries,OWID_UMC,2008,2309.7227
Upper-middle-income countries,OWID_UMC,2009,2367.7556
Upper-middle-income countries,OWID_UMC,2010,2597.996
Upper-middle-income countries,OWID_UMC,2011,2793.366
Upper-middle-income countries,OWID_UMC,2012,2909.255
Upper-middle-income countries,OWID_UMC,2013,3073.3699
Upper-middle-income countries,OWID_UMC,2014,3203.153
Upper-middle-income countries,OWID_UMC,2015,3203.6824
Upper-middle-income countries,OWID_UMC,2016,3319.0898
Upper-middle-income countries,OWID_UMC,2017,3483.5803
Upper-middle-income countries,OWID_UMC,2018,3686.0447
Upper-middle-income countries,OWID_UMC,2019,3801.466
Upper-middle-income countries,OWID_UMC,2020,3860.3767
Upper-middle-income countries,OWID_UMC,2021,4150.5024
Upper-middle-income countries,OWID_UMC,2022,4260.223
Upper-middle-income countries,OWID_UMC,2023,4457.898
Upper-middle-income countries,OWID_UMC,2024,4707.586
Uruguay,URY,2000,2443.1973
Uruguay,URY,2001,2443.3025
Uruguay,URY,2002,2400.2185
Uruguay,URY,2003,2401.5693
Uruguay,URY,2004,2506.7334
Uruguay,URY,2005,2562.5605
Uruguay,URY,2006,2565.7332
Uruguay,URY,2007,2788.943
Uruguay,URY,2008,2937.4497
Uruguay,URY,2009,2990.8523
Uruguay,URY,2010,3139.8962
Uruguay,URY,2011,3246.3347
Uruguay,URY,2012,3342.9211
Uruguay,URY,2013,3422.6765
Uruguay,URY,2014,3488.9163
Uruguay,URY,2015,3687.6245
Uruguay,URY,2016,3882.4849
Uruguay,URY,2017,3804.106
Uruguay,URY,2018,3956.356
Uruguay,URY,2019,3844.3357
Uruguay,URY,2020,3807.04
Uruguay,URY,2021,3886.1328
Uruguay,URY,2022,3981.2288
Uruguay,URY,2023,4123.276
Uruguay,URY,2024,4287.508
Uruguay,URY,2025,4357.864
Uzbekistan,UZB,2000,1942.143
Uzbekistan,UZB,2001,1931.026
Uzbekistan,UZB,2002,1941.7333
Uzbekistan,UZB,2003,1895.2784
Uzbekistan,UZB,2004,1899.7786
Uzbekistan,UZB,2005,1798.0059
Uzbekistan,UZB,2006,1831.5261
Uzbekistan,UZB,2007,1847.0222
Uzbekistan,UZB,2008,1830.1655
Uzbekistan,UZB,2009,1791.3813
Uzbekistan,UZB,2010,1789.6455
Uzbekistan,UZB,2011,1806.5312
Uzbekistan,UZB,2012,1788.3318
Uzbekistan,UZB,2013,1807.6262
Uzbekistan,UZB,2014,1818.8138
Uzbekistan,UZB,2015,1825.0792
Uzbekistan,UZB,2016,1828.6973
Uzbekistan,UZB,2017,1891.9412
Uzbekistan,UZB,2018,1938.6233
Uzbekistan,UZB,2019,1967.8627
Uzbekistan,UZB,2020,2055.8933
Uzbekistan,UZB,2021,2191.0603
Uzbekistan,UZB,2022,2215.2925
Uzbekistan,UZB,2023,2236.3208
Uzbekistan,UZB,2024,2321.9385
Uzbekistan,UZB,2025,2418.9395
Vanuatu,VUT,2000,268.39874
Vanuatu,VUT,2001,261.7157
Vanuatu,VUT,2002,255.27005
Vanuatu,VUT,2003,249.0536
Vanuatu,VUT,2004,243.04881
Vanuatu,VUT,2005,237.22316
Vanuatu,VUT,2006,231.54688
Vanuatu,VUT,2007,225.94684
Vanuatu,VUT,2008,264.42435
Vanuatu,VUT,2009,257.7984
Vanuatu,VUT,2010,251.82996
Vanuatu,VUT,2011,246.42377
Vanuatu,VUT,2012,241.06647
Vanuatu,VUT,2013,275.05453
Vanuatu,VUT,2014,268.97525
Vanuatu,VUT,2015,225.46643
Vanuatu,VUT,2016,257.2612
Vanuatu,VUT,2017,215.42593
Vanuatu,VUT,2018,280.43314
Vanuatu,VUT,2019,308.22446
Vanuatu,VUT,2020,301.1373
Vanuatu,VUT,2021,261.53876
Vanuatu,VUT,2022,255.54124
Vanuatu,VUT,2023,249.67075
Venezuela,VEN,2000,3474.5798
Venezuela,VEN,2001,3606.0945
Venezuela,VEN,2002,3616.574
Venezuela,VEN,2003,3535.3582
Venezuela,VEN,2004,3755.7644
Venezuela,VEN,2005,3912.8945
Venezuela,VEN,2006,4035.6748
Venezuela,VEN,2007,4111.1245
Venezuela,VEN,2008,4235.8057
Venezuela,VEN,2009,4191.531
Venezuela,VEN,2010,3932.239
Venezuela,VEN,2011,4024.9827
Venezuela,VEN,2012,4330.065
Venezuela,VEN,2013,4513.2095
Venezuela,VEN,2014,3779.986
Venezuela,VEN,2015,4139.142
Venezuela,VEN,2016,3764.9048
Venezuela,VEN,2017,3361.3245
Venezuela,VEN,2018,3310.9016
Venezuela,VEN,2019,2912.4238
Venezuela,VEN,2020,2807.614
Venezuela,VEN,2021,2936.8403
Venezuela,VEN,2022,2919.2202
Venezuela,VEN,2023,2542.6787
Venezuela,VEN,2024,2820.928
Vietnam,VNM,2000,344.2465
Vietnam,VNM,2001,392.59015
Vietnam,VNM,2002,454.47488
Vietnam,VNM,2003,514.43005
Vietnam,VNM,2004,575.06335
Vietnam,VNM,2005,646.949
Vietnam,VNM,2006,716.45984
Vietnam,VNM,2007,798.6046
Vietnam,VNM,2008,870.78735
Vietnam,VNM,2009,975.8267
Vietnam,VNM,2010,1101.8219
Vietnam,VNM,2011,1191.1609
Vietnam,VNM,2012,1302.7543
Vietnam,VNM,2013,1399.8638
Vietnam,VNM,2014,1556.3989
Vietnam,VNM,2015,1755.0559
Vietnam,VNM,2016,1920.2104
Vietnam,VNM,2017,2053.3325
Vietnam,VNM,2018,2273.5464
Vietnam,VNM,2019,2450.6611
Vietnam,VNM,2020,2503.1812
Vietnam,VNM,2021,2571.6858
Vietnam,VNM,2022,2682.8674
Vietnam,VNM,2023,2790.8708
Vietnam,VNM,2024,3041.7568
Vietnam,VNM,2025,3086.5603
Western Sahara,ESH,2000,294.17606
Western Sahara,ESH,2001,280.50784
Western Sahara,ESH,2002,301.5399
Western Sahara,ESH,2003,288.6549
Western Sahara,ESH,2004,276.75534
Western Sahara,ESH,2005,265.71875
Western Sahara,ESH,2006,255.20477
Western Sahara,ESH,2007,245.31584
Western Sahara,ESH,2008,236.32344
Western Sahara,ESH,2009,227.87177
World,OWID_WRL,2000,2475.6182
World,OWID_WRL,2001,2478.1755
World,OWID_WRL,2002,2532.4348
World,OWID_WRL,2003,2589.8867
World,OWID_WRL,2004,2677.8376
World,OWID_WRL,2005,2753.023
World,OWID_WRL,2006,2823.8215
World,OWID_WRL,2007,2917.428
World,OWID_WRL,2008,2937.0684
World,OWID_WRL,2009,2876.703
World,OWID_WRL,2010,3028.277
World,OWID_WRL,2011,3089.898
World,OWID_WRL,2012,3126.6528
World,OWID_WRL,2013,3175.4917
World,OWID_WRL,2014,3217.0557
World,OWID_WRL,2015,3212.9543
World,OWID_WRL,2016,3267.0942
World,OWID_WRL,2017,3327.532
World,OWID_WRL,2018,3423.6511
World,OWID_WRL,2019,3435.08
World,OWID_WRL,2020,3388.28
World,OWID_WRL,2021,3552.6123
World,OWID_WRL,2022,3605.0732
World,OWID_WRL,2023,3666.1284
World,OWID_WRL,2024,3789.5535
World,OWID_WRL,2025,3859.7964
Yemen,YEM,2000,173.7656
Yemen,YEM,2001,179.96509
Yemen,YEM,2002,180.94472
Yemen,YEM,2003,191.08536
Yemen,YEM,2004,197.32828
Yemen,YEM,2005,209.30157
Yemen,YEM,2006,228.94191
Yemen,YEM,2007,247.96356
Yemen,YEM,2008,260.8321
Yemen,YEM,2009,260.3391
Yemen,YEM,2010,290.04593
Yemen,YEM,2011,225.13948
Yemen,YEM,2012,248.64902
Yemen,YEM,2013,289.97418
Yemen,YEM,2014,253.42159
Yemen,YEM,2015,184.85608
Yemen,YEM,2016,149.80212
Yemen,YEM,2017,122.39006
Yemen,YEM,2018,102.39054
Yemen,YEM,2019,93.41691
Yemen,YEM,2020,81.36186
Yemen,YEM,2021,78.62094
Yemen,YEM,2022,79.2719
Yemen,YEM,2023,129.97958
Yemen,YEM,2024,129.36397
Zambia,ZMB,2000,634.88055
Zambia,ZMB,2001,665.3633
Zambia,ZMB,2002,692.1517
Zambia,ZMB,2003,711.0599
Zambia,ZMB,2004,730.27454
Zambia,ZMB,2005,742.3956
Zambia,ZMB,2006,756.00433
Zambia,ZMB,2007,756.06287
Zambia,ZMB,2008,744.93176
Zambia,ZMB,2009,690.12067
Zambia,ZMB,2010,708.16907
Zambia,ZMB,2011,802.06146
Zambia,ZMB,2012,774.4593
Zambia,ZMB,2013,798.10376
Zambia,ZMB,2014,835.466
Zambia,ZMB,2015,800.0443
Zambia,ZMB,2016,778.034
Zambia,ZMB,2017,817.02496
Zambia,ZMB,2018,846.2424
Zambia,ZMB,2019,756.73126
Zambia,ZMB,2020,735.5953
Zambia,ZMB,2021,795.2617
Zambia,ZMB,2022,815.26587
Zambia,ZMB,2023,776.39575
Zambia,ZMB,2024,778.79565
Zimbabwe,ZWE,2000,1015.80426
Zimbabwe,ZWE,2001,999.841
Zimbabwe,ZWE,2002,1041.558
Zimbabwe,ZWE,2003,978.5549
Zimbabwe,ZWE,2004,951.0023
Zimbabwe,ZWE,2005,988.51013
Zimbabwe,ZWE,2006,940.13806
Zimbabwe,ZWE,2007,822.39526
Zimbabwe,ZWE,2008,675.1984
Zimbabwe,ZWE,2009,652.0685
Zimbabwe,ZWE,2010,701.5284
Zimbabwe,ZWE,2011,718.6243
Zimbabwe,ZWE,2012,701.98865
Zimbabwe,ZWE,2013,718.57684
Zimbabwe,ZWE,2014,686.9675
Zimbabwe,ZWE,2015,659.0732
Zimbabwe,ZWE,2016,617.79565
Zimbabwe,ZWE,2017,659.5788
Zimbabwe,ZWE,2018,695.07
Zimbabwe,ZWE,2019,627.97217
Zimbabwe,ZWE,2020,559.6743
Zimbabwe,ZWE,2021,652.6465
Zimbabwe,ZWE,2022,675.21063
Zimbabwe,ZWE,2023,733.7449
Zimbabwe,ZWE,2024,727.4098